run,day,group,n_infectious,immune_ratio
0,1,friendship,1,0.05
0,4,friendship,5,0.05
0,5,friendship,8,0.05
0,6,friendship,15,0.05
0,7,friendship,23,0.05
0,8,friendship,21,0.05
0,9,friendship,24,0.05
0,10,friendship,26,0.05
0,11,friendship,28,0.05
0,12,friendship,20,0.05
0,13,friendship,13,0.05
0,14,friendship,7,0.05
0,15,friendship,2,0.05
0,16,friendship,1,0.05
0,17,friendship,1,0.05
0,18,friendship,1,0.05
0,20,friendship,1,0.05
1,1,friendship,1,0.05
1,3,friendship,2,0.05
1,4,friendship,7,0.05
1,5,friendship,6,0.05
1,6,friendship,11,0.05
1,7,friendship,16,0.05
1,8,friendship,20,0.05
1,9,friendship,39,0.05
1,10,friendship,26,0.05
1,11,friendship,23,0.05
1,12,friendship,16,0.05
1,13,friendship,10,0.05
1,14,friendship,15,0.05
1,15,friendship,4,0.05
1,16,friendship,2,0.05
2,3,friendship,3,0.05
2,4,friendship,6,0.05
2,5,friendship,10,0.05
2,6,friendship,10,0.05
2,7,friendship,17,0.05
2,8,friendship,10,0.05
2,9,friendship,28,0.05
2,10,friendship,24,0.05
2,11,friendship,34,0.05
2,12,friendship,24,0.05
2,13,friendship,15,0.05
2,14,friendship,9,0.05
2,15,friendship,3,0.05
2,16,friendship,1,0.05
2,17,friendship,2,0.05
3,3,friendship,1,0.05
3,4,friendship,2,0.05
4,3,friendship,2,0.05
4,4,friendship,1,0.05
4,5,friendship,6,0.05
4,6,friendship,11,0.05
4,7,friendship,18,0.05
4,8,friendship,28,0.05
4,9,friendship,24,0.05
4,10,friendship,15,0.05
4,11,friendship,18,0.05
4,12,friendship,17,0.05
4,13,friendship,16,0.05
4,14,friendship,12,0.05
4,15,friendship,9,0.05
4,16,friendship,7,0.05
4,17,friendship,2,0.05
4,18,friendship,3,0.05
4,20,friendship,1,0.05
5,1,friendship,1,0.05
5,3,friendship,4,0.05
5,4,friendship,7,0.05
5,5,friendship,8,0.05
5,6,friendship,11,0.05
5,7,friendship,25,0.05
5,8,friendship,24,0.05
5,9,friendship,32,0.05
5,10,friendship,28,0.05
5,11,friendship,19,0.05
5,12,friendship,10,0.05
5,13,friendship,12,0.05
5,14,friendship,1,0.05
5,15,friendship,1,0.05
5,17,friendship,2,0.05
6,2,friendship,1,0.05
6,3,friendship,10,0.05
6,4,friendship,9,0.05
6,5,friendship,18,0.05
6,6,friendship,40,0.05
6,7,friendship,34,0.05
6,8,friendship,33,0.05
6,9,friendship,28,0.05
6,10,friendship,21,0.05
6,11,friendship,5,0.05
6,12,friendship,1,0.05
6,13,friendship,1,0.05
7,2,friendship,2,0.05
7,3,friendship,2,0.05
7,4,friendship,9,0.05
7,5,friendship,12,0.05
7,6,friendship,17,0.05
7,7,friendship,25,0.05
7,8,friendship,22,0.05
7,9,friendship,22,0.05
7,10,friendship,20,0.05
7,11,friendship,19,0.05
7,12,friendship,15,0.05
7,13,friendship,9,0.05
7,14,friendship,6,0.05
7,15,friendship,3,0.05
7,16,friendship,1,0.05
8,1,friendship,1,0.05
8,2,friendship,1,0.05
8,3,friendship,2,0.05
8,4,friendship,3,0.05
8,5,friendship,10,0.05
8,6,friendship,9,0.05
8,7,friendship,22,0.05
8,8,friendship,29,0.05
8,9,friendship,29,0.05
8,10,friendship,24,0.05
8,11,friendship,33,0.05
8,12,friendship,16,0.05
8,13,friendship,13,0.05
8,14,friendship,4,0.05
8,15,friendship,2,0.05
9,1,friendship,1,0.05
9,2,friendship,3,0.05
9,3,friendship,5,0.05
9,4,friendship,6,0.05
9,5,friendship,15,0.05
9,6,friendship,23,0.05
9,7,friendship,22,0.05
9,8,friendship,30,0.05
9,9,friendship,34,0.05
9,10,friendship,26,0.05
9,11,friendship,21,0.05
9,12,friendship,13,0.05
9,13,friendship,2,0.05
10,1,friendship,1,0.05
10,2,friendship,2,0.05
10,3,friendship,7,0.05
10,4,friendship,28,0.05
10,5,friendship,24,0.05
10,6,friendship,23,0.05
10,7,friendship,24,0.05
10,8,friendship,12,0.05
10,9,friendship,15,0.05
10,10,friendship,21,0.05
10,11,friendship,18,0.05
10,12,friendship,5,0.05
10,13,friendship,7,0.05
10,14,friendship,2,0.05
10,15,friendship,3,0.05
10,16,friendship,2,0.05
10,17,friendship,2,0.05
10,18,friendship,1,0.05
11,2,friendship,2,0.05
11,3,friendship,2,0.05
11,4,friendship,5,0.05
11,5,friendship,8,0.05
11,6,friendship,9,0.05
11,7,friendship,11,0.05
11,8,friendship,17,0.05
11,9,friendship,17,0.05
11,10,friendship,17,0.05
11,11,friendship,18,0.05
11,12,friendship,24,0.05
11,13,friendship,26,0.05
11,14,friendship,17,0.05
11,15,friendship,11,0.05
11,16,friendship,5,0.05
11,17,friendship,5,0.05
11,18,friendship,1,0.05
12,2,friendship,1,0.05
12,3,friendship,1,0.05
12,4,friendship,8,0.05
12,5,friendship,8,0.05
12,6,friendship,18,0.05
12,7,friendship,24,0.05
12,8,friendship,22,0.05
12,9,friendship,24,0.05
12,10,friendship,23,0.05
12,11,friendship,19,0.05
12,12,friendship,11,0.05
12,13,friendship,9,0.05
12,14,friendship,4,0.05
12,15,friendship,3,0.05
12,16,friendship,4,0.05
12,17,friendship,2,0.05
12,18,friendship,1,0.05
12,19,friendship,3,0.05
12,21,friendship,1,0.05
13,2,friendship,3,0.05
13,3,friendship,11,0.05
13,4,friendship,14,0.05
13,5,friendship,14,0.05
13,6,friendship,28,0.05
13,7,friendship,30,0.05
13,8,friendship,32,0.05
13,9,friendship,22,0.05
13,10,friendship,20,0.05
13,11,friendship,12,0.05
13,12,friendship,2,0.05
13,13,friendship,4,0.05
13,14,friendship,1,0.05
13,15,friendship,1,0.05
14,1,friendship,1,0.05
14,2,friendship,2,0.05
14,3,friendship,3,0.05
14,4,friendship,9,0.05
14,5,friendship,5,0.05
14,6,friendship,14,0.05
14,7,friendship,10,0.05
14,8,friendship,15,0.05
14,9,friendship,19,0.05
14,10,friendship,26,0.05
14,11,friendship,31,0.05
14,12,friendship,20,0.05
14,13,friendship,14,0.05
14,14,friendship,4,0.05
14,15,friendship,8,0.05
14,16,friendship,3,0.05
14,17,friendship,2,0.05
14,19,friendship,1,0.05
15,2,friendship,1,0.05
15,3,friendship,2,0.05
15,4,friendship,7,0.05
15,5,friendship,13,0.05
15,6,friendship,20,0.05
15,7,friendship,17,0.05
15,8,friendship,18,0.05
15,9,friendship,34,0.05
15,10,friendship,29,0.05
15,11,friendship,24,0.05
15,12,friendship,19,0.05
15,13,friendship,6,0.05
15,14,friendship,7,0.05
15,15,friendship,7,0.05
16,1,friendship,2,0.05
16,2,friendship,8,0.05
16,3,friendship,16,0.05
16,4,friendship,24,0.05
16,5,friendship,24,0.05
16,6,friendship,31,0.05
16,7,friendship,25,0.05
16,8,friendship,32,0.05
16,9,friendship,15,0.05
16,10,friendship,11,0.05
16,11,friendship,3,0.05
16,12,friendship,1,0.05
17,1,friendship,2,0.05
17,2,friendship,2,0.05
17,3,friendship,8,0.05
17,4,friendship,14,0.05
17,5,friendship,23,0.05
17,6,friendship,16,0.05
17,7,friendship,21,0.05
17,8,friendship,16,0.05
17,9,friendship,17,0.05
17,10,friendship,17,0.05
17,11,friendship,12,0.05
17,12,friendship,16,0.05
17,13,friendship,12,0.05
17,14,friendship,6,0.05
17,15,friendship,7,0.05
17,16,friendship,6,0.05
17,17,friendship,4,0.05
17,18,friendship,2,0.05
17,19,friendship,1,0.05
17,20,friendship,1,0.05
18,2,friendship,1,0.05
18,4,friendship,3,0.05
18,5,friendship,9,0.05
18,6,friendship,12,0.05
18,7,friendship,16,0.05
18,8,friendship,24,0.05
18,9,friendship,21,0.05
18,10,friendship,40,0.05
18,11,friendship,27,0.05
18,12,friendship,23,0.05
18,13,friendship,13,0.05
18,14,friendship,5,0.05
18,15,friendship,1,0.05
18,16,friendship,2,0.05
18,18,friendship,2,0.05
19,2,friendship,1,0.05
19,3,friendship,4,0.05
19,4,friendship,3,0.05
19,5,friendship,4,0.05
19,6,friendship,7,0.05
19,7,friendship,9,0.05
19,8,friendship,22,0.05
19,9,friendship,23,0.05
19,10,friendship,24,0.05
19,11,friendship,28,0.05
19,12,friendship,17,0.05
19,13,friendship,23,0.05
19,14,friendship,10,0.05
19,15,friendship,8,0.05
19,16,friendship,6,0.05
19,17,friendship,5,0.05
19,18,friendship,1,0.05
19,20,friendship,1,0.05
20,2,friendship,1,0.05
20,3,friendship,9,0.05
20,4,friendship,5,0.05
20,5,friendship,20,0.05
20,6,friendship,20,0.05
20,7,friendship,16,0.05
20,8,friendship,18,0.05
20,9,friendship,29,0.05
20,10,friendship,26,0.05
20,11,friendship,19,0.05
20,12,friendship,9,0.05
20,13,friendship,5,0.05
20,14,friendship,4,0.05
20,15,friendship,4,0.05
20,16,friendship,3,0.05
20,17,friendship,1,0.05
20,18,friendship,1,0.05
21,2,friendship,3,0.05
21,3,friendship,6,0.05
21,4,friendship,6,0.05
21,5,friendship,13,0.05
21,6,friendship,19,0.05
21,7,friendship,24,0.05
21,8,friendship,31,0.05
21,9,friendship,30,0.05
21,10,friendship,25,0.05
21,11,friendship,18,0.05
21,12,friendship,8,0.05
21,13,friendship,6,0.05
22,1,friendship,1,0.05
22,2,friendship,3,0.05
22,3,friendship,4,0.05
22,4,friendship,5,0.05
22,5,friendship,10,0.05
22,6,friendship,6,0.05
22,7,friendship,9,0.05
22,8,friendship,9,0.05
22,9,friendship,12,0.05
22,10,friendship,24,0.05
22,11,friendship,18,0.05
22,12,friendship,20,0.05
22,13,friendship,29,0.05
22,14,friendship,12,0.05
22,15,friendship,7,0.05
22,16,friendship,2,0.05
22,17,friendship,3,0.05
22,18,friendship,2,0.05
22,19,friendship,1,0.05
22,20,friendship,1,0.05
23,2,friendship,3,0.05
23,3,friendship,11,0.05
23,4,friendship,7,0.05
23,5,friendship,19,0.05
23,6,friendship,29,0.05
23,7,friendship,30,0.05
23,8,friendship,39,0.05
23,9,friendship,32,0.05
23,10,friendship,12,0.05
23,11,friendship,12,0.05
23,12,friendship,6,0.05
23,13,friendship,3,0.05
23,14,friendship,2,0.05
24,2,friendship,2,0.05
24,4,friendship,2,0.05
24,5,friendship,5,0.05
24,6,friendship,8,0.05
24,7,friendship,13,0.05
24,8,friendship,17,0.05
24,9,friendship,17,0.05
24,10,friendship,21,0.05
24,11,friendship,36,0.05
24,12,friendship,22,0.05
24,13,friendship,18,0.05
24,14,friendship,13,0.05
24,15,friendship,7,0.05
24,16,friendship,2,0.05
24,17,friendship,2,0.05
24,18,friendship,2,0.05
24,20,friendship,1,0.05
25,1,friendship,2,0.05
25,2,friendship,2,0.05
25,3,friendship,6,0.05
25,4,friendship,7,0.05
25,5,friendship,8,0.05
25,6,friendship,11,0.05
25,7,friendship,16,0.05
25,8,friendship,21,0.05
25,9,friendship,34,0.05
25,10,friendship,24,0.05
25,11,friendship,27,0.05
25,12,friendship,18,0.05
25,13,friendship,12,0.05
25,14,friendship,6,0.05
25,15,friendship,5,0.05
25,16,friendship,2,0.05
26,2,friendship,6,0.05
26,3,friendship,5,0.05
26,4,friendship,22,0.05
26,5,friendship,21,0.05
26,6,friendship,30,0.05
26,7,friendship,31,0.05
26,8,friendship,19,0.05
26,9,friendship,22,0.05
26,10,friendship,15,0.05
26,11,friendship,12,0.05
26,12,friendship,6,0.05
26,13,friendship,2,0.05
26,14,friendship,1,0.05
27,2,friendship,1,0.05
27,3,friendship,2,0.05
27,4,friendship,8,0.05
27,5,friendship,13,0.05
27,6,friendship,20,0.05
27,7,friendship,17,0.05
27,8,friendship,24,0.05
27,9,friendship,31,0.05
27,10,friendship,19,0.05
27,11,friendship,24,0.05
27,12,friendship,14,0.05
27,13,friendship,11,0.05
27,14,friendship,7,0.05
27,15,friendship,4,0.05
27,16,friendship,4,0.05
27,17,friendship,2,0.05
28,2,friendship,1,0.05
28,3,friendship,1,0.05
28,4,friendship,5,0.05
28,5,friendship,5,0.05
28,6,friendship,15,0.05
28,7,friendship,20,0.05
28,8,friendship,23,0.05
28,9,friendship,34,0.05
28,10,friendship,18,0.05
28,11,friendship,32,0.05
28,12,friendship,23,0.05
28,13,friendship,12,0.05
28,14,friendship,4,0.05
28,15,friendship,1,0.05
29,2,friendship,4,0.05
29,3,friendship,8,0.05
29,4,friendship,19,0.05
29,5,friendship,18,0.05
29,6,friendship,25,0.05
29,7,friendship,33,0.05
29,8,friendship,15,0.05
29,9,friendship,15,0.05
29,10,friendship,19,0.05
29,11,friendship,15,0.05
29,12,friendship,6,0.05
29,13,friendship,1,0.05
29,14,friendship,2,0.05
29,17,friendship,1,0.05
30,1,friendship,1,0.05
30,2,friendship,2,0.05
30,3,friendship,7,0.05
30,4,friendship,4,0.05
30,5,friendship,13,0.05
30,6,friendship,20,0.05
30,7,friendship,39,0.05
30,8,friendship,31,0.05
30,9,friendship,25,0.05
30,10,friendship,15,0.05
30,11,friendship,19,0.05
30,12,friendship,7,0.05
30,13,friendship,3,0.05
30,14,friendship,1,0.05
31,2,friendship,1,0.05
31,3,friendship,3,0.05
31,4,friendship,4,0.05
31,5,friendship,6,0.05
31,6,friendship,11,0.05
31,7,friendship,21,0.05
31,8,friendship,24,0.05
31,9,friendship,20,0.05
31,10,friendship,16,0.05
31,11,friendship,18,0.05
31,12,friendship,17,0.05
31,13,friendship,16,0.05
31,14,friendship,15,0.05
31,15,friendship,4,0.05
31,16,friendship,7,0.05
31,17,friendship,2,0.05
31,18,friendship,2,0.05
31,19,friendship,2,0.05
31,22,friendship,1,0.05
32,1,friendship,1,0.05
32,3,friendship,5,0.05
32,4,friendship,9,0.05
32,5,friendship,16,0.05
32,6,friendship,25,0.05
32,7,friendship,22,0.05
32,8,friendship,19,0.05
32,9,friendship,22,0.05
32,10,friendship,18,0.05
32,11,friendship,12,0.05
32,12,friendship,14,0.05
32,13,friendship,9,0.05
32,14,friendship,10,0.05
32,15,friendship,7,0.05
32,16,friendship,4,0.05
32,17,friendship,1,0.05
32,18,friendship,1,0.05
32,19,friendship,1,0.05
33,2,friendship,1,0.05
33,3,friendship,3,0.05
33,4,friendship,4,0.05
33,5,friendship,7,0.05
33,6,friendship,15,0.05
33,7,friendship,16,0.05
33,8,friendship,26,0.05
33,9,friendship,22,0.05
33,10,friendship,16,0.05
33,11,friendship,17,0.05
33,12,friendship,15,0.05
33,13,friendship,16,0.05
33,14,friendship,12,0.05
33,15,friendship,8,0.05
33,16,friendship,6,0.05
33,18,friendship,1,0.05
34,3,friendship,1,0.05
34,4,friendship,3,0.05
34,5,friendship,4,0.05
34,6,friendship,13,0.05
34,7,friendship,12,0.05
34,8,friendship,33,0.05
34,9,friendship,29,0.05
34,10,friendship,32,0.05
34,11,friendship,33,0.05
34,12,friendship,9,0.05
34,13,friendship,8,0.05
34,14,friendship,5,0.05
34,15,friendship,4,0.05
34,16,friendship,1,0.05
34,18,friendship,1,0.05
34,19,friendship,1,0.05
34,20,friendship,2,0.05
35,2,friendship,7,0.05
35,3,friendship,10,0.05
35,4,friendship,9,0.05
35,5,friendship,8,0.05
35,6,friendship,13,0.05
35,7,friendship,10,0.05
35,8,friendship,27,0.05
35,9,friendship,28,0.05
35,10,friendship,21,0.05
35,11,friendship,23,0.05
35,12,friendship,14,0.05
35,13,friendship,4,0.05
35,14,friendship,3,0.05
35,15,friendship,3,0.05
35,17,friendship,1,0.05
36,1,friendship,2,0.05
36,2,friendship,4,0.05
36,3,friendship,7,0.05
36,4,friendship,9,0.05
36,5,friendship,21,0.05
36,6,friendship,31,0.05
36,7,friendship,38,0.05
36,8,friendship,30,0.05
36,9,friendship,15,0.05
36,10,friendship,13,0.05
36,11,friendship,7,0.05
36,12,friendship,7,0.05
36,13,friendship,3,0.05
36,14,friendship,3,0.05
36,15,friendship,1,0.05
36,16,friendship,2,0.05
37,1,friendship,1,0.05
37,2,friendship,2,0.05
37,3,friendship,3,0.05
37,4,friendship,3,0.05
37,5,friendship,16,0.05
37,6,friendship,21,0.05
37,7,friendship,21,0.05
37,8,friendship,30,0.05
37,9,friendship,28,0.05
37,10,friendship,22,0.05
37,11,friendship,20,0.05
37,12,friendship,12,0.05
37,13,friendship,10,0.05
37,14,friendship,4,0.05
37,15,friendship,2,0.05
37,16,friendship,2,0.05
38,2,friendship,1,0.05
38,3,friendship,5,0.05
38,4,friendship,6,0.05
38,5,friendship,6,0.05
38,6,friendship,20,0.05
38,7,friendship,24,0.05
38,8,friendship,19,0.05
38,9,friendship,13,0.05
38,10,friendship,14,0.05
38,11,friendship,12,0.05
38,12,friendship,17,0.05
38,13,friendship,8,0.05
38,14,friendship,15,0.05
38,15,friendship,12,0.05
38,16,friendship,8,0.05
38,17,friendship,1,0.05
38,18,friendship,2,0.05
38,19,friendship,3,0.05
38,20,friendship,1,0.05
39,1,friendship,1,0.05
39,2,friendship,3,0.05
39,3,friendship,6,0.05
39,4,friendship,10,0.05
39,5,friendship,33,0.05
39,6,friendship,26,0.05
39,7,friendship,25,0.05
39,8,friendship,30,0.05
39,9,friendship,23,0.05
39,10,friendship,16,0.05
39,11,friendship,8,0.05
39,12,friendship,2,0.05
40,1,friendship,1,0.05
40,2,friendship,2,0.05
40,3,friendship,3,0.05
40,4,friendship,14,0.05
40,5,friendship,19,0.05
40,6,friendship,27,0.05
40,7,friendship,28,0.05
40,8,friendship,26,0.05
40,9,friendship,25,0.05
40,10,friendship,16,0.05
40,11,friendship,14,0.05
40,12,friendship,11,0.05
40,13,friendship,6,0.05
40,14,friendship,5,0.05
40,15,friendship,2,0.05
40,16,friendship,2,0.05
41,4,friendship,2,0.05
41,5,friendship,1,0.05
41,6,friendship,4,0.05
41,7,friendship,9,0.05
41,8,friendship,12,0.05
41,9,friendship,15,0.05
41,10,friendship,18,0.05
41,11,friendship,25,0.05
41,12,friendship,28,0.05
41,13,friendship,23,0.05
41,14,friendship,24,0.05
41,15,friendship,13,0.05
41,16,friendship,8,0.05
41,17,friendship,4,0.05
41,18,friendship,4,0.05
41,19,friendship,2,0.05
41,20,friendship,3,0.05
41,21,friendship,2,0.05
42,2,friendship,2,0.05
42,3,friendship,4,0.05
42,4,friendship,14,0.05
42,5,friendship,19,0.05
42,6,friendship,20,0.05
42,7,friendship,28,0.05
42,8,friendship,36,0.05
42,9,friendship,24,0.05
42,10,friendship,17,0.05
42,11,friendship,12,0.05
42,12,friendship,12,0.05
42,13,friendship,3,0.05
42,14,friendship,6,0.05
42,15,friendship,2,0.05
42,16,friendship,1,0.05
43,1,friendship,1,0.05
43,2,friendship,3,0.05
43,3,friendship,6,0.05
43,4,friendship,9,0.05
43,5,friendship,10,0.05
43,6,friendship,17,0.05
43,7,friendship,33,0.05
43,8,friendship,28,0.05
43,9,friendship,21,0.05
43,10,friendship,27,0.05
43,11,friendship,9,0.05
43,12,friendship,6,0.05
43,13,friendship,5,0.05
43,14,friendship,3,0.05
43,15,friendship,1,0.05
43,16,friendship,1,0.05
43,17,friendship,1,0.05
44,1,friendship,1,0.05
44,2,friendship,3,0.05
44,3,friendship,6,0.05
44,4,friendship,11,0.05
44,5,friendship,14,0.05
44,6,friendship,25,0.05
44,7,friendship,29,0.05
44,8,friendship,32,0.05
44,9,friendship,29,0.05
44,10,friendship,26,0.05
44,11,friendship,7,0.05
44,12,friendship,5,0.05
44,13,friendship,3,0.05
44,14,friendship,1,0.05
45,1,friendship,1,0.05
45,2,friendship,2,0.05
45,3,friendship,5,0.05
45,4,friendship,10,0.05
45,5,friendship,18,0.05
45,6,friendship,19,0.05
45,7,friendship,25,0.05
45,8,friendship,23,0.05
45,9,friendship,14,0.05
45,10,friendship,21,0.05
45,11,friendship,20,0.05
45,12,friendship,11,0.05
45,13,friendship,7,0.05
45,14,friendship,5,0.05
45,15,friendship,1,0.05
45,17,friendship,1,0.05
46,1,friendship,2,0.05
46,2,friendship,4,0.05
46,3,friendship,11,0.05
46,4,friendship,17,0.05
46,5,friendship,18,0.05
46,6,friendship,18,0.05
46,7,friendship,32,0.05
46,8,friendship,25,0.05
46,9,friendship,24,0.05
46,10,friendship,21,0.05
46,11,friendship,11,0.05
46,12,friendship,4,0.05
46,13,friendship,2,0.05
46,14,friendship,1,0.05
46,15,friendship,1,0.05
47,3,friendship,2,0.05
47,4,friendship,3,0.05
47,5,friendship,6,0.05
47,6,friendship,10,0.05
47,7,friendship,17,0.05
47,8,friendship,31,0.05
47,9,friendship,31,0.05
47,10,friendship,39,0.05
47,11,friendship,18,0.05
47,12,friendship,17,0.05
47,13,friendship,9,0.05
47,14,friendship,2,0.05
47,15,friendship,1,0.05
48,3,friendship,3,0.05
48,4,friendship,2,0.05
48,5,friendship,1,0.05
49,1,friendship,4,0.05
49,2,friendship,7,0.05
49,3,friendship,9,0.05
49,4,friendship,24,0.05
49,5,friendship,28,0.05
49,6,friendship,18,0.05
49,7,friendship,19,0.05
49,8,friendship,27,0.05
49,9,friendship,20,0.05
49,10,friendship,10,0.05
49,11,friendship,7,0.05
49,12,friendship,7,0.05
49,13,friendship,7,0.05
49,14,friendship,3,0.05
49,15,friendship,2,0.05
49,16,friendship,1,0.05
49,17,friendship,1,0.05
49,19,friendship,1,0.05
49,20,friendship,1,0.05
50,2,friendship,1,0.05
50,3,friendship,3,0.05
50,4,friendship,6,0.05
50,5,friendship,8,0.05
50,6,friendship,11,0.05
50,7,friendship,18,0.05
50,8,friendship,33,0.05
50,9,friendship,25,0.05
50,10,friendship,22,0.05
50,11,friendship,25,0.05
50,12,friendship,14,0.05
50,13,friendship,9,0.05
50,14,friendship,7,0.05
50,15,friendship,3,0.05
50,16,friendship,1,0.05
50,17,friendship,1,0.05
50,19,friendship,1,0.05
50,20,friendship,1,0.05
51,3,friendship,1,0.05
51,4,friendship,1,0.05
51,5,friendship,2,0.05
51,6,friendship,18,0.05
51,7,friendship,11,0.05
51,8,friendship,13,0.05
51,9,friendship,22,0.05
51,10,friendship,16,0.05
51,11,friendship,16,0.05
51,12,friendship,12,0.05
51,13,friendship,13,0.05
51,14,friendship,9,0.05
51,15,friendship,14,0.05
51,16,friendship,11,0.05
51,17,friendship,8,0.05
51,18,friendship,7,0.05
51,19,friendship,7,0.05
51,20,friendship,6,0.05
51,21,friendship,1,0.05
51,22,friendship,3,0.05
52,2,friendship,1,0.05
52,3,friendship,3,0.05
52,4,friendship,4,0.05
52,5,friendship,17,0.05
52,6,friendship,12,0.05
52,7,friendship,16,0.05
52,8,friendship,20,0.05
52,9,friendship,23,0.05
52,10,friendship,19,0.05
52,11,friendship,22,0.05
52,12,friendship,9,0.05
52,13,friendship,9,0.05
52,14,friendship,6,0.05
52,15,friendship,3,0.05
52,16,friendship,1,0.05
52,17,friendship,2,0.05
52,18,friendship,1,0.05
53,1,friendship,1,0.05
53,3,friendship,2,0.05
53,4,friendship,5,0.05
53,5,friendship,2,0.05
53,6,friendship,5,0.05
53,7,friendship,5,0.05
53,8,friendship,14,0.05
53,9,friendship,14,0.05
53,10,friendship,17,0.05
53,11,friendship,17,0.05
53,12,friendship,27,0.05
53,13,friendship,26,0.05
53,14,friendship,26,0.05
53,15,friendship,12,0.05
53,16,friendship,7,0.05
53,17,friendship,2,0.05
53,18,friendship,3,0.05
54,2,friendship,1,0.05
54,3,friendship,2,0.05
54,4,friendship,2,0.05
54,5,friendship,7,0.05
54,6,friendship,5,0.05
54,7,friendship,11,0.05
54,8,friendship,7,0.05
54,9,friendship,11,0.05
54,10,friendship,18,0.05
54,11,friendship,15,0.05
54,12,friendship,24,0.05
54,13,friendship,23,0.05
54,14,friendship,22,0.05
54,15,friendship,16,0.05
54,16,friendship,6,0.05
54,17,friendship,4,0.05
54,18,friendship,3,0.05
54,19,friendship,1,0.05
54,20,friendship,1,0.05
54,21,friendship,1,0.05
55,2,friendship,3,0.05
55,3,friendship,8,0.05
55,4,friendship,14,0.05
55,5,friendship,8,0.05
55,6,friendship,15,0.05
55,7,friendship,11,0.05
55,8,friendship,10,0.05
55,9,friendship,19,0.05
55,10,friendship,23,0.05
55,11,friendship,20,0.05
55,12,friendship,33,0.05
55,13,friendship,12,0.05
55,14,friendship,9,0.05
55,15,friendship,8,0.05
55,16,friendship,2,0.05
55,17,friendship,2,0.05
55,18,friendship,1,0.05
56,1,friendship,2,0.05
56,2,friendship,4,0.05
56,3,friendship,10,0.05
56,4,friendship,12,0.05
56,5,friendship,21,0.05
56,6,friendship,33,0.05
56,7,friendship,28,0.05
56,8,friendship,23,0.05
56,9,friendship,19,0.05
56,10,friendship,14,0.05
56,11,friendship,8,0.05
56,12,friendship,6,0.05
56,13,friendship,5,0.05
56,16,friendship,1,0.05
57,1,friendship,1,0.05
57,2,friendship,5,0.05
57,3,friendship,6,0.05
57,4,friendship,12,0.05
57,5,friendship,14,0.05
57,6,friendship,23,0.05
57,7,friendship,12,0.05
57,8,friendship,23,0.05
57,9,friendship,25,0.05
57,10,friendship,17,0.05
57,11,friendship,19,0.05
57,12,friendship,11,0.05
57,13,friendship,8,0.05
57,14,friendship,5,0.05
57,15,friendship,5,0.05
57,16,friendship,2,0.05
57,17,friendship,2,0.05
57,18,friendship,2,0.05
58,2,friendship,3,0.05
58,3,friendship,5,0.05
58,4,friendship,6,0.05
58,5,friendship,6,0.05
58,6,friendship,22,0.05
58,7,friendship,23,0.05
58,8,friendship,39,0.05
58,9,friendship,32,0.05
58,10,friendship,22,0.05
58,11,friendship,16,0.05
58,12,friendship,14,0.05
58,13,friendship,5,0.05
58,14,friendship,1,0.05
58,15,friendship,1,0.05
59,3,friendship,1,0.05
60,2,friendship,1,0.05
60,3,friendship,2,0.05
60,4,friendship,5,0.05
60,5,friendship,10,0.05
60,6,friendship,15,0.05
60,7,friendship,14,0.05
60,8,friendship,15,0.05
60,9,friendship,19,0.05
60,10,friendship,36,0.05
60,11,friendship,18,0.05
60,12,friendship,19,0.05
60,13,friendship,18,0.05
60,14,friendship,12,0.05
60,15,friendship,4,0.05
60,16,friendship,1,0.05
60,17,friendship,1,0.05
61,3,friendship,3,0.05
61,4,friendship,12,0.05
61,5,friendship,11,0.05
61,6,friendship,12,0.05
61,7,friendship,22,0.05
61,8,friendship,28,0.05
61,9,friendship,26,0.05
61,10,friendship,29,0.05
61,11,friendship,17,0.05
61,12,friendship,22,0.05
61,13,friendship,7,0.05
61,14,friendship,3,0.05
61,15,friendship,1,0.05
61,17,friendship,3,0.05
61,18,friendship,1,0.05
62,1,friendship,1,0.05
62,2,friendship,1,0.05
62,3,friendship,5,0.05
62,4,friendship,9,0.05
62,5,friendship,14,0.05
62,6,friendship,19,0.05
62,7,friendship,24,0.05
62,8,friendship,29,0.05
62,9,friendship,20,0.05
62,10,friendship,27,0.05
62,11,friendship,23,0.05
62,12,friendship,13,0.05
62,13,friendship,7,0.05
62,14,friendship,5,0.05
62,15,friendship,2,0.05
63,1,friendship,1,0.05
63,2,friendship,4,0.05
63,3,friendship,2,0.05
63,4,friendship,11,0.05
63,5,friendship,19,0.05
63,6,friendship,29,0.05
63,7,friendship,34,0.05
63,8,friendship,29,0.05
63,9,friendship,29,0.05
63,10,friendship,18,0.05
63,11,friendship,11,0.05
63,12,friendship,6,0.05
63,13,friendship,4,0.05
64,2,friendship,1,0.05
64,3,friendship,7,0.05
64,4,friendship,4,0.05
64,5,friendship,4,0.05
64,6,friendship,16,0.05
64,7,friendship,22,0.05
64,8,friendship,17,0.05
64,9,friendship,22,0.05
64,10,friendship,24,0.05
64,11,friendship,19,0.05
64,12,friendship,14,0.05
64,13,friendship,19,0.05
64,14,friendship,13,0.05
64,15,friendship,11,0.05
64,16,friendship,7,0.05
64,17,friendship,4,0.05
64,18,friendship,1,0.05
65,1,friendship,1,0.05
65,2,friendship,1,0.05
65,3,friendship,3,0.05
65,4,friendship,3,0.05
65,5,friendship,10,0.05
65,6,friendship,9,0.05
65,7,friendship,10,0.05
65,8,friendship,20,0.05
65,9,friendship,15,0.05
65,10,friendship,20,0.05
65,11,friendship,15,0.05
65,12,friendship,15,0.05
65,13,friendship,24,0.05
65,14,friendship,13,0.05
65,15,friendship,20,0.05
65,16,friendship,4,0.05
65,17,friendship,4,0.05
65,18,friendship,2,0.05
65,19,friendship,2,0.05
65,20,friendship,3,0.05
65,21,friendship,2,0.05
66,1,friendship,1,0.05
66,2,friendship,1,0.05
66,3,friendship,3,0.05
66,4,friendship,4,0.05
66,5,friendship,4,0.05
66,6,friendship,6,0.05
66,7,friendship,4,0.05
66,8,friendship,8,0.05
66,9,friendship,6,0.05
66,10,friendship,6,0.05
66,11,friendship,10,0.05
66,12,friendship,23,0.05
66,13,friendship,29,0.05
66,14,friendship,32,0.05
66,15,friendship,17,0.05
66,16,friendship,19,0.05
66,17,friendship,11,0.05
66,18,friendship,5,0.05
66,20,friendship,1,0.05
67,3,friendship,2,0.05
67,4,friendship,1,0.05
67,5,friendship,2,0.05
67,6,friendship,7,0.05
67,7,friendship,6,0.05
67,8,friendship,16,0.05
67,9,friendship,14,0.05
67,10,friendship,17,0.05
67,11,friendship,9,0.05
67,12,friendship,14,0.05
67,13,friendship,15,0.05
67,14,friendship,10,0.05
67,15,friendship,15,0.05
67,16,friendship,13,0.05
67,17,friendship,5,0.05
67,18,friendship,11,0.05
67,19,friendship,7,0.05
67,20,friendship,8,0.05
67,21,friendship,6,0.05
67,22,friendship,1,0.05
68,2,friendship,1,0.05
68,3,friendship,3,0.05
68,4,friendship,5,0.05
68,5,friendship,8,0.05
68,6,friendship,5,0.05
68,7,friendship,24,0.05
68,8,friendship,22,0.05
68,9,friendship,32,0.05
68,10,friendship,28,0.05
68,11,friendship,25,0.05
68,12,friendship,14,0.05
68,13,friendship,11,0.05
68,14,friendship,9,0.05
68,15,friendship,2,0.05
68,16,friendship,1,0.05
68,17,friendship,1,0.05
69,1,friendship,3,0.05
69,2,friendship,5,0.05
69,3,friendship,8,0.05
69,4,friendship,12,0.05
69,5,friendship,13,0.05
69,6,friendship,26,0.05
69,7,friendship,28,0.05
69,8,friendship,34,0.05
69,9,friendship,24,0.05
69,10,friendship,15,0.05
69,11,friendship,11,0.05
69,12,friendship,11,0.05
69,13,friendship,5,0.05
69,14,friendship,2,0.05
69,15,friendship,1,0.05
69,16,friendship,2,0.05
69,17,friendship,1,0.05
70,4,friendship,4,0.05
70,5,friendship,8,0.05
70,6,friendship,15,0.05
70,7,friendship,23,0.05
70,8,friendship,27,0.05
70,9,friendship,28,0.05
70,10,friendship,23,0.05
70,11,friendship,24,0.05
70,12,friendship,17,0.05
70,13,friendship,7,0.05
70,14,friendship,7,0.05
70,15,friendship,4,0.05
70,16,friendship,1,0.05
70,17,friendship,2,0.05
71,3,friendship,4,0.05
71,4,friendship,1,0.05
71,5,friendship,4,0.05
71,6,friendship,10,0.05
71,7,friendship,11,0.05
71,8,friendship,25,0.05
71,9,friendship,26,0.05
71,10,friendship,43,0.05
71,11,friendship,25,0.05
71,12,friendship,20,0.05
71,13,friendship,12,0.05
71,14,friendship,6,0.05
71,15,friendship,4,0.05
71,16,friendship,4,0.05
71,17,friendship,4,0.05
71,18,friendship,1,0.05
71,20,friendship,2,0.05
72,1,friendship,1,0.05
72,2,friendship,4,0.05
72,3,friendship,12,0.05
72,4,friendship,18,0.05
72,5,friendship,17,0.05
72,6,friendship,20,0.05
72,7,friendship,19,0.05
72,8,friendship,13,0.05
72,9,friendship,13,0.05
72,10,friendship,20,0.05
72,11,friendship,16,0.05
72,12,friendship,28,0.05
72,13,friendship,7,0.05
72,14,friendship,6,0.05
72,15,friendship,1,0.05
72,16,friendship,2,0.05
72,18,friendship,1,0.05
73,2,friendship,5,0.05
73,3,friendship,2,0.05
73,4,friendship,16,0.05
73,5,friendship,7,0.05
73,6,friendship,21,0.05
73,7,friendship,30,0.05
73,8,friendship,24,0.05
73,9,friendship,21,0.05
73,10,friendship,23,0.05
73,11,friendship,19,0.05
73,12,friendship,18,0.05
73,13,friendship,6,0.05
73,14,friendship,4,0.05
73,15,friendship,1,0.05
73,16,friendship,1,0.05
74,4,friendship,2,0.05
74,5,friendship,1,0.05
74,6,friendship,1,0.05
74,7,friendship,3,0.05
74,8,friendship,6,0.05
74,9,friendship,8,0.05
74,10,friendship,12,0.05
74,11,friendship,17,0.05
74,12,friendship,17,0.05
74,13,friendship,22,0.05
74,14,friendship,23,0.05
74,15,friendship,29,0.05
74,16,friendship,23,0.05
74,17,friendship,14,0.05
74,18,friendship,11,0.05
74,19,friendship,2,0.05
74,20,friendship,1,0.05
75,3,friendship,1,0.05
75,4,friendship,4,0.05
75,5,friendship,3,0.05
75,6,friendship,6,0.05
75,7,friendship,14,0.05
75,8,friendship,20,0.05
75,9,friendship,17,0.05
75,10,friendship,13,0.05
75,11,friendship,7,0.05
75,12,friendship,11,0.05
75,13,friendship,7,0.05
75,14,friendship,16,0.05
75,15,friendship,14,0.05
75,16,friendship,14,0.05
75,17,friendship,17,0.05
75,18,friendship,11,0.05
75,19,friendship,7,0.05
75,20,friendship,7,0.05
75,21,friendship,1,0.05
75,22,friendship,1,0.05
76,1,friendship,1,0.05
76,2,friendship,3,0.05
76,3,friendship,5,0.05
76,4,friendship,8,0.05
76,5,friendship,11,0.05
76,6,friendship,22,0.05
76,7,friendship,20,0.05
76,8,friendship,23,0.05
76,9,friendship,27,0.05
76,10,friendship,19,0.05
76,11,friendship,19,0.05
76,12,friendship,16,0.05
76,13,friendship,11,0.05
76,14,friendship,4,0.05
76,15,friendship,4,0.05
76,17,friendship,4,0.05
77,1,friendship,1,0.05
77,3,friendship,1,0.05
77,4,friendship,4,0.05
77,5,friendship,2,0.05
77,6,friendship,3,0.05
77,7,friendship,3,0.05
77,8,friendship,5,0.05
77,9,friendship,4,0.05
77,10,friendship,16,0.05
77,11,friendship,23,0.05
77,12,friendship,27,0.05
77,13,friendship,25,0.05
77,14,friendship,36,0.05
77,15,friendship,16,0.05
77,16,friendship,14,0.05
77,17,friendship,9,0.05
77,18,friendship,3,0.05
77,19,friendship,4,0.05
78,2,friendship,3,0.05
78,3,friendship,5,0.05
78,4,friendship,3,0.05
78,5,friendship,15,0.05
78,6,friendship,26,0.05
78,7,friendship,16,0.05
78,8,friendship,27,0.05
78,9,friendship,27,0.05
78,10,friendship,26,0.05
78,11,friendship,23,0.05
78,12,friendship,10,0.05
78,13,friendship,8,0.05
78,14,friendship,5,0.05
78,15,friendship,4,0.05
78,16,friendship,1,0.05
78,17,friendship,2,0.05
79,1,friendship,2,0.05
79,2,friendship,3,0.05
79,3,friendship,11,0.05
79,4,friendship,18,0.05
79,5,friendship,21,0.05
79,6,friendship,29,0.05
79,7,friendship,34,0.05
79,8,friendship,26,0.05
79,9,friendship,25,0.05
79,10,friendship,28,0.05
79,11,friendship,9,0.05
79,12,friendship,5,0.05
80,2,friendship,2,0.05
80,3,friendship,1,0.05
80,4,friendship,3,0.05
80,5,friendship,5,0.05
80,6,friendship,11,0.05
80,7,friendship,15,0.05
80,8,friendship,11,0.05
80,9,friendship,27,0.05
80,10,friendship,20,0.05
80,11,friendship,32,0.05
80,12,friendship,21,0.05
80,13,friendship,18,0.05
80,14,friendship,12,0.05
80,15,friendship,5,0.05
80,16,friendship,3,0.05
80,17,friendship,6,0.05
80,18,friendship,2,0.05
80,19,friendship,1,0.05
80,20,friendship,1,0.05
81,3,friendship,3,0.05
81,4,friendship,2,0.05
81,5,friendship,1,0.05
81,6,friendship,2,0.05
81,7,friendship,5,0.05
81,8,friendship,4,0.05
81,9,friendship,15,0.05
81,10,friendship,17,0.05
81,11,friendship,20,0.05
81,12,friendship,13,0.05
81,13,friendship,22,0.05
81,14,friendship,18,0.05
81,15,friendship,16,0.05
81,16,friendship,10,0.05
81,17,friendship,23,0.05
81,18,friendship,11,0.05
81,19,friendship,7,0.05
81,20,friendship,2,0.05
82,2,friendship,5,0.05
82,3,friendship,5,0.05
82,4,friendship,12,0.05
82,5,friendship,17,0.05
82,6,friendship,32,0.05
82,7,friendship,21,0.05
82,8,friendship,27,0.05
82,9,friendship,13,0.05
82,10,friendship,18,0.05
82,11,friendship,12,0.05
82,12,friendship,10,0.05
82,13,friendship,6,0.05
82,14,friendship,2,0.05
82,15,friendship,3,0.05
82,17,friendship,1,0.05
83,2,friendship,2,0.05
83,3,friendship,3,0.05
83,4,friendship,6,0.05
83,5,friendship,12,0.05
83,6,friendship,22,0.05
83,7,friendship,14,0.05
83,8,friendship,25,0.05
83,9,friendship,14,0.05
83,10,friendship,10,0.05
83,11,friendship,13,0.05
83,12,friendship,12,0.05
83,13,friendship,17,0.05
83,14,friendship,16,0.05
83,15,friendship,13,0.05
83,16,friendship,13,0.05
83,17,friendship,3,0.05
83,18,friendship,1,0.05
83,19,friendship,2,0.05
83,20,friendship,1,0.05
84,2,friendship,1,0.05
84,3,friendship,5,0.05
84,4,friendship,4,0.05
84,5,friendship,11,0.05
84,6,friendship,13,0.05
84,7,friendship,11,0.05
84,8,friendship,25,0.05
84,9,friendship,19,0.05
84,10,friendship,18,0.05
84,11,friendship,12,0.05
84,12,friendship,15,0.05
84,13,friendship,18,0.05
84,14,friendship,18,0.05
84,15,friendship,11,0.05
84,16,friendship,8,0.05
84,17,friendship,5,0.05
84,18,friendship,3,0.05
84,19,friendship,2,0.05
85,1,friendship,2,0.05
85,2,friendship,5,0.05
85,3,friendship,9,0.05
85,4,friendship,15,0.05
85,5,friendship,18,0.05
85,6,friendship,28,0.05
85,7,friendship,22,0.05
85,8,friendship,20,0.05
85,9,friendship,20,0.05
85,10,friendship,19,0.05
85,11,friendship,15,0.05
85,12,friendship,11,0.05
85,13,friendship,3,0.05
85,15,friendship,1,0.05
86,1,friendship,2,0.05
86,2,friendship,2,0.05
86,3,friendship,5,0.05
86,4,friendship,12,0.05
86,5,friendship,21,0.05
86,6,friendship,17,0.05
86,7,friendship,27,0.05
86,8,friendship,36,0.05
86,9,friendship,23,0.05
86,10,friendship,22,0.05
86,11,friendship,17,0.05
86,12,friendship,4,0.05
86,13,friendship,3,0.05
86,14,friendship,1,0.05
86,15,friendship,2,0.05
86,16,friendship,2,0.05
86,17,friendship,1,0.05
86,18,friendship,1,0.05
87,1,friendship,1,0.05
87,2,friendship,2,0.05
87,3,friendship,2,0.05
87,4,friendship,10,0.05
87,5,friendship,10,0.05
87,6,friendship,17,0.05
87,7,friendship,19,0.05
87,8,friendship,27,0.05
87,9,friendship,33,0.05
87,10,friendship,29,0.05
87,11,friendship,18,0.05
87,12,friendship,11,0.05
87,13,friendship,3,0.05
87,14,friendship,2,0.05
88,1,friendship,2,0.05
88,2,friendship,3,0.05
88,3,friendship,4,0.05
88,4,friendship,13,0.05
88,5,friendship,18,0.05
88,6,friendship,27,0.05
88,7,friendship,38,0.05
88,8,friendship,30,0.05
88,9,friendship,26,0.05
88,10,friendship,8,0.05
88,11,friendship,10,0.05
88,12,friendship,4,0.05
88,13,friendship,5,0.05
88,14,friendship,2,0.05
88,15,friendship,4,0.05
88,16,friendship,2,0.05
89,2,friendship,1,0.05
89,3,friendship,6,0.05
89,4,friendship,6,0.05
89,5,friendship,17,0.05
89,6,friendship,20,0.05
89,7,friendship,30,0.05
89,8,friendship,19,0.05
89,9,friendship,30,0.05
89,10,friendship,14,0.05
89,11,friendship,15,0.05
89,12,friendship,13,0.05
89,13,friendship,11,0.05
89,14,friendship,5,0.05
89,15,friendship,3,0.05
89,16,friendship,1,0.05
89,17,friendship,1,0.05
89,18,friendship,1,0.05
89,19,friendship,1,0.05
90,1,friendship,1,0.05
90,2,friendship,5,0.05
90,3,friendship,10,0.05
90,4,friendship,17,0.05
90,5,friendship,14,0.05
90,6,friendship,18,0.05
90,7,friendship,21,0.05
90,8,friendship,27,0.05
90,9,friendship,22,0.05
90,10,friendship,23,0.05
90,11,friendship,14,0.05
90,12,friendship,11,0.05
90,13,friendship,6,0.05
90,14,friendship,4,0.05
90,15,friendship,4,0.05
90,16,friendship,1,0.05
90,17,friendship,3,0.05
90,19,friendship,1,0.05
91,1,friendship,1,0.05
91,2,friendship,1,0.05
91,3,friendship,9,0.05
91,4,friendship,7,0.05
91,5,friendship,15,0.05
91,6,friendship,22,0.05
91,7,friendship,26,0.05
91,8,friendship,28,0.05
91,9,friendship,28,0.05
91,10,friendship,32,0.05
91,11,friendship,14,0.05
91,12,friendship,3,0.05
91,13,friendship,1,0.05
91,14,friendship,5,0.05
91,15,friendship,1,0.05
91,17,friendship,1,0.05
92,1,friendship,2,0.05
92,2,friendship,4,0.05
92,3,friendship,3,0.05
92,4,friendship,16,0.05
92,5,friendship,23,0.05
92,6,friendship,33,0.05
92,7,friendship,35,0.05
92,8,friendship,24,0.05
92,9,friendship,24,0.05
92,10,friendship,12,0.05
92,11,friendship,8,0.05
92,12,friendship,5,0.05
92,13,friendship,3,0.05
92,14,friendship,1,0.05
92,16,friendship,1,0.05
93,1,friendship,1,0.05
93,2,friendship,2,0.05
93,3,friendship,7,0.05
93,4,friendship,7,0.05
93,5,friendship,8,0.05
93,6,friendship,13,0.05
93,7,friendship,29,0.05
93,8,friendship,19,0.05
93,9,friendship,18,0.05
93,10,friendship,29,0.05
93,11,friendship,20,0.05
93,12,friendship,12,0.05
93,13,friendship,14,0.05
93,14,friendship,13,0.05
93,15,friendship,5,0.05
93,16,friendship,5,0.05
93,17,friendship,2,0.05
93,18,friendship,1,0.05
93,19,friendship,1,0.05
94,3,friendship,1,0.05
95,1,friendship,1,0.05
95,3,friendship,1,0.05
95,4,friendship,3,0.05
95,5,friendship,5,0.05
95,6,friendship,6,0.05
95,7,friendship,16,0.05
95,8,friendship,27,0.05
95,9,friendship,41,0.05
95,10,friendship,41,0.05
95,11,friendship,24,0.05
95,12,friendship,20,0.05
95,13,friendship,8,0.05
95,14,friendship,2,0.05
95,15,friendship,3,0.05
95,17,friendship,1,0.05
96,2,friendship,3,0.05
96,3,friendship,10,0.05
96,4,friendship,10,0.05
96,5,friendship,16,0.05
96,6,friendship,30,0.05
96,7,friendship,28,0.05
96,8,friendship,38,0.05
96,9,friendship,22,0.05
96,10,friendship,15,0.05
96,11,friendship,10,0.05
96,12,friendship,6,0.05
96,13,friendship,1,0.05
96,15,friendship,1,0.05
97,1,friendship,2,0.05
97,2,friendship,4,0.05
97,3,friendship,5,0.05
97,4,friendship,15,0.05
97,5,friendship,19,0.05
97,6,friendship,26,0.05
97,7,friendship,33,0.05
97,8,friendship,23,0.05
97,9,friendship,26,0.05
97,10,friendship,13,0.05
97,11,friendship,12,0.05
97,12,friendship,5,0.05
97,13,friendship,1,0.05
97,14,friendship,1,0.05
97,15,friendship,1,0.05
98,3,friendship,2,0.05
98,4,friendship,5,0.05
98,5,friendship,8,0.05
98,6,friendship,15,0.05
98,7,friendship,22,0.05
98,8,friendship,28,0.05
98,9,friendship,33,0.05
98,10,friendship,28,0.05
98,11,friendship,18,0.05
98,12,friendship,21,0.05
98,13,friendship,9,0.05
98,14,friendship,1,0.05
98,15,friendship,3,0.05
98,16,friendship,1,0.05
99,2,friendship,1,0.05
99,3,friendship,1,0.05
99,4,friendship,2,0.05
99,5,friendship,5,0.05
99,6,friendship,3,0.05
99,7,friendship,3,0.05
99,8,friendship,8,0.05
99,9,friendship,8,0.05
99,10,friendship,12,0.05
99,11,friendship,23,0.05
99,12,friendship,12,0.05
99,13,friendship,21,0.05
99,14,friendship,30,0.05
99,15,friendship,23,0.05
99,16,friendship,15,0.05
99,17,friendship,14,0.05
99,18,friendship,10,0.05
99,19,friendship,1,0.05
99,20,friendship,2,0.05
100,1,friendship,1,0.05
100,3,friendship,3,0.05
100,4,friendship,13,0.05
100,5,friendship,3,0.05
100,6,friendship,8,0.05
100,7,friendship,7,0.05
100,8,friendship,13,0.05
100,9,friendship,29,0.05
100,10,friendship,21,0.05
100,11,friendship,32,0.05
100,12,friendship,29,0.05
100,13,friendship,16,0.05
100,14,friendship,9,0.05
100,15,friendship,4,0.05
100,16,friendship,1,0.05
100,17,friendship,1,0.05
101,1,friendship,1,0.05
101,2,friendship,6,0.05
101,3,friendship,9,0.05
101,4,friendship,20,0.05
101,5,friendship,28,0.05
101,6,friendship,30,0.05
101,7,friendship,24,0.05
101,8,friendship,31,0.05
101,9,friendship,11,0.05
101,10,friendship,14,0.05
101,11,friendship,7,0.05
101,12,friendship,1,0.05
101,13,friendship,2,0.05
102,1,friendship,1,0.05
102,2,friendship,6,0.05
102,3,friendship,10,0.05
102,4,friendship,11,0.05
102,5,friendship,14,0.05
102,6,friendship,12,0.05
102,7,friendship,10,0.05
102,8,friendship,22,0.05
102,9,friendship,16,0.05
102,10,friendship,23,0.05
102,11,friendship,25,0.05
102,12,friendship,15,0.05
102,13,friendship,10,0.05
102,14,friendship,7,0.05
102,15,friendship,1,0.05
103,1,friendship,1,0.05
103,2,friendship,6,0.05
103,3,friendship,6,0.05
103,4,friendship,19,0.05
103,5,friendship,16,0.05
103,6,friendship,12,0.05
103,7,friendship,28,0.05
103,8,friendship,15,0.05
103,9,friendship,20,0.05
103,10,friendship,13,0.05
103,11,friendship,16,0.05
103,12,friendship,13,0.05
103,13,friendship,11,0.05
103,14,friendship,14,0.05
103,15,friendship,5,0.05
103,16,friendship,2,0.05
104,2,friendship,2,0.05
104,3,friendship,7,0.05
104,4,friendship,5,0.05
104,5,friendship,17,0.05
104,6,friendship,26,0.05
104,7,friendship,21,0.05
104,8,friendship,32,0.05
104,9,friendship,25,0.05
104,10,friendship,18,0.05
104,11,friendship,14,0.05
104,12,friendship,9,0.05
104,13,friendship,5,0.05
104,14,friendship,2,0.05
104,15,friendship,2,0.05
104,16,friendship,2,0.05
105,2,friendship,3,0.05
105,3,friendship,7,0.05
105,4,friendship,10,0.05
105,5,friendship,10,0.05
105,6,friendship,21,0.05
105,7,friendship,22,0.05
105,8,friendship,35,0.05
105,9,friendship,23,0.05
105,10,friendship,18,0.05
105,11,friendship,18,0.05
105,12,friendship,9,0.05
105,13,friendship,11,0.05
105,14,friendship,2,0.05
105,15,friendship,2,0.05
105,16,friendship,3,0.05
105,17,friendship,1,0.05
106,3,friendship,1,0.05
106,4,friendship,3,0.05
106,5,friendship,4,0.05
106,6,friendship,9,0.05
106,7,friendship,21,0.05
106,8,friendship,30,0.05
106,9,friendship,27,0.05
106,10,friendship,35,0.05
106,11,friendship,37,0.05
106,12,friendship,18,0.05
106,13,friendship,10,0.05
106,14,friendship,2,0.05
106,16,friendship,1,0.05
106,17,friendship,1,0.05
107,2,friendship,1,0.05
107,3,friendship,3,0.05
107,4,friendship,8,0.05
107,5,friendship,15,0.05
107,6,friendship,23,0.05
107,7,friendship,20,0.05
107,8,friendship,21,0.05
107,9,friendship,23,0.05
107,10,friendship,30,0.05
107,11,friendship,23,0.05
107,12,friendship,12,0.05
107,13,friendship,8,0.05
107,14,friendship,5,0.05
107,15,friendship,3,0.05
107,16,friendship,1,0.05
108,2,friendship,3,0.05
108,3,friendship,6,0.05
108,4,friendship,7,0.05
108,5,friendship,12,0.05
108,6,friendship,23,0.05
108,7,friendship,22,0.05
108,8,friendship,27,0.05
108,9,friendship,31,0.05
108,10,friendship,28,0.05
108,11,friendship,15,0.05
108,12,friendship,8,0.05
108,13,friendship,4,0.05
108,14,friendship,5,0.05
108,15,friendship,3,0.05
108,16,friendship,1,0.05
108,17,friendship,1,0.05
109,1,friendship,1,0.05
109,2,friendship,1,0.05
109,3,friendship,1,0.05
109,4,friendship,7,0.05
109,5,friendship,15,0.05
109,6,friendship,11,0.05
109,7,friendship,22,0.05
109,8,friendship,32,0.05
109,9,friendship,19,0.05
109,10,friendship,16,0.05
109,11,friendship,14,0.05
109,12,friendship,14,0.05
109,13,friendship,9,0.05
109,14,friendship,10,0.05
109,15,friendship,10,0.05
109,16,friendship,3,0.05
109,17,friendship,3,0.05
109,18,friendship,2,0.05
109,19,friendship,2,0.05
110,1,friendship,1,0.05
110,2,friendship,4,0.05
110,3,friendship,5,0.05
110,4,friendship,6,0.05
110,5,friendship,11,0.05
110,6,friendship,13,0.05
110,7,friendship,26,0.05
110,8,friendship,26,0.05
110,9,friendship,30,0.05
110,10,friendship,25,0.05
110,11,friendship,20,0.05
110,12,friendship,13,0.05
110,13,friendship,6,0.05
110,14,friendship,4,0.05
110,15,friendship,4,0.05
110,16,friendship,1,0.05
110,17,friendship,1,0.05
111,2,friendship,4,0.05
111,3,friendship,12,0.05
111,4,friendship,14,0.05
111,5,friendship,16,0.05
111,6,friendship,17,0.05
111,7,friendship,22,0.05
111,8,friendship,22,0.05
111,9,friendship,21,0.05
111,10,friendship,21,0.05
111,11,friendship,20,0.05
111,12,friendship,14,0.05
111,13,friendship,7,0.05
111,14,friendship,4,0.05
111,15,friendship,1,0.05
111,16,friendship,1,0.05
111,17,friendship,2,0.05
112,1,friendship,1,0.05
112,2,friendship,1,0.05
112,3,friendship,4,0.05
112,4,friendship,10,0.05
112,5,friendship,11,0.05
112,6,friendship,11,0.05
112,7,friendship,29,0.05
112,8,friendship,26,0.05
112,9,friendship,33,0.05
112,10,friendship,26,0.05
112,11,friendship,21,0.05
112,12,friendship,9,0.05
112,13,friendship,4,0.05
112,14,friendship,5,0.05
112,15,friendship,1,0.05
113,3,friendship,2,0.05
113,4,friendship,3,0.05
113,5,friendship,9,0.05
113,6,friendship,15,0.05
113,7,friendship,22,0.05
113,8,friendship,33,0.05
113,9,friendship,29,0.05
113,10,friendship,32,0.05
113,11,friendship,24,0.05
113,12,friendship,8,0.05
113,13,friendship,6,0.05
113,14,friendship,5,0.05
113,16,friendship,2,0.05
114,1,friendship,2,0.05
114,2,friendship,2,0.05
114,3,friendship,3,0.05
114,4,friendship,12,0.05
114,5,friendship,19,0.05
114,6,friendship,9,0.05
114,7,friendship,25,0.05
114,8,friendship,30,0.05
114,9,friendship,39,0.05
114,10,friendship,20,0.05
114,11,friendship,15,0.05
114,12,friendship,7,0.05
114,13,friendship,5,0.05
114,14,friendship,2,0.05
114,15,friendship,1,0.05
114,16,friendship,1,0.05
115,1,friendship,1,0.05
115,2,friendship,2,0.05
115,3,friendship,4,0.05
115,4,friendship,21,0.05
115,5,friendship,26,0.05
115,6,friendship,32,0.05
115,7,friendship,27,0.05
115,8,friendship,23,0.05
115,9,friendship,20,0.05
115,10,friendship,10,0.05
115,11,friendship,10,0.05
115,12,friendship,6,0.05
115,13,friendship,4,0.05
115,15,friendship,2,0.05
115,16,friendship,1,0.05
116,2,friendship,2,0.05
116,3,friendship,6,0.05
116,4,friendship,8,0.05
116,5,friendship,10,0.05
116,6,friendship,11,0.05
116,7,friendship,19,0.05
116,8,friendship,12,0.05
116,9,friendship,20,0.05
116,10,friendship,25,0.05
116,11,friendship,18,0.05
116,12,friendship,21,0.05
116,13,friendship,9,0.05
116,14,friendship,15,0.05
116,15,friendship,4,0.05
116,16,friendship,4,0.05
117,2,friendship,1,0.05
117,3,friendship,3,0.05
117,4,friendship,8,0.05
117,5,friendship,12,0.05
117,6,friendship,24,0.05
117,7,friendship,21,0.05
117,8,friendship,11,0.05
117,9,friendship,12,0.05
117,10,friendship,13,0.05
117,11,friendship,5,0.05
117,12,friendship,10,0.05
117,13,friendship,11,0.05
117,14,friendship,12,0.05
117,15,friendship,15,0.05
117,16,friendship,10,0.05
117,17,friendship,7,0.05
117,18,friendship,6,0.05
117,19,friendship,6,0.05
117,20,friendship,4,0.05
117,21,friendship,2,0.05
117,22,friendship,1,0.05
118,3,friendship,2,0.05
118,4,friendship,4,0.05
118,5,friendship,5,0.05
118,6,friendship,16,0.05
118,7,friendship,17,0.05
118,8,friendship,21,0.05
118,9,friendship,33,0.05
118,10,friendship,39,0.05
118,11,friendship,26,0.05
118,12,friendship,13,0.05
118,13,friendship,10,0.05
118,14,friendship,3,0.05
118,15,friendship,2,0.05
118,16,friendship,1,0.05
119,1,friendship,1,0.05
119,2,friendship,1,0.05
119,3,friendship,6,0.05
119,4,friendship,3,0.05
119,5,friendship,3,0.05
119,6,friendship,2,0.05
119,7,friendship,4,0.05
119,8,friendship,2,0.05
119,9,friendship,10,0.05
119,10,friendship,9,0.05
119,11,friendship,8,0.05
119,12,friendship,9,0.05
119,13,friendship,11,0.05
119,14,friendship,13,0.05
119,15,friendship,16,0.05
119,16,friendship,21,0.05
119,17,friendship,19,0.05
119,18,friendship,12,0.05
119,19,friendship,12,0.05
119,20,friendship,3,0.05
119,21,friendship,4,0.05
119,22,friendship,3,0.05
120,2,friendship,3,0.05
120,3,friendship,7,0.05
120,4,friendship,13,0.05
120,5,friendship,26,0.05
120,6,friendship,20,0.05
120,7,friendship,27,0.05
120,8,friendship,34,0.05
120,9,friendship,26,0.05
120,10,friendship,20,0.05
120,11,friendship,18,0.05
120,12,friendship,5,0.05
120,13,friendship,3,0.05
120,15,friendship,2,0.05
121,2,friendship,4,0.05
121,3,friendship,7,0.05
121,4,friendship,21,0.05
121,5,friendship,11,0.05
121,6,friendship,16,0.05
121,7,friendship,16,0.05
121,8,friendship,20,0.05
121,9,friendship,14,0.05
121,10,friendship,17,0.05
121,11,friendship,16,0.05
121,12,friendship,9,0.05
121,13,friendship,8,0.05
121,14,friendship,9,0.05
121,16,friendship,1,0.05
121,18,friendship,1,0.05
122,4,friendship,1,0.05
123,3,friendship,2,0.05
123,4,friendship,6,0.05
123,5,friendship,5,0.05
123,6,friendship,12,0.05
123,7,friendship,23,0.05
123,8,friendship,31,0.05
123,9,friendship,29,0.05
123,10,friendship,30,0.05
123,11,friendship,22,0.05
123,12,friendship,17,0.05
123,13,friendship,10,0.05
123,14,friendship,5,0.05
123,15,friendship,2,0.05
123,17,friendship,1,0.05
124,2,friendship,1,0.05
124,3,friendship,3,0.05
124,4,friendship,6,0.05
124,5,friendship,8,0.05
124,6,friendship,13,0.05
124,7,friendship,25,0.05
124,8,friendship,37,0.05
124,9,friendship,37,0.05
124,10,friendship,34,0.05
124,11,friendship,18,0.05
124,12,friendship,12,0.05
124,13,friendship,6,0.05
124,14,friendship,3,0.05
124,15,friendship,1,0.05
125,1,friendship,2,0.05
125,3,friendship,6,0.05
125,4,friendship,13,0.05
125,5,friendship,12,0.05
125,6,friendship,18,0.05
125,7,friendship,16,0.05
125,8,friendship,42,0.05
125,9,friendship,36,0.05
125,10,friendship,20,0.05
125,11,friendship,11,0.05
125,12,friendship,6,0.05
125,13,friendship,8,0.05
125,14,friendship,4,0.05
125,15,friendship,4,0.05
126,2,friendship,4,0.05
126,3,friendship,7,0.05
126,4,friendship,12,0.05
126,5,friendship,16,0.05
126,6,friendship,24,0.05
126,7,friendship,29,0.05
126,8,friendship,19,0.05
126,9,friendship,19,0.05
126,10,friendship,18,0.05
126,11,friendship,15,0.05
126,12,friendship,10,0.05
126,13,friendship,7,0.05
126,14,friendship,5,0.05
126,15,friendship,4,0.05
126,16,friendship,2,0.05
127,2,friendship,1,0.05
127,3,friendship,3,0.05
127,4,friendship,6,0.05
127,5,friendship,11,0.05
127,6,friendship,11,0.05
127,7,friendship,18,0.05
127,8,friendship,14,0.05
127,9,friendship,15,0.05
127,10,friendship,19,0.05
127,11,friendship,20,0.05
127,12,friendship,33,0.05
127,13,friendship,15,0.05
127,14,friendship,15,0.05
127,15,friendship,12,0.05
127,16,friendship,3,0.05
127,17,friendship,2,0.05
127,18,friendship,1,0.05
128,2,friendship,1,0.05
128,3,friendship,2,0.05
128,6,friendship,1,0.05
128,7,friendship,3,0.05
128,8,friendship,5,0.05
128,9,friendship,8,0.05
128,10,friendship,9,0.05
128,11,friendship,15,0.05
128,12,friendship,23,0.05
128,13,friendship,30,0.05
128,14,friendship,26,0.05
128,15,friendship,28,0.05
128,16,friendship,19,0.05
128,17,friendship,8,0.05
128,18,friendship,4,0.05
128,19,friendship,2,0.05
128,20,friendship,1,0.05
128,21,friendship,1,0.05
128,22,friendship,1,0.05
129,1,friendship,1,0.05
129,2,friendship,2,0.05
129,3,friendship,7,0.05
129,4,friendship,16,0.05
129,5,friendship,7,0.05
129,6,friendship,20,0.05
129,7,friendship,18,0.05
129,8,friendship,23,0.05
129,9,friendship,30,0.05
129,10,friendship,32,0.05
129,11,friendship,16,0.05
129,12,friendship,16,0.05
129,13,friendship,3,0.05
129,14,friendship,2,0.05
129,15,friendship,1,0.05
130,2,friendship,1,0.05
130,3,friendship,6,0.05
130,4,friendship,10,0.05
130,5,friendship,10,0.05
130,6,friendship,16,0.05
130,7,friendship,10,0.05
130,8,friendship,21,0.05
130,9,friendship,18,0.05
130,10,friendship,23,0.05
130,11,friendship,27,0.05
130,12,friendship,21,0.05
130,13,friendship,16,0.05
130,14,friendship,5,0.05
130,15,friendship,5,0.05
131,2,friendship,2,0.05
131,3,friendship,4,0.05
131,4,friendship,5,0.05
131,5,friendship,9,0.05
131,6,friendship,12,0.05
131,7,friendship,21,0.05
131,8,friendship,19,0.05
131,9,friendship,24,0.05
131,10,friendship,20,0.05
131,11,friendship,30,0.05
131,12,friendship,23,0.05
131,13,friendship,8,0.05
131,14,friendship,7,0.05
131,15,friendship,2,0.05
131,16,friendship,4,0.05
131,19,friendship,2,0.05
132,3,friendship,3,0.05
132,4,friendship,6,0.05
132,5,friendship,15,0.05
132,6,friendship,14,0.05
132,7,friendship,28,0.05
132,8,friendship,31,0.05
132,9,friendship,20,0.05
132,10,friendship,19,0.05
132,11,friendship,17,0.05
132,12,friendship,7,0.05
132,13,friendship,13,0.05
132,14,friendship,8,0.05
132,15,friendship,3,0.05
132,16,friendship,2,0.05
132,17,friendship,3,0.05
132,18,friendship,1,0.05
133,1,friendship,1,0.05
133,2,friendship,6,0.05
133,3,friendship,5,0.05
133,4,friendship,19,0.05
133,5,friendship,18,0.05
133,6,friendship,16,0.05
133,7,friendship,23,0.05
133,8,friendship,24,0.05
133,9,friendship,25,0.05
133,10,friendship,24,0.05
133,11,friendship,16,0.05
133,12,friendship,10,0.05
133,13,friendship,7,0.05
133,14,friendship,6,0.05
133,15,friendship,2,0.05
133,16,friendship,1,0.05
133,17,friendship,1,0.05
133,18,friendship,1,0.05
134,4,friendship,6,0.05
134,5,friendship,7,0.05
134,6,friendship,15,0.05
134,7,friendship,11,0.05
134,8,friendship,21,0.05
134,9,friendship,28,0.05
134,10,friendship,22,0.05
134,11,friendship,18,0.05
134,12,friendship,16,0.05
134,13,friendship,10,0.05
134,14,friendship,8,0.05
134,15,friendship,3,0.05
134,16,friendship,2,0.05
134,17,friendship,6,0.05
134,18,friendship,12,0.05
134,19,friendship,6,0.05
134,20,friendship,4,0.05
134,21,friendship,2,0.05
135,1,friendship,2,0.05
135,2,friendship,4,0.05
135,3,friendship,11,0.05
135,4,friendship,8,0.05
135,5,friendship,23,0.05
135,6,friendship,17,0.05
135,7,friendship,26,0.05
135,8,friendship,29,0.05
135,9,friendship,28,0.05
135,10,friendship,23,0.05
135,11,friendship,12,0.05
135,12,friendship,3,0.05
135,13,friendship,3,0.05
135,14,friendship,5,0.05
136,1,friendship,1,0.05
136,2,friendship,1,0.05
136,3,friendship,6,0.05
136,4,friendship,12,0.05
136,5,friendship,28,0.05
136,6,friendship,30,0.05
136,7,friendship,40,0.05
136,8,friendship,25,0.05
136,9,friendship,22,0.05
136,10,friendship,13,0.05
136,11,friendship,4,0.05
136,12,friendship,3,0.05
136,13,friendship,2,0.05
136,14,friendship,2,0.05
136,15,friendship,2,0.05
137,3,friendship,1,0.05
137,4,friendship,2,0.05
137,5,friendship,2,0.05
137,6,friendship,1,0.05
137,7,friendship,1,0.05
137,8,friendship,3,0.05
137,9,friendship,2,0.05
137,10,friendship,3,0.05
137,11,friendship,3,0.05
137,12,friendship,10,0.05
137,13,friendship,15,0.05
137,14,friendship,19,0.05
137,15,friendship,23,0.05
137,16,friendship,18,0.05
137,17,friendship,20,0.05
137,18,friendship,24,0.05
137,19,friendship,23,0.05
137,20,friendship,12,0.05
137,21,friendship,6,0.05
137,22,friendship,3,0.05
138,2,friendship,3,0.05
138,3,friendship,4,0.05
138,4,friendship,11,0.05
138,5,friendship,8,0.05
138,6,friendship,9,0.05
138,7,friendship,16,0.05
138,8,friendship,21,0.05
138,9,friendship,21,0.05
138,10,friendship,37,0.05
138,11,friendship,25,0.05
138,12,friendship,17,0.05
138,13,friendship,5,0.05
138,14,friendship,4,0.05
138,15,friendship,6,0.05
138,16,friendship,1,0.05
138,17,friendship,3,0.05
138,18,friendship,1,0.05
138,20,friendship,3,0.05
139,2,friendship,1,0.05
139,3,friendship,1,0.05
140,4,friendship,1,0.05
140,7,friendship,1,0.05
141,3,friendship,1,0.05
141,5,friendship,1,0.05
141,6,friendship,3,0.05
141,7,friendship,1,0.05
141,8,friendship,4,0.05
141,9,friendship,12,0.05
141,10,friendship,14,0.05
141,11,friendship,25,0.05
141,12,friendship,34,0.05
141,13,friendship,39,0.05
141,14,friendship,33,0.05
141,15,friendship,21,0.05
141,16,friendship,6,0.05
141,17,friendship,4,0.05
141,18,friendship,5,0.05
141,20,friendship,1,0.05
142,2,friendship,3,0.05
142,3,friendship,4,0.05
142,4,friendship,7,0.05
142,5,friendship,8,0.05
142,6,friendship,8,0.05
142,7,friendship,17,0.05
142,8,friendship,21,0.05
142,9,friendship,26,0.05
142,10,friendship,21,0.05
142,11,friendship,33,0.05
142,12,friendship,24,0.05
142,13,friendship,8,0.05
142,14,friendship,7,0.05
142,15,friendship,5,0.05
142,16,friendship,2,0.05
142,17,friendship,1,0.05
143,1,friendship,1,0.05
143,2,friendship,11,0.05
143,3,friendship,19,0.05
143,4,friendship,14,0.05
143,5,friendship,22,0.05
143,6,friendship,28,0.05
143,7,friendship,13,0.05
143,8,friendship,24,0.05
143,9,friendship,25,0.05
143,10,friendship,21,0.05
143,11,friendship,10,0.05
143,12,friendship,7,0.05
143,13,friendship,1,0.05
144,3,friendship,1,0.05
144,4,friendship,4,0.05
144,5,friendship,8,0.05
144,6,friendship,11,0.05
144,7,friendship,14,0.05
144,8,friendship,33,0.05
144,9,friendship,29,0.05
144,10,friendship,34,0.05
144,11,friendship,26,0.05
144,12,friendship,12,0.05
144,13,friendship,7,0.05
144,14,friendship,5,0.05
144,16,friendship,1,0.05
145,3,friendship,3,0.05
145,4,friendship,1,0.05
145,5,friendship,2,0.05
145,6,friendship,10,0.05
145,7,friendship,15,0.05
145,8,friendship,29,0.05
145,9,friendship,22,0.05
145,10,friendship,17,0.05
145,11,friendship,30,0.05
145,12,friendship,29,0.05
145,13,friendship,14,0.05
145,14,friendship,8,0.05
145,15,friendship,2,0.05
145,16,friendship,4,0.05
145,17,friendship,2,0.05
145,18,friendship,1,0.05
146,2,friendship,1,0.05
146,3,friendship,2,0.05
146,4,friendship,4,0.05
146,5,friendship,6,0.05
146,6,friendship,8,0.05
146,7,friendship,14,0.05
146,8,friendship,21,0.05
146,9,friendship,20,0.05
146,10,friendship,22,0.05
146,11,friendship,20,0.05
146,12,friendship,17,0.05
146,13,friendship,17,0.05
146,14,friendship,10,0.05
146,15,friendship,10,0.05
146,16,friendship,3,0.05
146,17,friendship,2,0.05
147,3,friendship,4,0.05
147,4,friendship,2,0.05
147,5,friendship,6,0.05
147,6,friendship,6,0.05
147,7,friendship,14,0.05
147,8,friendship,18,0.05
147,9,friendship,7,0.05
147,10,friendship,17,0.05
147,11,friendship,21,0.05
147,12,friendship,27,0.05
147,13,friendship,16,0.05
147,14,friendship,20,0.05
147,15,friendship,16,0.05
147,16,friendship,6,0.05
147,17,friendship,1,0.05
147,18,friendship,2,0.05
148,1,friendship,1,0.05
148,2,friendship,1,0.05
148,3,friendship,8,0.05
148,4,friendship,12,0.05
148,5,friendship,18,0.05
148,6,friendship,32,0.05
148,7,friendship,46,0.05
148,8,friendship,26,0.05
148,9,friendship,18,0.05
148,10,friendship,16,0.05
148,11,friendship,16,0.05
148,12,friendship,3,0.05
148,13,friendship,2,0.05
148,14,friendship,2,0.05
148,15,friendship,1,0.05
148,16,friendship,1,0.05
149,2,friendship,2,0.05
149,3,friendship,5,0.05
149,4,friendship,12,0.05
149,5,friendship,14,0.05
149,6,friendship,29,0.05
149,7,friendship,22,0.05
149,8,friendship,17,0.05
149,9,friendship,19,0.05
149,10,friendship,18,0.05
149,11,friendship,22,0.05
149,12,friendship,12,0.05
149,13,friendship,4,0.05
149,14,friendship,7,0.05
149,15,friendship,3,0.05
149,16,friendship,1,0.05
150,4,friendship,3,0.05
150,5,friendship,2,0.05
150,6,friendship,6,0.05
150,7,friendship,17,0.05
150,8,friendship,33,0.05
150,9,friendship,27,0.05
150,10,friendship,27,0.05
150,11,friendship,25,0.05
150,12,friendship,19,0.05
150,13,friendship,11,0.05
150,14,friendship,9,0.05
150,15,friendship,9,0.05
150,16,friendship,7,0.05
150,17,friendship,3,0.05
151,1,friendship,2,0.05
151,2,friendship,4,0.05
151,3,friendship,8,0.05
151,4,friendship,10,0.05
151,5,friendship,11,0.05
151,6,friendship,22,0.05
151,7,friendship,14,0.05
151,8,friendship,14,0.05
151,9,friendship,21,0.05
151,10,friendship,29,0.05
151,11,friendship,25,0.05
151,12,friendship,13,0.05
151,13,friendship,6,0.05
151,14,friendship,1,0.05
151,15,friendship,1,0.05
151,16,friendship,1,0.05
151,17,friendship,1,0.05
151,19,friendship,1,0.05
152,1,friendship,1,0.05
152,2,friendship,1,0.05
152,3,friendship,4,0.05
152,4,friendship,8,0.05
152,5,friendship,3,0.05
152,6,friendship,15,0.05
152,7,friendship,23,0.05
152,8,friendship,19,0.05
152,9,friendship,31,0.05
152,10,friendship,31,0.05
152,11,friendship,19,0.05
152,12,friendship,21,0.05
152,13,friendship,9,0.05
152,14,friendship,6,0.05
152,15,friendship,2,0.05
152,16,friendship,2,0.05
153,2,friendship,3,0.05
153,3,friendship,11,0.05
153,4,friendship,8,0.05
153,5,friendship,17,0.05
153,6,friendship,19,0.05
153,7,friendship,14,0.05
153,8,friendship,28,0.05
153,9,friendship,17,0.05
153,10,friendship,28,0.05
153,11,friendship,22,0.05
153,12,friendship,19,0.05
153,13,friendship,7,0.05
153,14,friendship,4,0.05
153,15,friendship,1,0.05
153,16,friendship,1,0.05
153,17,friendship,1,0.05
154,1,friendship,2,0.05
154,2,friendship,3,0.05
154,3,friendship,10,0.05
154,4,friendship,16,0.05
154,5,friendship,20,0.05
154,6,friendship,7,0.05
154,7,friendship,18,0.05
154,8,friendship,19,0.05
154,9,friendship,32,0.05
154,10,friendship,26,0.05
154,11,friendship,20,0.05
154,12,friendship,10,0.05
154,13,friendship,1,0.05
154,14,friendship,1,0.05
154,16,friendship,3,0.05
154,18,friendship,1,0.05
154,19,friendship,2,0.05
155,2,friendship,1,0.05
155,3,friendship,1,0.05
155,4,friendship,5,0.05
155,5,friendship,9,0.05
155,6,friendship,9,0.05
155,7,friendship,26,0.05
155,8,friendship,23,0.05
155,9,friendship,33,0.05
155,10,friendship,29,0.05
155,11,friendship,17,0.05
155,12,friendship,16,0.05
155,13,friendship,8,0.05
155,14,friendship,4,0.05
155,15,friendship,1,0.05
156,2,friendship,4,0.05
156,3,friendship,10,0.05
156,4,friendship,15,0.05
156,5,friendship,18,0.05
156,6,friendship,22,0.05
156,7,friendship,29,0.05
156,8,friendship,32,0.05
156,9,friendship,30,0.05
156,10,friendship,16,0.05
156,11,friendship,6,0.05
156,12,friendship,2,0.05
156,13,friendship,5,0.05
156,14,friendship,1,0.05
156,15,friendship,1,0.05
157,3,friendship,1,0.05
157,4,friendship,1,0.05
157,5,friendship,2,0.05
157,7,friendship,7,0.05
157,8,friendship,8,0.05
157,9,friendship,24,0.05
157,10,friendship,20,0.05
157,11,friendship,26,0.05
157,12,friendship,34,0.05
157,13,friendship,20,0.05
157,14,friendship,13,0.05
157,15,friendship,9,0.05
157,16,friendship,5,0.05
157,17,friendship,7,0.05
157,18,friendship,3,0.05
157,20,friendship,1,0.05
158,3,friendship,1,0.05
158,4,friendship,1,0.05
158,6,friendship,5,0.05
158,7,friendship,7,0.05
158,8,friendship,22,0.05
158,9,friendship,23,0.05
158,10,friendship,34,0.05
158,11,friendship,27,0.05
158,12,friendship,34,0.05
158,13,friendship,18,0.05
158,14,friendship,14,0.05
158,15,friendship,5,0.05
158,16,friendship,2,0.05
158,17,friendship,3,0.05
158,18,friendship,1,0.05
159,2,friendship,6,0.05
159,3,friendship,7,0.05
159,4,friendship,14,0.05
159,5,friendship,17,0.05
159,6,friendship,18,0.05
159,7,friendship,27,0.05
159,8,friendship,28,0.05
159,9,friendship,23,0.05
159,10,friendship,23,0.05
159,11,friendship,10,0.05
159,12,friendship,8,0.05
159,13,friendship,5,0.05
159,14,friendship,2,0.05
159,15,friendship,1,0.05
160,1,friendship,2,0.05
160,2,friendship,1,0.05
160,3,friendship,6,0.05
160,4,friendship,8,0.05
160,5,friendship,18,0.05
160,6,friendship,15,0.05
160,7,friendship,37,0.05
160,8,friendship,30,0.05
160,9,friendship,29,0.05
160,10,friendship,24,0.05
160,11,friendship,15,0.05
160,12,friendship,6,0.05
160,13,friendship,6,0.05
160,15,friendship,1,0.05
161,1,friendship,2,0.05
161,2,friendship,4,0.05
161,3,friendship,10,0.05
161,4,friendship,16,0.05
161,5,friendship,23,0.05
161,6,friendship,29,0.05
161,7,friendship,21,0.05
161,8,friendship,18,0.05
161,9,friendship,19,0.05
161,10,friendship,9,0.05
161,11,friendship,15,0.05
161,12,friendship,12,0.05
161,13,friendship,6,0.05
161,14,friendship,2,0.05
161,15,friendship,7,0.05
161,16,friendship,1,0.05
162,2,friendship,3,0.05
162,3,friendship,5,0.05
162,4,friendship,15,0.05
162,5,friendship,16,0.05
162,6,friendship,29,0.05
162,7,friendship,31,0.05
162,8,friendship,25,0.05
162,9,friendship,24,0.05
162,10,friendship,14,0.05
162,11,friendship,14,0.05
162,12,friendship,8,0.05
162,13,friendship,4,0.05
162,14,friendship,3,0.05
162,15,friendship,1,0.05
162,16,friendship,2,0.05
162,17,friendship,1,0.05
163,2,friendship,1,0.05
163,3,friendship,3,0.05
164,3,friendship,1,0.05
164,4,friendship,1,0.05
164,5,friendship,7,0.05
164,6,friendship,13,0.05
164,7,friendship,19,0.05
164,8,friendship,20,0.05
164,9,friendship,29,0.05
164,10,friendship,28,0.05
164,11,friendship,24,0.05
164,12,friendship,19,0.05
164,13,friendship,16,0.05
164,14,friendship,12,0.05
164,15,friendship,7,0.05
164,16,friendship,3,0.05
164,17,friendship,2,0.05
164,18,friendship,1,0.05
165,2,friendship,4,0.05
165,3,friendship,12,0.05
165,4,friendship,15,0.05
165,5,friendship,27,0.05
165,6,friendship,35,0.05
165,7,friendship,48,0.05
165,8,friendship,29,0.05
165,9,friendship,12,0.05
165,10,friendship,11,0.05
165,11,friendship,4,0.05
165,12,friendship,1,0.05
165,13,friendship,5,0.05
165,14,friendship,1,0.05
165,15,friendship,1,0.05
166,2,friendship,1,0.05
166,3,friendship,5,0.05
166,4,friendship,10,0.05
166,5,friendship,23,0.05
166,6,friendship,24,0.05
166,7,friendship,22,0.05
166,8,friendship,32,0.05
166,9,friendship,25,0.05
166,10,friendship,13,0.05
166,11,friendship,12,0.05
166,12,friendship,8,0.05
166,13,friendship,5,0.05
166,14,friendship,1,0.05
166,15,friendship,3,0.05
166,16,friendship,4,0.05
166,17,friendship,2,0.05
167,4,friendship,2,0.05
167,5,friendship,1,0.05
167,6,friendship,4,0.05
167,7,friendship,9,0.05
167,8,friendship,8,0.05
167,9,friendship,14,0.05
167,10,friendship,16,0.05
167,11,friendship,19,0.05
167,12,friendship,21,0.05
167,13,friendship,23,0.05
167,14,friendship,23,0.05
167,15,friendship,18,0.05
167,16,friendship,11,0.05
167,17,friendship,15,0.05
167,18,friendship,4,0.05
167,19,friendship,4,0.05
167,22,friendship,1,0.05
168,2,friendship,3,0.05
168,3,friendship,3,0.05
168,4,friendship,3,0.05
168,5,friendship,10,0.05
168,6,friendship,7,0.05
168,7,friendship,6,0.05
168,8,friendship,14,0.05
168,9,friendship,19,0.05
168,10,friendship,16,0.05
168,11,friendship,34,0.05
168,12,friendship,24,0.05
168,13,friendship,18,0.05
168,14,friendship,20,0.05
168,15,friendship,13,0.05
168,16,friendship,7,0.05
168,17,friendship,2,0.05
168,18,friendship,4,0.05
169,3,friendship,6,0.05
169,4,friendship,4,0.05
169,5,friendship,11,0.05
169,6,friendship,16,0.05
169,7,friendship,23,0.05
169,8,friendship,25,0.05
169,9,friendship,39,0.05
169,10,friendship,27,0.05
169,11,friendship,22,0.05
169,12,friendship,18,0.05
169,13,friendship,5,0.05
169,14,friendship,2,0.05
169,17,friendship,1,0.05
169,19,friendship,2,0.05
170,1,friendship,2,0.05
170,2,friendship,5,0.05
170,3,friendship,12,0.05
170,4,friendship,24,0.05
170,5,friendship,28,0.05
170,6,friendship,34,0.05
170,7,friendship,40,0.05
170,8,friendship,21,0.05
170,9,friendship,10,0.05
170,10,friendship,6,0.05
170,11,friendship,1,0.05
170,12,friendship,2,0.05
171,2,friendship,1,0.05
171,3,friendship,14,0.05
171,4,friendship,23,0.05
171,5,friendship,36,0.05
171,6,friendship,42,0.05
171,7,friendship,33,0.05
171,8,friendship,16,0.05
171,9,friendship,8,0.05
171,10,friendship,7,0.05
171,11,friendship,2,0.05
171,12,friendship,2,0.05
171,13,friendship,1,0.05
171,14,friendship,2,0.05
171,15,friendship,1,0.05
171,17,friendship,1,0.05
172,2,friendship,2,0.05
172,3,friendship,9,0.05
172,4,friendship,16,0.05
172,5,friendship,22,0.05
172,6,friendship,23,0.05
172,7,friendship,37,0.05
172,8,friendship,29,0.05
172,9,friendship,30,0.05
172,10,friendship,17,0.05
172,11,friendship,9,0.05
172,12,friendship,6,0.05
172,13,friendship,2,0.05
172,14,friendship,3,0.05
173,2,friendship,3,0.05
173,3,friendship,11,0.05
173,4,friendship,8,0.05
173,5,friendship,13,0.05
173,6,friendship,31,0.05
173,7,friendship,25,0.05
173,8,friendship,38,0.05
173,9,friendship,33,0.05
173,10,friendship,21,0.05
173,11,friendship,3,0.05
173,12,friendship,4,0.05
173,13,friendship,1,0.05
173,14,friendship,2,0.05
173,15,friendship,2,0.05
174,2,friendship,1,0.05
174,4,friendship,2,0.05
175,1,friendship,1,0.05
175,2,friendship,2,0.05
175,3,friendship,3,0.05
175,4,friendship,8,0.05
175,5,friendship,23,0.05
175,6,friendship,27,0.05
175,7,friendship,34,0.05
175,8,friendship,26,0.05
175,9,friendship,26,0.05
175,10,friendship,17,0.05
175,11,friendship,11,0.05
175,12,friendship,8,0.05
175,13,friendship,1,0.05
175,14,friendship,2,0.05
175,15,friendship,1,0.05
176,1,friendship,1,0.05
176,2,friendship,3,0.05
176,3,friendship,2,0.05
176,4,friendship,3,0.05
176,5,friendship,5,0.05
176,6,friendship,4,0.05
176,7,friendship,2,0.05
176,8,friendship,9,0.05
176,9,friendship,17,0.05
176,10,friendship,19,0.05
176,11,friendship,21,0.05
176,12,friendship,30,0.05
176,13,friendship,27,0.05
176,14,friendship,26,0.05
176,15,friendship,21,0.05
176,16,friendship,6,0.05
176,17,friendship,6,0.05
177,1,friendship,2,0.05
177,2,friendship,6,0.05
177,3,friendship,7,0.05
177,4,friendship,18,0.05
177,5,friendship,20,0.05
177,6,friendship,16,0.05
177,7,friendship,15,0.05
177,8,friendship,25,0.05
177,9,friendship,25,0.05
177,10,friendship,19,0.05
177,11,friendship,18,0.05
177,12,friendship,6,0.05
177,13,friendship,5,0.05
177,14,friendship,5,0.05
177,15,friendship,4,0.05
177,16,friendship,1,0.05
178,3,friendship,1,0.05
178,4,friendship,11,0.05
178,5,friendship,7,0.05
178,6,friendship,16,0.05
178,7,friendship,16,0.05
178,8,friendship,36,0.05
178,9,friendship,36,0.05
178,10,friendship,22,0.05
178,11,friendship,24,0.05
178,12,friendship,15,0.05
178,13,friendship,10,0.05
178,14,friendship,4,0.05
178,15,friendship,2,0.05
178,17,friendship,1,0.05
178,18,friendship,1,0.05
179,1,friendship,1,0.05
179,2,friendship,1,0.05
179,3,friendship,1,0.05
179,4,friendship,3,0.05
179,5,friendship,2,0.05
179,6,friendship,9,0.05
179,7,friendship,4,0.05
179,8,friendship,15,0.05
179,9,friendship,15,0.05
179,10,friendship,21,0.05
179,11,friendship,15,0.05
179,12,friendship,27,0.05
179,13,friendship,17,0.05
179,14,friendship,25,0.05
179,15,friendship,14,0.05
179,16,friendship,7,0.05
179,17,friendship,4,0.05
179,18,friendship,6,0.05
179,19,friendship,1,0.05
179,20,friendship,2,0.05
179,21,friendship,3,0.05
180,1,friendship,1,0.05
180,2,friendship,1,0.05
180,3,friendship,6,0.05
180,4,friendship,12,0.05
180,5,friendship,18,0.05
180,6,friendship,39,0.05
180,7,friendship,35,0.05
180,8,friendship,41,0.05
180,9,friendship,12,0.05
180,10,friendship,11,0.05
180,11,friendship,9,0.05
180,12,friendship,6,0.05
181,1,friendship,1,0.05
181,4,friendship,1,0.05
181,5,friendship,1,0.05
181,6,friendship,1,0.05
181,8,friendship,1,0.05
181,9,friendship,3,0.05
181,10,friendship,6,0.05
181,11,friendship,6,0.05
181,12,friendship,20,0.05
181,13,friendship,21,0.05
181,14,friendship,20,0.05
181,15,friendship,19,0.05
181,16,friendship,26,0.05
181,17,friendship,16,0.05
181,18,friendship,18,0.05
181,19,friendship,9,0.05
181,20,friendship,11,0.05
181,21,friendship,3,0.05
181,22,friendship,3,0.05
182,3,friendship,1,0.05
182,4,friendship,1,0.05
182,5,friendship,3,0.05
182,6,friendship,4,0.05
182,7,friendship,5,0.05
182,8,friendship,14,0.05
182,9,friendship,13,0.05
182,10,friendship,28,0.05
182,11,friendship,34,0.05
182,12,friendship,30,0.05
182,13,friendship,36,0.05
182,14,friendship,16,0.05
182,15,friendship,12,0.05
182,16,friendship,4,0.05
182,17,friendship,1,0.05
183,2,friendship,3,0.05
183,3,friendship,6,0.05
183,4,friendship,13,0.05
183,5,friendship,20,0.05
183,6,friendship,27,0.05
183,7,friendship,25,0.05
183,8,friendship,32,0.05
183,9,friendship,31,0.05
183,10,friendship,16,0.05
183,11,friendship,9,0.05
183,12,friendship,2,0.05
183,13,friendship,2,0.05
183,14,friendship,2,0.05
184,2,friendship,2,0.05
184,3,friendship,5,0.05
184,4,friendship,10,0.05
184,5,friendship,20,0.05
184,6,friendship,31,0.05
184,7,friendship,31,0.05
184,8,friendship,31,0.05
184,9,friendship,28,0.05
184,10,friendship,20,0.05
184,11,friendship,4,0.05
184,12,friendship,2,0.05
184,13,friendship,2,0.05
184,14,friendship,3,0.05
184,16,friendship,3,0.05
184,17,friendship,1,0.05
185,1,friendship,2,0.05
185,2,friendship,1,0.05
185,3,friendship,5,0.05
185,4,friendship,11,0.05
185,5,friendship,14,0.05
185,6,friendship,26,0.05
185,7,friendship,27,0.05
185,8,friendship,34,0.05
185,9,friendship,31,0.05
185,10,friendship,16,0.05
185,11,friendship,13,0.05
185,12,friendship,10,0.05
185,13,friendship,4,0.05
185,14,friendship,2,0.05
185,16,friendship,1,0.05
186,1,friendship,2,0.05
186,2,friendship,4,0.05
186,3,friendship,9,0.05
186,4,friendship,12,0.05
186,5,friendship,21,0.05
186,6,friendship,30,0.05
186,7,friendship,30,0.05
186,8,friendship,23,0.05
186,9,friendship,24,0.05
186,10,friendship,11,0.05
186,11,friendship,6,0.05
186,12,friendship,6,0.05
186,13,friendship,2,0.05
186,14,friendship,3,0.05
186,16,friendship,1,0.05
187,3,friendship,1,0.05
187,4,friendship,3,0.05
187,5,friendship,3,0.05
187,6,friendship,2,0.05
187,7,friendship,3,0.05
187,8,friendship,4,0.05
187,9,friendship,7,0.05
187,10,friendship,8,0.05
187,11,friendship,13,0.05
187,12,friendship,14,0.05
187,13,friendship,21,0.05
187,14,friendship,32,0.05
187,15,friendship,24,0.05
187,16,friendship,31,0.05
187,17,friendship,11,0.05
187,18,friendship,6,0.05
187,19,friendship,6,0.05
187,20,friendship,5,0.05
187,21,friendship,1,0.05
187,22,friendship,1,0.05
188,2,friendship,1,0.05
188,3,friendship,2,0.05
188,4,friendship,2,0.05
188,5,friendship,13,0.05
188,6,friendship,11,0.05
188,7,friendship,18,0.05
188,8,friendship,29,0.05
188,9,friendship,32,0.05
188,10,friendship,32,0.05
188,11,friendship,26,0.05
188,12,friendship,14,0.05
188,13,friendship,10,0.05
188,14,friendship,3,0.05
188,15,friendship,1,0.05
188,16,friendship,1,0.05
188,17,friendship,1,0.05
189,1,friendship,1,0.05
189,3,friendship,4,0.05
189,4,friendship,7,0.05
189,5,friendship,8,0.05
189,6,friendship,14,0.05
189,7,friendship,27,0.05
189,8,friendship,26,0.05
189,9,friendship,30,0.05
189,10,friendship,17,0.05
189,11,friendship,23,0.05
189,12,friendship,17,0.05
189,13,friendship,8,0.05
189,14,friendship,4,0.05
190,1,friendship,1,0.05
190,2,friendship,5,0.05
190,3,friendship,19,0.05
190,4,friendship,22,0.05
190,5,friendship,25,0.05
190,6,friendship,20,0.05
190,7,friendship,21,0.05
190,8,friendship,21,0.05
190,9,friendship,12,0.05
190,10,friendship,14,0.05
190,11,friendship,10,0.05
190,12,friendship,3,0.05
190,13,friendship,3,0.05
190,14,friendship,6,0.05
190,15,friendship,2,0.05
191,3,friendship,3,0.05
191,4,friendship,8,0.05
191,5,friendship,4,0.05
191,6,friendship,10,0.05
191,7,friendship,7,0.05
191,8,friendship,7,0.05
191,9,friendship,7,0.05
191,10,friendship,11,0.05
191,11,friendship,16,0.05
191,12,friendship,29,0.05
191,13,friendship,26,0.05
191,14,friendship,18,0.05
191,15,friendship,12,0.05
191,16,friendship,11,0.05
191,17,friendship,7,0.05
191,18,friendship,1,0.05
191,19,friendship,1,0.05
192,1,friendship,1,0.05
192,3,friendship,4,0.05
192,4,friendship,7,0.05
192,5,friendship,8,0.05
192,6,friendship,29,0.05
192,7,friendship,35,0.05
192,8,friendship,43,0.05
192,9,friendship,27,0.05
192,10,friendship,22,0.05
192,11,friendship,8,0.05
192,12,friendship,8,0.05
192,13,friendship,3,0.05
192,14,friendship,1,0.05
193,3,friendship,1,0.05
194,3,friendship,2,0.05
194,4,friendship,1,0.05
194,5,friendship,4,0.05
194,6,friendship,6,0.05
194,7,friendship,10,0.05
194,8,friendship,22,0.05
194,9,friendship,26,0.05
194,10,friendship,19,0.05
194,11,friendship,14,0.05
194,12,friendship,13,0.05
194,13,friendship,18,0.05
194,14,friendship,16,0.05
194,15,friendship,9,0.05
194,16,friendship,8,0.05
194,17,friendship,9,0.05
194,18,friendship,7,0.05
194,19,friendship,7,0.05
194,20,friendship,3,0.05
194,21,friendship,2,0.05
194,22,friendship,3,0.05
195,1,friendship,2,0.05
195,2,friendship,3,0.05
195,3,friendship,10,0.05
195,4,friendship,17,0.05
195,5,friendship,14,0.05
195,6,friendship,29,0.05
195,7,friendship,28,0.05
195,8,friendship,31,0.05
195,9,friendship,29,0.05
195,10,friendship,22,0.05
195,11,friendship,12,0.05
195,12,friendship,9,0.05
195,13,friendship,3,0.05
196,1,friendship,1,0.05
196,2,friendship,1,0.05
196,3,friendship,6,0.05
196,4,friendship,7,0.05
196,5,friendship,13,0.05
196,6,friendship,17,0.05
196,7,friendship,13,0.05
196,8,friendship,26,0.05
196,9,friendship,28,0.05
196,10,friendship,21,0.05
196,11,friendship,16,0.05
196,12,friendship,15,0.05
196,13,friendship,3,0.05
196,14,friendship,9,0.05
196,15,friendship,4,0.05
196,16,friendship,4,0.05
196,17,friendship,1,0.05
197,2,friendship,2,0.05
197,3,friendship,3,0.05
197,4,friendship,3,0.05
197,5,friendship,10,0.05
197,6,friendship,18,0.05
197,7,friendship,19,0.05
197,8,friendship,32,0.05
197,9,friendship,24,0.05
197,10,friendship,17,0.05
197,11,friendship,20,0.05
197,12,friendship,14,0.05
197,13,friendship,9,0.05
197,14,friendship,7,0.05
197,15,friendship,4,0.05
197,16,friendship,5,0.05
197,17,friendship,1,0.05
198,3,friendship,1,0.05
198,4,friendship,2,0.05
198,5,friendship,7,0.05
198,6,friendship,8,0.05
198,7,friendship,23,0.05
198,8,friendship,36,0.05
198,9,friendship,17,0.05
198,10,friendship,20,0.05
198,11,friendship,20,0.05
198,12,friendship,15,0.05
198,13,friendship,10,0.05
198,14,friendship,10,0.05
198,15,friendship,3,0.05
198,17,friendship,3,0.05
198,18,friendship,1,0.05
198,19,friendship,1,0.05
199,2,friendship,1,0.05
199,3,friendship,2,0.05
199,4,friendship,2,0.05
199,5,friendship,1,0.05
199,7,friendship,1,0.05
199,8,friendship,1,0.05
199,9,friendship,3,0.05
199,10,friendship,10,0.05
199,11,friendship,10,0.05
199,12,friendship,13,0.05
199,13,friendship,24,0.05
199,14,friendship,27,0.05
199,15,friendship,24,0.05
199,16,friendship,26,0.05
199,17,friendship,21,0.05
199,18,friendship,9,0.05
199,19,friendship,8,0.05
199,20,friendship,8,0.05
199,21,friendship,1,0.05
199,22,friendship,2,0.05
200,3,friendship,1,0.05
200,4,friendship,3,0.05
200,5,friendship,5,0.05
200,6,friendship,6,0.05
200,7,friendship,14,0.05
200,8,friendship,14,0.05
200,9,friendship,18,0.05
200,10,friendship,19,0.05
200,11,friendship,9,0.05
200,12,friendship,12,0.05
200,13,friendship,20,0.05
200,14,friendship,23,0.05
200,15,friendship,19,0.05
200,16,friendship,21,0.05
200,17,friendship,7,0.05
200,18,friendship,2,0.05
200,19,friendship,2,0.05
200,20,friendship,1,0.05
201,1,friendship,1,0.05
201,2,friendship,1,0.05
201,3,friendship,13,0.05
201,4,friendship,11,0.05
201,5,friendship,16,0.05
201,6,friendship,27,0.05
201,7,friendship,28,0.05
201,8,friendship,29,0.05
201,9,friendship,27,0.05
201,10,friendship,11,0.05
201,11,friendship,12,0.05
201,12,friendship,10,0.05
201,13,friendship,2,0.05
201,14,friendship,1,0.05
202,1,friendship,1,0.05
202,2,friendship,1,0.05
202,3,friendship,1,0.05
202,4,friendship,4,0.05
202,5,friendship,19,0.05
202,6,friendship,16,0.05
202,7,friendship,19,0.05
202,8,friendship,26,0.05
202,9,friendship,27,0.05
202,10,friendship,33,0.05
202,11,friendship,19,0.05
202,12,friendship,19,0.05
202,13,friendship,8,0.05
202,14,friendship,4,0.05
203,1,friendship,1,0.05
203,2,friendship,6,0.05
203,3,friendship,5,0.05
203,4,friendship,5,0.05
203,5,friendship,23,0.05
203,6,friendship,20,0.05
203,7,friendship,35,0.05
203,8,friendship,44,0.05
203,9,friendship,20,0.05
203,10,friendship,18,0.05
203,11,friendship,6,0.05
203,12,friendship,8,0.05
203,13,friendship,1,0.05
203,14,friendship,3,0.05
204,1,friendship,1,0.05
204,2,friendship,2,0.05
204,3,friendship,8,0.05
204,4,friendship,15,0.05
204,5,friendship,12,0.05
204,6,friendship,29,0.05
204,7,friendship,30,0.05
204,8,friendship,18,0.05
204,9,friendship,34,0.05
204,10,friendship,17,0.05
204,11,friendship,15,0.05
204,12,friendship,11,0.05
204,13,friendship,4,0.05
204,14,friendship,1,0.05
204,15,friendship,1,0.05
205,3,friendship,1,0.05
205,4,friendship,1,0.05
205,6,friendship,7,0.05
205,7,friendship,14,0.05
205,8,friendship,20,0.05
205,9,friendship,14,0.05
205,10,friendship,17,0.05
205,11,friendship,17,0.05
205,12,friendship,20,0.05
205,13,friendship,20,0.05
205,14,friendship,15,0.05
205,15,friendship,16,0.05
205,16,friendship,13,0.05
205,17,friendship,12,0.05
205,18,friendship,3,0.05
205,19,friendship,3,0.05
205,20,friendship,1,0.05
205,21,friendship,2,0.05
206,2,friendship,1,0.05
206,3,friendship,3,0.05
206,4,friendship,1,0.05
206,5,friendship,7,0.05
206,6,friendship,8,0.05
206,7,friendship,13,0.05
206,8,friendship,12,0.05
206,9,friendship,12,0.05
206,10,friendship,18,0.05
206,11,friendship,26,0.05
206,12,friendship,28,0.05
206,13,friendship,33,0.05
206,14,friendship,19,0.05
206,15,friendship,14,0.05
206,16,friendship,5,0.05
206,17,friendship,2,0.05
207,1,friendship,2,0.05
207,2,friendship,1,0.05
207,3,friendship,10,0.05
207,4,friendship,10,0.05
207,5,friendship,14,0.05
207,6,friendship,16,0.05
207,7,friendship,16,0.05
207,8,friendship,17,0.05
207,9,friendship,12,0.05
207,10,friendship,12,0.05
207,11,friendship,12,0.05
207,12,friendship,9,0.05
207,13,friendship,5,0.05
207,14,friendship,13,0.05
207,15,friendship,9,0.05
207,16,friendship,8,0.05
207,17,friendship,12,0.05
207,18,friendship,9,0.05
207,19,friendship,4,0.05
207,20,friendship,1,0.05
207,21,friendship,2,0.05
207,22,friendship,1,0.05
208,3,friendship,1,0.05
208,4,friendship,2,0.05
208,6,friendship,1,0.05
208,7,friendship,4,0.05
208,8,friendship,10,0.05
208,9,friendship,9,0.05
208,10,friendship,6,0.05
208,11,friendship,13,0.05
208,12,friendship,18,0.05
208,13,friendship,23,0.05
208,14,friendship,32,0.05
208,15,friendship,28,0.05
208,16,friendship,28,0.05
208,17,friendship,9,0.05
208,18,friendship,4,0.05
208,19,friendship,1,0.05
209,2,friendship,1,0.05
209,3,friendship,7,0.05
209,4,friendship,16,0.05
209,5,friendship,19,0.05
209,6,friendship,32,0.05
209,7,friendship,31,0.05
209,8,friendship,29,0.05
209,9,friendship,28,0.05
209,10,friendship,17,0.05
209,11,friendship,8,0.05
209,12,friendship,2,0.05
209,13,friendship,3,0.05
209,14,friendship,1,0.05
209,15,friendship,1,0.05
209,16,friendship,2,0.05
209,18,friendship,1,0.05
210,2,friendship,3,0.05
210,3,friendship,4,0.05
210,4,friendship,11,0.05
210,5,friendship,14,0.05
210,6,friendship,18,0.05
210,7,friendship,34,0.05
210,8,friendship,38,0.05
210,9,friendship,27,0.05
210,10,friendship,24,0.05
210,11,friendship,5,0.05
210,12,friendship,5,0.05
210,14,friendship,1,0.05
211,1,friendship,1,0.05
211,2,friendship,1,0.05
211,4,friendship,1,0.05
211,5,friendship,2,0.05
211,7,friendship,2,0.05
211,8,friendship,4,0.05
211,9,friendship,4,0.05
211,10,friendship,10,0.05
211,11,friendship,22,0.05
211,12,friendship,23,0.05
211,13,friendship,29,0.05
211,14,friendship,29,0.05
211,15,friendship,28,0.05
211,16,friendship,14,0.05
211,17,friendship,9,0.05
211,18,friendship,6,0.05
211,19,friendship,1,0.05
211,20,friendship,2,0.05
212,1,friendship,1,0.05
212,3,friendship,6,0.05
212,4,friendship,7,0.05
212,5,friendship,18,0.05
212,6,friendship,21,0.05
212,7,friendship,28,0.05
212,8,friendship,27,0.05
212,9,friendship,25,0.05
212,10,friendship,28,0.05
212,11,friendship,9,0.05
212,12,friendship,6,0.05
212,13,friendship,5,0.05
212,14,friendship,4,0.05
212,15,friendship,2,0.05
212,16,friendship,2,0.05
213,1,friendship,2,0.05
213,2,friendship,4,0.05
213,3,friendship,6,0.05
213,4,friendship,8,0.05
213,5,friendship,16,0.05
213,6,friendship,24,0.05
213,7,friendship,30,0.05
213,8,friendship,27,0.05
213,9,friendship,28,0.05
213,10,friendship,22,0.05
213,11,friendship,12,0.05
213,12,friendship,10,0.05
213,13,friendship,4,0.05
214,3,friendship,2,0.05
214,4,friendship,5,0.05
214,5,friendship,7,0.05
214,6,friendship,20,0.05
214,7,friendship,22,0.05
214,8,friendship,31,0.05
214,9,friendship,23,0.05
214,10,friendship,30,0.05
214,11,friendship,18,0.05
214,12,friendship,10,0.05
214,13,friendship,4,0.05
214,14,friendship,11,0.05
214,15,friendship,5,0.05
214,16,friendship,3,0.05
214,17,friendship,1,0.05
215,1,friendship,1,0.05
215,2,friendship,2,0.05
215,3,friendship,6,0.05
215,4,friendship,10,0.05
215,5,friendship,13,0.05
215,6,friendship,12,0.05
215,7,friendship,26,0.05
215,8,friendship,37,0.05
215,9,friendship,39,0.05
215,10,friendship,24,0.05
215,11,friendship,8,0.05
215,12,friendship,8,0.05
215,13,friendship,1,0.05
215,14,friendship,2,0.05
215,16,friendship,1,0.05
215,19,friendship,2,0.05
215,21,friendship,1,0.05
216,3,friendship,3,0.05
216,4,friendship,6,0.05
216,5,friendship,8,0.05
216,6,friendship,18,0.05
216,7,friendship,30,0.05
216,8,friendship,31,0.05
216,9,friendship,37,0.05
216,10,friendship,30,0.05
216,11,friendship,18,0.05
216,12,friendship,11,0.05
216,13,friendship,3,0.05
217,2,friendship,2,0.05
217,3,friendship,2,0.05
217,4,friendship,6,0.05
217,5,friendship,5,0.05
217,6,friendship,6,0.05
217,7,friendship,16,0.05
217,8,friendship,21,0.05
217,9,friendship,22,0.05
217,10,friendship,31,0.05
217,11,friendship,26,0.05
217,12,friendship,9,0.05
217,13,friendship,17,0.05
217,14,friendship,7,0.05
217,16,friendship,2,0.05
217,17,friendship,1,0.05
217,18,friendship,2,0.05
218,1,friendship,1,0.05
218,2,friendship,2,0.05
218,3,friendship,3,0.05
218,4,friendship,9,0.05
218,5,friendship,13,0.05
218,6,friendship,17,0.05
218,7,friendship,14,0.05
218,8,friendship,22,0.05
218,9,friendship,27,0.05
218,10,friendship,25,0.05
218,11,friendship,31,0.05
218,12,friendship,16,0.05
218,13,friendship,8,0.05
218,14,friendship,5,0.05
218,15,friendship,2,0.05
218,16,friendship,1,0.05
218,17,friendship,2,0.05
218,18,friendship,1,0.05
218,20,friendship,1,0.05
219,1,friendship,1,0.05
219,3,friendship,1,0.05
219,4,friendship,10,0.05
219,5,friendship,7,0.05
219,6,friendship,12,0.05
219,7,friendship,26,0.05
219,8,friendship,23,0.05
219,9,friendship,25,0.05
219,10,friendship,38,0.05
219,11,friendship,21,0.05
219,12,friendship,13,0.05
219,13,friendship,6,0.05
220,1,friendship,1,0.05
220,2,friendship,4,0.05
220,3,friendship,8,0.05
220,4,friendship,16,0.05
220,5,friendship,24,0.05
220,6,friendship,23,0.05
220,7,friendship,24,0.05
220,8,friendship,13,0.05
220,9,friendship,18,0.05
220,10,friendship,16,0.05
220,11,friendship,7,0.05
220,12,friendship,8,0.05
220,13,friendship,8,0.05
220,14,friendship,7,0.05
220,15,friendship,2,0.05
220,16,friendship,3,0.05
220,17,friendship,1,0.05
220,18,friendship,1,0.05
220,19,friendship,1,0.05
220,20,friendship,1,0.05
221,2,friendship,6,0.05
221,3,friendship,8,0.05
221,4,friendship,12,0.05
221,5,friendship,14,0.05
221,6,friendship,23,0.05
221,7,friendship,19,0.05
221,8,friendship,25,0.05
221,9,friendship,23,0.05
221,10,friendship,20,0.05
221,11,friendship,14,0.05
221,12,friendship,16,0.05
221,13,friendship,9,0.05
221,14,friendship,3,0.05
221,15,friendship,2,0.05
221,16,friendship,1,0.05
221,17,friendship,1,0.05
221,20,friendship,1,0.05
222,1,friendship,1,0.05
222,3,friendship,4,0.05
222,4,friendship,4,0.05
222,5,friendship,8,0.05
222,6,friendship,9,0.05
222,7,friendship,15,0.05
222,8,friendship,22,0.05
222,9,friendship,18,0.05
222,10,friendship,23,0.05
222,11,friendship,29,0.05
222,12,friendship,25,0.05
222,13,friendship,13,0.05
222,14,friendship,10,0.05
222,15,friendship,2,0.05
222,16,friendship,1,0.05
222,17,friendship,1,0.05
222,20,friendship,1,0.05
223,1,friendship,2,0.05
223,2,friendship,2,0.05
223,3,friendship,4,0.05
223,4,friendship,12,0.05
223,5,friendship,15,0.05
223,6,friendship,25,0.05
223,7,friendship,27,0.05
223,8,friendship,17,0.05
223,9,friendship,23,0.05
223,10,friendship,20,0.05
223,11,friendship,18,0.05
223,12,friendship,15,0.05
223,13,friendship,5,0.05
223,14,friendship,3,0.05
223,15,friendship,4,0.05
223,16,friendship,2,0.05
224,2,friendship,4,0.05
224,3,friendship,14,0.05
224,4,friendship,30,0.05
224,5,friendship,26,0.05
224,6,friendship,26,0.05
224,7,friendship,19,0.05
224,8,friendship,20,0.05
224,9,friendship,11,0.05
224,10,friendship,6,0.05
224,11,friendship,5,0.05
224,12,friendship,3,0.05
224,13,friendship,9,0.05
224,14,friendship,3,0.05
224,15,friendship,5,0.05
224,16,friendship,1,0.05
225,2,friendship,1,0.05
225,3,friendship,2,0.05
225,4,friendship,4,0.05
225,5,friendship,5,0.05
225,6,friendship,8,0.05
225,7,friendship,18,0.05
225,8,friendship,15,0.05
225,9,friendship,30,0.05
225,10,friendship,22,0.05
225,11,friendship,25,0.05
225,12,friendship,28,0.05
225,13,friendship,21,0.05
225,14,friendship,8,0.05
225,15,friendship,6,0.05
225,16,friendship,1,0.05
226,2,friendship,1,0.05
226,3,friendship,7,0.05
226,4,friendship,7,0.05
226,5,friendship,10,0.05
226,6,friendship,11,0.05
226,7,friendship,13,0.05
226,8,friendship,15,0.05
226,9,friendship,26,0.05
226,10,friendship,23,0.05
226,11,friendship,27,0.05
226,12,friendship,18,0.05
226,13,friendship,11,0.05
226,14,friendship,8,0.05
226,15,friendship,4,0.05
226,17,friendship,2,0.05
226,19,friendship,1,0.05
226,22,friendship,1,0.05
227,2,friendship,2,0.05
227,3,friendship,2,0.05
227,4,friendship,7,0.05
227,5,friendship,10,0.05
227,6,friendship,12,0.05
227,7,friendship,13,0.05
227,8,friendship,24,0.05
227,9,friendship,21,0.05
227,10,friendship,33,0.05
227,11,friendship,25,0.05
227,12,friendship,27,0.05
227,13,friendship,9,0.05
227,14,friendship,7,0.05
227,15,friendship,3,0.05
227,16,friendship,4,0.05
227,17,friendship,1,0.05
228,2,friendship,1,0.05
228,3,friendship,6,0.05
228,4,friendship,12,0.05
228,5,friendship,10,0.05
228,6,friendship,19,0.05
228,7,friendship,38,0.05
228,8,friendship,29,0.05
228,9,friendship,32,0.05
228,10,friendship,14,0.05
228,11,friendship,11,0.05
228,12,friendship,13,0.05
228,13,friendship,5,0.05
228,15,friendship,2,0.05
228,16,friendship,1,0.05
229,3,friendship,1,0.05
230,3,friendship,1,0.05
230,6,friendship,1,0.05
230,7,friendship,2,0.05
230,8,friendship,3,0.05
230,9,friendship,7,0.05
230,10,friendship,14,0.05
230,11,friendship,17,0.05
230,12,friendship,14,0.05
230,13,friendship,12,0.05
230,14,friendship,20,0.05
230,15,friendship,8,0.05
230,16,friendship,18,0.05
230,17,friendship,12,0.05
230,18,friendship,11,0.05
230,19,friendship,9,0.05
230,20,friendship,8,0.05
230,21,friendship,3,0.05
230,22,friendship,2,0.05
231,1,friendship,1,0.05
231,2,friendship,3,0.05
231,3,friendship,2,0.05
231,4,friendship,4,0.05
231,5,friendship,13,0.05
231,6,friendship,19,0.05
231,7,friendship,28,0.05
231,8,friendship,30,0.05
231,9,friendship,18,0.05
231,10,friendship,9,0.05
231,11,friendship,8,0.05
231,12,friendship,5,0.05
231,13,friendship,2,0.05
231,14,friendship,8,0.05
231,15,friendship,7,0.05
231,16,friendship,10,0.05
231,17,friendship,5,0.05
231,18,friendship,5,0.05
231,20,friendship,2,0.05
231,21,friendship,1,0.05
232,2,friendship,2,0.05
232,3,friendship,5,0.05
232,4,friendship,5,0.05
232,5,friendship,5,0.05
232,6,friendship,11,0.05
232,7,friendship,10,0.05
232,8,friendship,26,0.05
232,9,friendship,26,0.05
232,10,friendship,23,0.05
232,11,friendship,24,0.05
232,12,friendship,18,0.05
232,13,friendship,14,0.05
232,14,friendship,8,0.05
232,15,friendship,2,0.05
232,16,friendship,3,0.05
232,17,friendship,1,0.05
232,18,friendship,1,0.05
233,1,friendship,1,0.05
233,3,friendship,3,0.05
233,4,friendship,2,0.05
233,5,friendship,2,0.05
233,6,friendship,7,0.05
233,7,friendship,7,0.05
233,8,friendship,16,0.05
233,9,friendship,17,0.05
233,10,friendship,23,0.05
233,11,friendship,32,0.05
233,12,friendship,36,0.05
233,13,friendship,23,0.05
233,14,friendship,13,0.05
233,15,friendship,8,0.05
233,16,friendship,4,0.05
233,17,friendship,2,0.05
234,1,friendship,1,0.05
234,2,friendship,3,0.05
234,3,friendship,2,0.05
234,4,friendship,10,0.05
234,5,friendship,11,0.05
234,6,friendship,20,0.05
234,7,friendship,20,0.05
234,8,friendship,24,0.05
234,9,friendship,27,0.05
234,10,friendship,23,0.05
234,11,friendship,24,0.05
234,12,friendship,12,0.05
234,13,friendship,10,0.05
234,14,friendship,5,0.05
234,15,friendship,3,0.05
234,16,friendship,3,0.05
234,18,friendship,2,0.05
235,2,friendship,4,0.05
235,3,friendship,5,0.05
235,4,friendship,6,0.05
235,5,friendship,15,0.05
235,6,friendship,15,0.05
235,7,friendship,21,0.05
235,8,friendship,16,0.05
235,9,friendship,21,0.05
235,10,friendship,29,0.05
235,11,friendship,23,0.05
235,12,friendship,19,0.05
235,13,friendship,10,0.05
235,14,friendship,3,0.05
235,15,friendship,3,0.05
235,16,friendship,1,0.05
236,1,friendship,1,0.05
236,2,friendship,5,0.05
236,3,friendship,6,0.05
236,4,friendship,15,0.05
236,5,friendship,8,0.05
236,6,friendship,11,0.05
236,7,friendship,22,0.05
236,8,friendship,23,0.05
236,9,friendship,33,0.05
236,10,friendship,21,0.05
236,11,friendship,15,0.05
236,12,friendship,12,0.05
236,13,friendship,11,0.05
236,14,friendship,4,0.05
236,15,friendship,2,0.05
236,16,friendship,1,0.05
236,19,friendship,1,0.05
237,1,friendship,2,0.05
237,2,friendship,6,0.05
237,3,friendship,8,0.05
237,4,friendship,11,0.05
237,5,friendship,29,0.05
237,6,friendship,23,0.05
237,7,friendship,19,0.05
237,8,friendship,26,0.05
237,9,friendship,25,0.05
237,10,friendship,16,0.05
237,11,friendship,9,0.05
237,12,friendship,10,0.05
237,13,friendship,5,0.05
237,14,friendship,2,0.05
238,2,friendship,2,0.05
238,3,friendship,3,0.05
238,4,friendship,17,0.05
238,5,friendship,30,0.05
238,6,friendship,37,0.05
238,7,friendship,23,0.05
238,8,friendship,34,0.05
238,9,friendship,24,0.05
238,10,friendship,14,0.05
238,11,friendship,2,0.05
238,12,friendship,5,0.05
238,13,friendship,2,0.05
238,14,friendship,1,0.05
238,15,friendship,1,0.05
239,1,friendship,1,0.05
239,2,friendship,3,0.05
239,3,friendship,6,0.05
239,4,friendship,8,0.05
239,5,friendship,27,0.05
239,6,friendship,31,0.05
239,7,friendship,36,0.05
239,8,friendship,32,0.05
239,9,friendship,19,0.05
239,10,friendship,16,0.05
239,11,friendship,7,0.05
239,12,friendship,7,0.05
239,14,friendship,1,0.05
240,1,friendship,1,0.05
240,2,friendship,2,0.05
240,3,friendship,11,0.05
240,4,friendship,15,0.05
240,5,friendship,23,0.05
240,6,friendship,29,0.05
240,7,friendship,25,0.05
240,8,friendship,30,0.05
240,9,friendship,23,0.05
240,10,friendship,19,0.05
240,11,friendship,11,0.05
240,12,friendship,7,0.05
240,13,friendship,3,0.05
240,14,friendship,4,0.05
241,3,friendship,1,0.05
241,5,friendship,2,0.05
241,6,friendship,5,0.05
241,7,friendship,4,0.05
241,8,friendship,11,0.05
241,9,friendship,13,0.05
241,10,friendship,20,0.05
241,11,friendship,24,0.05
241,12,friendship,28,0.05
241,13,friendship,33,0.05
241,14,friendship,18,0.05
241,15,friendship,16,0.05
241,16,friendship,8,0.05
241,17,friendship,6,0.05
241,18,friendship,2,0.05
241,19,friendship,2,0.05
242,2,friendship,1,0.05
242,3,friendship,1,0.05
242,4,friendship,6,0.05
242,5,friendship,10,0.05
242,6,friendship,6,0.05
242,7,friendship,9,0.05
242,8,friendship,23,0.05
242,9,friendship,31,0.05
242,10,friendship,28,0.05
242,11,friendship,27,0.05
242,12,friendship,21,0.05
242,13,friendship,9,0.05
242,14,friendship,4,0.05
242,15,friendship,4,0.05
242,16,friendship,3,0.05
242,17,friendship,2,0.05
242,18,friendship,4,0.05
242,20,friendship,5,0.05
242,21,friendship,1,0.05
242,22,friendship,1,0.05
243,3,friendship,1,0.05
244,2,friendship,1,0.05
244,3,friendship,2,0.05
244,4,friendship,7,0.05
244,5,friendship,16,0.05
244,6,friendship,18,0.05
244,7,friendship,14,0.05
244,8,friendship,27,0.05
244,9,friendship,26,0.05
244,10,friendship,22,0.05
244,11,friendship,14,0.05
244,12,friendship,10,0.05
244,13,friendship,7,0.05
244,14,friendship,6,0.05
244,15,friendship,3,0.05
244,16,friendship,2,0.05
244,17,friendship,2,0.05
244,18,friendship,2,0.05
244,21,friendship,1,0.05
245,1,friendship,2,0.05
245,2,friendship,3,0.05
245,3,friendship,2,0.05
245,4,friendship,8,0.05
245,5,friendship,9,0.05
245,6,friendship,9,0.05
245,7,friendship,6,0.05
245,8,friendship,6,0.05
245,9,friendship,8,0.05
245,10,friendship,12,0.05
245,11,friendship,15,0.05
245,12,friendship,19,0.05
245,13,friendship,18,0.05
245,14,friendship,16,0.05
245,15,friendship,14,0.05
245,16,friendship,14,0.05
245,17,friendship,9,0.05
245,18,friendship,9,0.05
245,19,friendship,6,0.05
245,20,friendship,2,0.05
245,21,friendship,2,0.05
245,22,friendship,1,0.05
246,1,friendship,1,0.05
246,2,friendship,7,0.05
246,3,friendship,6,0.05
246,4,friendship,11,0.05
246,5,friendship,12,0.05
246,6,friendship,21,0.05
246,7,friendship,17,0.05
246,8,friendship,30,0.05
246,9,friendship,31,0.05
246,10,friendship,20,0.05
246,11,friendship,16,0.05
246,12,friendship,10,0.05
246,13,friendship,2,0.05
246,14,friendship,4,0.05
246,16,friendship,1,0.05
246,17,friendship,2,0.05
247,1,friendship,1,0.05
247,2,friendship,2,0.05
247,3,friendship,2,0.05
247,4,friendship,6,0.05
247,5,friendship,6,0.05
247,6,friendship,15,0.05
247,7,friendship,15,0.05
247,8,friendship,19,0.05
247,9,friendship,24,0.05
247,10,friendship,24,0.05
247,11,friendship,31,0.05
247,12,friendship,19,0.05
247,13,friendship,9,0.05
247,14,friendship,8,0.05
247,15,friendship,6,0.05
247,16,friendship,3,0.05
247,17,friendship,4,0.05
247,18,friendship,1,0.05
247,19,friendship,1,0.05
247,20,friendship,1,0.05
248,1,friendship,2,0.05
248,2,friendship,5,0.05
248,3,friendship,8,0.05
248,4,friendship,18,0.05
248,5,friendship,14,0.05
248,6,friendship,37,0.05
248,7,friendship,29,0.05
248,8,friendship,28,0.05
248,9,friendship,20,0.05
248,10,friendship,12,0.05
248,11,friendship,6,0.05
248,12,friendship,5,0.05
248,13,friendship,4,0.05
248,14,friendship,1,0.05
249,2,friendship,1,0.05
249,3,friendship,5,0.05
249,4,friendship,9,0.05
249,5,friendship,14,0.05
249,6,friendship,15,0.05
249,7,friendship,31,0.05
249,8,friendship,20,0.05
249,9,friendship,26,0.05
249,10,friendship,16,0.05
249,11,friendship,15,0.05
249,12,friendship,11,0.05
249,13,friendship,12,0.05
249,14,friendship,4,0.05
249,15,friendship,3,0.05
249,16,friendship,4,0.05
250,2,friendship,1,0.05
250,3,friendship,6,0.05
250,4,friendship,10,0.05
250,5,friendship,13,0.05
250,6,friendship,22,0.05
250,7,friendship,16,0.05
250,8,friendship,27,0.05
250,9,friendship,20,0.05
250,10,friendship,15,0.05
250,11,friendship,23,0.05
250,12,friendship,19,0.05
250,13,friendship,17,0.05
250,14,friendship,9,0.05
250,15,friendship,4,0.05
250,16,friendship,2,0.05
251,3,friendship,2,0.05
251,4,friendship,3,0.05
251,5,friendship,2,0.05
251,6,friendship,8,0.05
251,7,friendship,6,0.05
251,8,friendship,29,0.05
251,9,friendship,34,0.05
251,10,friendship,47,0.05
251,11,friendship,29,0.05
251,12,friendship,25,0.05
251,13,friendship,14,0.05
251,14,friendship,7,0.05
251,16,friendship,1,0.05
251,18,friendship,1,0.05
252,3,friendship,4,0.05
252,4,friendship,2,0.05
252,5,friendship,4,0.05
252,6,friendship,2,0.05
252,7,friendship,2,0.05
252,8,friendship,4,0.05
252,9,friendship,1,0.05
252,10,friendship,2,0.05
252,11,friendship,13,0.05
252,12,friendship,18,0.05
252,13,friendship,26,0.05
252,14,friendship,30,0.05
252,15,friendship,20,0.05
252,16,friendship,23,0.05
252,17,friendship,25,0.05
252,18,friendship,11,0.05
252,19,friendship,5,0.05
252,20,friendship,2,0.05
252,21,friendship,2,0.05
253,4,friendship,1,0.05
254,2,friendship,2,0.05
254,3,friendship,2,0.05
254,4,friendship,9,0.05
254,5,friendship,10,0.05
254,6,friendship,7,0.05
254,7,friendship,18,0.05
254,8,friendship,29,0.05
254,9,friendship,32,0.05
254,10,friendship,26,0.05
254,11,friendship,28,0.05
254,12,friendship,15,0.05
254,13,friendship,8,0.05
254,14,friendship,7,0.05
254,15,friendship,6,0.05
254,16,friendship,3,0.05
254,18,friendship,1,0.05
255,3,friendship,1,0.05
255,5,friendship,1,0.05
255,6,friendship,1,0.05
255,7,friendship,2,0.05
255,8,friendship,3,0.05
255,9,friendship,6,0.05
255,10,friendship,4,0.05
255,11,friendship,2,0.05
255,12,friendship,13,0.05
255,13,friendship,16,0.05
255,14,friendship,27,0.05
255,15,friendship,33,0.05
255,16,friendship,34,0.05
255,17,friendship,14,0.05
255,18,friendship,17,0.05
255,19,friendship,10,0.05
255,20,friendship,2,0.05
255,21,friendship,2,0.05
256,2,friendship,3,0.05
256,3,friendship,6,0.05
256,4,friendship,12,0.05
256,5,friendship,21,0.05
256,6,friendship,29,0.05
256,7,friendship,34,0.05
256,8,friendship,27,0.05
256,9,friendship,36,0.05
256,10,friendship,19,0.05
256,11,friendship,9,0.05
256,12,friendship,2,0.05
256,14,friendship,1,0.05
257,3,friendship,1,0.05
257,4,friendship,1,0.05
257,5,friendship,1,0.05
257,6,friendship,5,0.05
257,7,friendship,7,0.05
257,8,friendship,13,0.05
257,9,friendship,12,0.05
257,10,friendship,18,0.05
257,11,friendship,16,0.05
257,12,friendship,9,0.05
257,13,friendship,17,0.05
257,14,friendship,17,0.05
257,15,friendship,14,0.05
257,16,friendship,19,0.05
257,17,friendship,11,0.05
257,18,friendship,8,0.05
257,19,friendship,14,0.05
257,20,friendship,4,0.05
257,21,friendship,4,0.05
257,22,friendship,1,0.05
258,1,friendship,1,0.05
258,2,friendship,1,0.05
258,3,friendship,5,0.05
258,4,friendship,9,0.05
258,5,friendship,7,0.05
258,6,friendship,17,0.05
258,7,friendship,18,0.05
258,8,friendship,24,0.05
258,9,friendship,27,0.05
258,10,friendship,29,0.05
258,11,friendship,25,0.05
258,12,friendship,11,0.05
258,13,friendship,12,0.05
258,14,friendship,9,0.05
258,15,friendship,2,0.05
258,16,friendship,2,0.05
259,2,friendship,5,0.05
259,3,friendship,4,0.05
259,4,friendship,21,0.05
259,5,friendship,34,0.05
259,6,friendship,42,0.05
259,7,friendship,34,0.05
259,8,friendship,19,0.05
259,9,friendship,12,0.05
259,10,friendship,9,0.05
259,11,friendship,6,0.05
259,13,friendship,3,0.05
260,2,friendship,4,0.05
260,3,friendship,8,0.05
260,4,friendship,12,0.05
260,5,friendship,14,0.05
260,6,friendship,18,0.05
260,7,friendship,26,0.05
260,8,friendship,22,0.05
260,9,friendship,28,0.05
260,10,friendship,24,0.05
260,11,friendship,20,0.05
260,12,friendship,7,0.05
260,13,friendship,4,0.05
260,14,friendship,4,0.05
261,2,friendship,1,0.05
261,3,friendship,1,0.05
262,1,friendship,1,0.05
262,2,friendship,3,0.05
262,3,friendship,5,0.05
262,4,friendship,2,0.05
262,5,friendship,5,0.05
262,6,friendship,8,0.05
262,7,friendship,9,0.05
262,8,friendship,15,0.05
262,9,friendship,17,0.05
262,10,friendship,22,0.05
262,11,friendship,22,0.05
262,12,friendship,27,0.05
262,13,friendship,22,0.05
262,14,friendship,22,0.05
262,15,friendship,15,0.05
262,16,friendship,2,0.05
262,17,friendship,7,0.05
263,2,friendship,1,0.05
263,3,friendship,4,0.05
263,4,friendship,9,0.05
263,5,friendship,7,0.05
263,6,friendship,15,0.05
263,7,friendship,17,0.05
263,8,friendship,17,0.05
263,9,friendship,9,0.05
263,10,friendship,10,0.05
263,11,friendship,20,0.05
263,12,friendship,16,0.05
263,13,friendship,23,0.05
263,14,friendship,20,0.05
263,15,friendship,8,0.05
263,16,friendship,5,0.05
263,17,friendship,2,0.05
264,2,friendship,3,0.05
264,3,friendship,5,0.05
264,4,friendship,4,0.05
264,5,friendship,11,0.05
264,6,friendship,14,0.05
264,7,friendship,19,0.05
264,8,friendship,18,0.05
264,9,friendship,38,0.05
264,10,friendship,23,0.05
264,11,friendship,27,0.05
264,12,friendship,24,0.05
264,13,friendship,7,0.05
264,14,friendship,3,0.05
264,15,friendship,1,0.05
265,1,friendship,1,0.05
265,2,friendship,1,0.05
265,3,friendship,2,0.05
265,4,friendship,1,0.05
265,5,friendship,6,0.05
265,6,friendship,4,0.05
265,7,friendship,10,0.05
265,8,friendship,19,0.05
265,9,friendship,24,0.05
265,10,friendship,24,0.05
265,11,friendship,25,0.05
265,12,friendship,20,0.05
265,13,friendship,19,0.05
265,14,friendship,20,0.05
265,15,friendship,12,0.05
265,16,friendship,5,0.05
265,18,friendship,1,0.05
265,19,friendship,1,0.05
265,21,friendship,1,0.05
266,2,friendship,1,0.05
266,3,friendship,3,0.05
266,4,friendship,4,0.05
266,5,friendship,13,0.05
266,6,friendship,20,0.05
266,7,friendship,21,0.05
266,8,friendship,17,0.05
266,9,friendship,21,0.05
266,10,friendship,31,0.05
266,11,friendship,19,0.05
266,12,friendship,19,0.05
266,13,friendship,11,0.05
266,14,friendship,1,0.05
266,15,friendship,5,0.05
266,16,friendship,3,0.05
267,3,friendship,3,0.05
267,4,friendship,3,0.05
267,5,friendship,3,0.05
267,6,friendship,9,0.05
267,7,friendship,7,0.05
267,8,friendship,14,0.05
267,9,friendship,17,0.05
267,10,friendship,18,0.05
267,11,friendship,24,0.05
267,12,friendship,24,0.05
267,13,friendship,30,0.05
267,14,friendship,17,0.05
267,15,friendship,6,0.05
267,16,friendship,4,0.05
267,17,friendship,4,0.05
267,18,friendship,1,0.05
267,20,friendship,1,0.05
268,2,friendship,2,0.05
268,3,friendship,5,0.05
268,4,friendship,7,0.05
268,5,friendship,11,0.05
268,6,friendship,22,0.05
268,7,friendship,21,0.05
268,8,friendship,40,0.05
268,9,friendship,34,0.05
268,10,friendship,22,0.05
268,11,friendship,17,0.05
268,12,friendship,7,0.05
268,13,friendship,5,0.05
268,14,friendship,4,0.05
268,16,friendship,1,0.05
268,17,friendship,1,0.05
269,2,friendship,1,0.05
269,3,friendship,3,0.05
269,4,friendship,6,0.05
269,5,friendship,7,0.05
269,6,friendship,17,0.05
269,7,friendship,29,0.05
269,8,friendship,34,0.05
269,9,friendship,39,0.05
269,10,friendship,25,0.05
269,11,friendship,20,0.05
269,12,friendship,4,0.05
269,13,friendship,8,0.05
269,14,friendship,8,0.05
269,15,friendship,3,0.05
270,1,friendship,1,0.05
270,2,friendship,1,0.05
270,3,friendship,6,0.05
270,4,friendship,9,0.05
270,5,friendship,14,0.05
270,6,friendship,20,0.05
270,7,friendship,23,0.05
270,8,friendship,27,0.05
270,9,friendship,35,0.05
270,10,friendship,24,0.05
270,11,friendship,18,0.05
270,12,friendship,9,0.05
270,13,friendship,6,0.05
270,14,friendship,1,0.05
271,1,friendship,1,0.05
271,2,friendship,5,0.05
271,3,friendship,9,0.05
271,4,friendship,15,0.05
271,5,friendship,14,0.05
271,6,friendship,29,0.05
271,7,friendship,25,0.05
271,8,friendship,30,0.05
271,9,friendship,21,0.05
271,10,friendship,14,0.05
271,11,friendship,13,0.05
271,12,friendship,6,0.05
271,13,friendship,5,0.05
271,14,friendship,3,0.05
271,16,friendship,1,0.05
271,19,friendship,1,0.05
272,1,friendship,1,0.05
272,2,friendship,1,0.05
272,3,friendship,2,0.05
272,4,friendship,9,0.05
272,5,friendship,8,0.05
272,6,friendship,11,0.05
272,7,friendship,16,0.05
272,8,friendship,11,0.05
272,9,friendship,22,0.05
272,10,friendship,33,0.05
272,11,friendship,29,0.05
272,12,friendship,25,0.05
272,13,friendship,11,0.05
272,14,friendship,4,0.05
272,15,friendship,3,0.05
272,16,friendship,2,0.05
272,19,friendship,1,0.05
273,1,friendship,1,0.05
273,2,friendship,4,0.05
273,3,friendship,8,0.05
273,4,friendship,9,0.05
273,5,friendship,15,0.05
273,6,friendship,16,0.05
273,7,friendship,12,0.05
273,8,friendship,25,0.05
273,9,friendship,19,0.05
273,10,friendship,21,0.05
273,11,friendship,24,0.05
273,12,friendship,14,0.05
273,13,friendship,9,0.05
273,14,friendship,11,0.05
273,15,friendship,3,0.05
273,16,friendship,3,0.05
274,1,friendship,1,0.05
274,2,friendship,2,0.05
274,3,friendship,9,0.05
274,4,friendship,11,0.05
274,5,friendship,17,0.05
274,6,friendship,17,0.05
274,7,friendship,30,0.05
274,8,friendship,18,0.05
274,9,friendship,29,0.05
274,10,friendship,27,0.05
274,11,friendship,21,0.05
274,12,friendship,7,0.05
274,13,friendship,2,0.05
274,14,friendship,1,0.05
275,1,friendship,1,0.05
275,2,friendship,4,0.05
275,3,friendship,7,0.05
275,4,friendship,9,0.05
275,5,friendship,8,0.05
275,6,friendship,19,0.05
275,7,friendship,17,0.05
275,8,friendship,11,0.05
275,9,friendship,23,0.05
275,10,friendship,28,0.05
275,11,friendship,22,0.05
275,12,friendship,15,0.05
275,13,friendship,16,0.05
275,14,friendship,12,0.05
275,15,friendship,3,0.05
275,16,friendship,2,0.05
275,17,friendship,1,0.05
276,2,friendship,1,0.05
276,3,friendship,1,0.05
276,4,friendship,3,0.05
276,5,friendship,2,0.05
276,6,friendship,5,0.05
276,7,friendship,13,0.05
276,8,friendship,24,0.05
276,9,friendship,31,0.05
276,10,friendship,34,0.05
276,11,friendship,23,0.05
276,12,friendship,9,0.05
276,13,friendship,10,0.05
276,14,friendship,7,0.05
276,15,friendship,2,0.05
276,16,friendship,4,0.05
276,17,friendship,3,0.05
277,2,friendship,8,0.05
277,3,friendship,13,0.05
277,4,friendship,20,0.05
277,5,friendship,35,0.05
277,6,friendship,29,0.05
277,7,friendship,37,0.05
277,8,friendship,20,0.05
277,9,friendship,8,0.05
277,10,friendship,7,0.05
277,11,friendship,6,0.05
277,12,friendship,4,0.05
277,13,friendship,5,0.05
277,14,friendship,1,0.05
277,15,friendship,1,0.05
278,2,friendship,4,0.05
278,3,friendship,10,0.05
278,4,friendship,13,0.05
278,5,friendship,10,0.05
278,6,friendship,16,0.05
278,7,friendship,14,0.05
278,8,friendship,28,0.05
278,9,friendship,23,0.05
278,10,friendship,22,0.05
278,11,friendship,24,0.05
278,12,friendship,12,0.05
278,13,friendship,10,0.05
278,14,friendship,8,0.05
278,15,friendship,1,0.05
279,1,friendship,1,0.05
279,3,friendship,5,0.05
279,4,friendship,3,0.05
279,5,friendship,12,0.05
279,6,friendship,13,0.05
279,7,friendship,17,0.05
279,8,friendship,30,0.05
279,9,friendship,38,0.05
279,10,friendship,34,0.05
279,11,friendship,12,0.05
279,12,friendship,12,0.05
279,13,friendship,7,0.05
279,14,friendship,1,0.05
279,15,friendship,3,0.05
279,16,friendship,1,0.05
280,1,friendship,3,0.05
280,2,friendship,2,0.05
280,3,friendship,8,0.05
280,4,friendship,17,0.05
280,5,friendship,14,0.05
280,6,friendship,8,0.05
280,7,friendship,28,0.05
280,8,friendship,25,0.05
280,9,friendship,22,0.05
280,10,friendship,15,0.05
280,11,friendship,21,0.05
280,12,friendship,7,0.05
280,13,friendship,10,0.05
280,14,friendship,9,0.05
280,15,friendship,3,0.05
280,17,friendship,1,0.05
280,18,friendship,2,0.05
280,19,friendship,1,0.05
281,2,friendship,2,0.05
281,3,friendship,4,0.05
281,4,friendship,5,0.05
281,5,friendship,8,0.05
281,6,friendship,26,0.05
281,7,friendship,25,0.05
281,8,friendship,29,0.05
281,9,friendship,26,0.05
281,10,friendship,18,0.05
281,11,friendship,18,0.05
281,12,friendship,11,0.05
281,13,friendship,6,0.05
281,14,friendship,7,0.05
282,3,friendship,6,0.05
282,4,friendship,5,0.05
282,5,friendship,10,0.05
282,6,friendship,19,0.05
282,7,friendship,39,0.05
282,8,friendship,22,0.05
282,9,friendship,32,0.05
282,10,friendship,24,0.05
282,11,friendship,22,0.05
282,12,friendship,12,0.05
282,13,friendship,3,0.05
282,14,friendship,2,0.05
282,15,friendship,1,0.05
283,3,friendship,2,0.05
283,4,friendship,2,0.05
283,5,friendship,9,0.05
283,6,friendship,9,0.05
283,7,friendship,13,0.05
283,8,friendship,18,0.05
283,9,friendship,16,0.05
283,10,friendship,22,0.05
283,11,friendship,23,0.05
283,12,friendship,24,0.05
283,13,friendship,21,0.05
283,14,friendship,16,0.05
283,15,friendship,5,0.05
283,16,friendship,4,0.05
283,17,friendship,3,0.05
283,20,friendship,2,0.05
283,21,friendship,1,0.05
284,1,friendship,1,0.05
284,2,friendship,2,0.05
284,3,friendship,2,0.05
284,4,friendship,3,0.05
284,5,friendship,4,0.05
284,6,friendship,4,0.05
284,7,friendship,17,0.05
284,8,friendship,19,0.05
284,9,friendship,21,0.05
284,10,friendship,31,0.05
284,11,friendship,24,0.05
284,12,friendship,28,0.05
284,13,friendship,21,0.05
284,14,friendship,17,0.05
284,15,friendship,7,0.05
284,16,friendship,3,0.05
284,17,friendship,1,0.05
285,3,friendship,3,0.05
285,4,friendship,4,0.05
285,5,friendship,3,0.05
285,6,friendship,8,0.05
285,7,friendship,8,0.05
285,8,friendship,6,0.05
285,9,friendship,6,0.05
285,10,friendship,8,0.05
285,11,friendship,10,0.05
285,12,friendship,23,0.05
285,13,friendship,20,0.05
285,14,friendship,30,0.05
285,15,friendship,23,0.05
285,16,friendship,26,0.05
285,17,friendship,10,0.05
285,18,friendship,6,0.05
285,19,friendship,3,0.05
285,20,friendship,1,0.05
285,21,friendship,1,0.05
285,22,friendship,1,0.05
286,1,friendship,1,0.05
286,3,friendship,2,0.05
286,4,friendship,6,0.05
286,5,friendship,5,0.05
286,6,friendship,6,0.05
286,7,friendship,10,0.05
286,8,friendship,14,0.05
286,9,friendship,16,0.05
286,10,friendship,15,0.05
286,11,friendship,23,0.05
286,12,friendship,20,0.05
286,13,friendship,22,0.05
286,14,friendship,19,0.05
286,15,friendship,13,0.05
286,16,friendship,6,0.05
286,17,friendship,10,0.05
286,18,friendship,4,0.05
286,19,friendship,2,0.05
286,20,friendship,1,0.05
286,21,friendship,1,0.05
287,1,friendship,2,0.05
287,2,friendship,4,0.05
287,3,friendship,5,0.05
287,4,friendship,10,0.05
287,5,friendship,17,0.05
287,6,friendship,13,0.05
287,7,friendship,22,0.05
287,8,friendship,29,0.05
287,9,friendship,28,0.05
287,10,friendship,25,0.05
287,11,friendship,14,0.05
287,12,friendship,14,0.05
287,13,friendship,6,0.05
287,14,friendship,1,0.05
287,15,friendship,1,0.05
288,2,friendship,1,0.05
288,3,friendship,1,0.05
288,4,friendship,4,0.05
288,5,friendship,11,0.05
288,6,friendship,19,0.05
288,7,friendship,30,0.05
288,8,friendship,43,0.05
288,9,friendship,30,0.05
288,10,friendship,26,0.05
288,11,friendship,14,0.05
288,12,friendship,9,0.05
288,13,friendship,3,0.05
288,15,friendship,1,0.05
289,2,friendship,1,0.05
289,3,friendship,1,0.05
290,3,friendship,2,0.05
290,4,friendship,6,0.05
290,5,friendship,12,0.05
290,6,friendship,13,0.05
290,7,friendship,17,0.05
290,8,friendship,26,0.05
290,9,friendship,21,0.05
290,10,friendship,16,0.05
290,11,friendship,14,0.05
290,12,friendship,14,0.05
290,13,friendship,14,0.05
290,14,friendship,12,0.05
290,15,friendship,8,0.05
290,16,friendship,5,0.05
290,17,friendship,6,0.05
290,18,friendship,4,0.05
290,19,friendship,1,0.05
290,20,friendship,4,0.05
290,21,friendship,1,0.05
291,1,friendship,1,0.05
291,3,friendship,1,0.05
291,4,friendship,8,0.05
291,5,friendship,7,0.05
291,6,friendship,6,0.05
291,7,friendship,22,0.05
291,8,friendship,23,0.05
291,9,friendship,26,0.05
291,10,friendship,34,0.05
291,11,friendship,29,0.05
291,12,friendship,16,0.05
291,13,friendship,13,0.05
291,14,friendship,8,0.05
291,15,friendship,4,0.05
291,16,friendship,2,0.05
292,1,friendship,1,0.05
292,3,friendship,5,0.05
292,4,friendship,4,0.05
292,5,friendship,5,0.05
292,6,friendship,17,0.05
292,7,friendship,16,0.05
292,8,friendship,19,0.05
292,9,friendship,33,0.05
292,10,friendship,25,0.05
292,11,friendship,16,0.05
292,12,friendship,17,0.05
292,13,friendship,11,0.05
292,14,friendship,7,0.05
292,15,friendship,2,0.05
292,16,friendship,8,0.05
292,17,friendship,1,0.05
292,18,friendship,1,0.05
292,19,friendship,2,0.05
293,2,friendship,4,0.05
293,3,friendship,4,0.05
293,4,friendship,3,0.05
293,5,friendship,7,0.05
293,6,friendship,5,0.05
293,7,friendship,13,0.05
293,8,friendship,13,0.05
293,9,friendship,21,0.05
293,10,friendship,27,0.05
293,11,friendship,24,0.05
293,12,friendship,19,0.05
293,13,friendship,14,0.05
293,14,friendship,12,0.05
293,15,friendship,11,0.05
293,16,friendship,5,0.05
294,1,friendship,1,0.05
294,3,friendship,1,0.05
294,4,friendship,4,0.05
294,5,friendship,9,0.05
294,6,friendship,14,0.05
294,7,friendship,18,0.05
294,8,friendship,28,0.05
294,9,friendship,23,0.05
294,10,friendship,28,0.05
294,11,friendship,31,0.05
294,12,friendship,21,0.05
294,13,friendship,13,0.05
294,14,friendship,4,0.05
294,15,friendship,3,0.05
295,3,friendship,2,0.05
295,5,friendship,1,0.05
295,6,friendship,3,0.05
295,7,friendship,1,0.05
296,2,friendship,3,0.05
296,3,friendship,4,0.05
296,4,friendship,12,0.05
296,5,friendship,16,0.05
296,6,friendship,11,0.05
296,7,friendship,13,0.05
296,8,friendship,11,0.05
296,9,friendship,9,0.05
296,10,friendship,6,0.05
296,11,friendship,8,0.05
296,12,friendship,17,0.05
296,13,friendship,6,0.05
296,14,friendship,14,0.05
296,15,friendship,19,0.05
296,16,friendship,12,0.05
296,17,friendship,5,0.05
296,18,friendship,4,0.05
296,19,friendship,5,0.05
296,20,friendship,1,0.05
296,21,friendship,1,0.05
296,22,friendship,2,0.05
297,1,friendship,3,0.05
297,2,friendship,2,0.05
297,3,friendship,2,0.05
297,4,friendship,8,0.05
297,5,friendship,6,0.05
297,6,friendship,11,0.05
297,7,friendship,20,0.05
297,8,friendship,31,0.05
297,9,friendship,22,0.05
297,10,friendship,21,0.05
297,11,friendship,21,0.05
297,12,friendship,19,0.05
297,13,friendship,15,0.05
297,14,friendship,9,0.05
297,15,friendship,6,0.05
297,16,friendship,2,0.05
297,17,friendship,2,0.05
298,3,friendship,3,0.05
298,4,friendship,6,0.05
298,5,friendship,8,0.05
298,6,friendship,19,0.05
298,7,friendship,25,0.05
298,8,friendship,24,0.05
298,9,friendship,27,0.05
298,10,friendship,26,0.05
298,11,friendship,15,0.05
298,12,friendship,18,0.05
298,13,friendship,16,0.05
298,14,friendship,2,0.05
298,15,friendship,8,0.05
298,16,friendship,3,0.05
299,2,friendship,2,0.05
299,3,friendship,3,0.05
299,4,friendship,5,0.05
299,5,friendship,5,0.05
299,6,friendship,9,0.05
299,7,friendship,8,0.05
299,8,friendship,22,0.05
299,9,friendship,21,0.05
299,10,friendship,29,0.05
299,11,friendship,33,0.05
299,12,friendship,25,0.05
299,13,friendship,13,0.05
299,14,friendship,6,0.05
299,15,friendship,3,0.05
0,1,friendship,1,0.1
0,2,friendship,2,0.1
0,3,friendship,2,0.1
0,4,friendship,8,0.1
0,5,friendship,8,0.1
0,6,friendship,13,0.1
0,7,friendship,26,0.1
0,8,friendship,15,0.1
0,9,friendship,21,0.1
0,10,friendship,29,0.1
0,11,friendship,25,0.1
0,12,friendship,13,0.1
0,13,friendship,10,0.1
0,14,friendship,7,0.1
0,15,friendship,4,0.1
0,17,friendship,2,0.1
0,18,friendship,1,0.1
1,1,friendship,1,0.1
1,2,friendship,2,0.1
1,3,friendship,6,0.1
1,4,friendship,11,0.1
1,5,friendship,13,0.1
1,6,friendship,10,0.1
1,7,friendship,16,0.1
1,8,friendship,27,0.1
1,9,friendship,31,0.1
1,10,friendship,14,0.1
1,11,friendship,19,0.1
1,12,friendship,15,0.1
1,13,friendship,5,0.1
1,14,friendship,5,0.1
1,17,friendship,2,0.1
1,18,friendship,1,0.1
1,20,friendship,1,0.1
2,3,friendship,1,0.1
2,4,friendship,4,0.1
2,5,friendship,4,0.1
2,6,friendship,13,0.1
2,7,friendship,20,0.1
2,8,friendship,18,0.1
2,9,friendship,32,0.1
2,10,friendship,25,0.1
2,11,friendship,25,0.1
2,12,friendship,15,0.1
2,13,friendship,12,0.1
2,14,friendship,5,0.1
2,15,friendship,5,0.1
2,16,friendship,1,0.1
2,18,friendship,1,0.1
3,1,friendship,2,0.1
3,2,friendship,2,0.1
3,3,friendship,5,0.1
3,4,friendship,9,0.1
3,5,friendship,17,0.1
3,6,friendship,21,0.1
3,7,friendship,23,0.1
3,8,friendship,10,0.1
3,9,friendship,18,0.1
3,10,friendship,11,0.1
3,11,friendship,8,0.1
3,12,friendship,19,0.1
3,13,friendship,7,0.1
3,14,friendship,7,0.1
3,15,friendship,7,0.1
3,16,friendship,2,0.1
3,17,friendship,2,0.1
3,18,friendship,1,0.1
4,1,friendship,2,0.1
4,2,friendship,4,0.1
4,3,friendship,10,0.1
4,4,friendship,10,0.1
4,5,friendship,14,0.1
4,6,friendship,30,0.1
4,7,friendship,24,0.1
4,8,friendship,20,0.1
4,9,friendship,14,0.1
4,10,friendship,15,0.1
4,11,friendship,6,0.1
4,12,friendship,7,0.1
4,13,friendship,3,0.1
4,14,friendship,3,0.1
4,15,friendship,1,0.1
5,2,friendship,1,0.1
5,3,friendship,4,0.1
5,4,friendship,9,0.1
5,5,friendship,7,0.1
5,6,friendship,12,0.1
5,7,friendship,8,0.1
5,8,friendship,9,0.1
5,9,friendship,11,0.1
5,10,friendship,11,0.1
5,11,friendship,12,0.1
5,12,friendship,10,0.1
5,13,friendship,13,0.1
5,14,friendship,7,0.1
5,15,friendship,18,0.1
5,16,friendship,12,0.1
5,17,friendship,12,0.1
5,18,friendship,11,0.1
5,19,friendship,8,0.1
5,20,friendship,4,0.1
5,21,friendship,2,0.1
6,2,friendship,1,0.1
6,3,friendship,4,0.1
6,4,friendship,8,0.1
6,5,friendship,13,0.1
6,6,friendship,18,0.1
6,7,friendship,26,0.1
6,8,friendship,26,0.1
6,9,friendship,25,0.1
6,10,friendship,21,0.1
6,11,friendship,21,0.1
6,12,friendship,9,0.1
6,13,friendship,3,0.1
6,14,friendship,3,0.1
7,3,friendship,1,0.1
7,5,friendship,2,0.1
7,6,friendship,5,0.1
7,7,friendship,9,0.1
7,8,friendship,17,0.1
7,9,friendship,15,0.1
7,10,friendship,18,0.1
7,11,friendship,22,0.1
7,12,friendship,23,0.1
7,13,friendship,23,0.1
7,14,friendship,21,0.1
7,15,friendship,13,0.1
7,16,friendship,3,0.1
7,17,friendship,3,0.1
7,18,friendship,4,0.1
7,19,friendship,2,0.1
8,2,friendship,1,0.1
8,3,friendship,1,0.1
8,4,friendship,2,0.1
8,5,friendship,4,0.1
8,6,friendship,8,0.1
8,7,friendship,3,0.1
8,8,friendship,5,0.1
8,9,friendship,8,0.1
8,10,friendship,24,0.1
8,11,friendship,30,0.1
8,12,friendship,30,0.1
8,13,friendship,24,0.1
8,14,friendship,24,0.1
8,15,friendship,9,0.1
8,16,friendship,6,0.1
8,17,friendship,3,0.1
8,18,friendship,1,0.1
8,20,friendship,1,0.1
9,2,friendship,2,0.1
9,4,friendship,6,0.1
9,5,friendship,2,0.1
9,6,friendship,4,0.1
9,7,friendship,7,0.1
9,8,friendship,8,0.1
9,9,friendship,15,0.1
9,10,friendship,13,0.1
9,11,friendship,14,0.1
9,12,friendship,23,0.1
9,13,friendship,24,0.1
9,14,friendship,14,0.1
9,15,friendship,22,0.1
9,16,friendship,10,0.1
9,17,friendship,11,0.1
9,18,friendship,1,0.1
9,19,friendship,4,0.1
9,20,friendship,2,0.1
9,22,friendship,1,0.1
10,1,friendship,2,0.1
10,2,friendship,5,0.1
10,3,friendship,12,0.1
10,4,friendship,10,0.1
10,5,friendship,27,0.1
10,6,friendship,27,0.1
10,7,friendship,25,0.1
10,8,friendship,21,0.1
10,9,friendship,14,0.1
10,10,friendship,13,0.1
10,11,friendship,6,0.1
10,12,friendship,7,0.1
10,13,friendship,3,0.1
10,14,friendship,4,0.1
10,15,friendship,2,0.1
10,16,friendship,1,0.1
11,1,friendship,2,0.1
11,2,friendship,3,0.1
11,3,friendship,4,0.1
11,4,friendship,4,0.1
11,5,friendship,7,0.1
11,6,friendship,8,0.1
11,7,friendship,16,0.1
11,8,friendship,10,0.1
11,9,friendship,25,0.1
11,10,friendship,19,0.1
11,11,friendship,19,0.1
11,12,friendship,29,0.1
11,13,friendship,20,0.1
11,14,friendship,8,0.1
11,15,friendship,4,0.1
11,16,friendship,1,0.1
11,17,friendship,1,0.1
12,2,friendship,1,0.1
12,3,friendship,2,0.1
12,4,friendship,1,0.1
12,7,friendship,1,0.1
12,10,friendship,1,0.1
12,11,friendship,2,0.1
12,12,friendship,3,0.1
12,13,friendship,5,0.1
12,14,friendship,3,0.1
12,15,friendship,14,0.1
12,16,friendship,14,0.1
12,17,friendship,19,0.1
12,18,friendship,17,0.1
12,19,friendship,21,0.1
12,20,friendship,17,0.1
12,21,friendship,10,0.1
12,22,friendship,5,0.1
13,1,friendship,2,0.1
13,2,friendship,2,0.1
13,3,friendship,2,0.1
13,4,friendship,8,0.1
13,5,friendship,9,0.1
13,6,friendship,18,0.1
13,7,friendship,24,0.1
13,8,friendship,16,0.1
13,9,friendship,23,0.1
13,10,friendship,13,0.1
13,11,friendship,20,0.1
13,12,friendship,10,0.1
13,13,friendship,16,0.1
13,14,friendship,9,0.1
13,15,friendship,5,0.1
13,16,friendship,4,0.1
13,18,friendship,1,0.1
14,1,friendship,1,0.1
14,2,friendship,1,0.1
14,3,friendship,2,0.1
14,4,friendship,7,0.1
14,5,friendship,5,0.1
14,6,friendship,1,0.1
14,7,friendship,2,0.1
14,8,friendship,3,0.1
14,9,friendship,2,0.1
14,10,friendship,3,0.1
14,11,friendship,4,0.1
14,12,friendship,16,0.1
14,13,friendship,14,0.1
14,14,friendship,18,0.1
14,15,friendship,24,0.1
14,16,friendship,28,0.1
14,17,friendship,16,0.1
14,18,friendship,12,0.1
14,19,friendship,1,0.1
14,20,friendship,6,0.1
14,21,friendship,1,0.1
14,22,friendship,2,0.1
15,2,friendship,2,0.1
15,3,friendship,10,0.1
15,4,friendship,15,0.1
15,5,friendship,19,0.1
15,6,friendship,18,0.1
15,7,friendship,13,0.1
15,8,friendship,13,0.1
15,9,friendship,18,0.1
15,10,friendship,17,0.1
15,11,friendship,16,0.1
15,12,friendship,13,0.1
15,13,friendship,12,0.1
15,14,friendship,4,0.1
15,15,friendship,2,0.1
15,16,friendship,1,0.1
15,17,friendship,2,0.1
15,18,friendship,1,0.1
16,1,friendship,1,0.1
16,3,friendship,1,0.1
16,4,friendship,4,0.1
16,5,friendship,4,0.1
16,6,friendship,3,0.1
16,7,friendship,6,0.1
16,8,friendship,11,0.1
16,9,friendship,15,0.1
16,10,friendship,20,0.1
16,11,friendship,25,0.1
16,12,friendship,33,0.1
16,13,friendship,25,0.1
16,14,friendship,18,0.1
16,15,friendship,6,0.1
16,16,friendship,6,0.1
16,17,friendship,3,0.1
17,3,friendship,1,0.1
18,2,friendship,2,0.1
18,3,friendship,10,0.1
18,4,friendship,14,0.1
18,5,friendship,14,0.1
18,6,friendship,28,0.1
18,7,friendship,17,0.1
18,8,friendship,23,0.1
18,9,friendship,17,0.1
18,10,friendship,17,0.1
18,11,friendship,15,0.1
18,12,friendship,13,0.1
18,13,friendship,4,0.1
18,14,friendship,2,0.1
18,16,friendship,1,0.1
18,17,friendship,4,0.1
18,18,friendship,1,0.1
19,2,friendship,2,0.1
19,3,friendship,11,0.1
19,4,friendship,10,0.1
19,5,friendship,21,0.1
19,6,friendship,26,0.1
19,7,friendship,34,0.1
19,8,friendship,22,0.1
19,9,friendship,21,0.1
19,10,friendship,9,0.1
19,11,friendship,2,0.1
19,12,friendship,6,0.1
19,13,friendship,5,0.1
19,14,friendship,1,0.1
19,15,friendship,2,0.1
20,2,friendship,2,0.1
20,3,friendship,3,0.1
20,4,friendship,1,0.1
20,5,friendship,7,0.1
20,6,friendship,3,0.1
20,7,friendship,17,0.1
20,8,friendship,22,0.1
20,9,friendship,22,0.1
20,10,friendship,8,0.1
20,11,friendship,14,0.1
20,12,friendship,15,0.1
20,13,friendship,15,0.1
20,14,friendship,11,0.1
20,15,friendship,8,0.1
20,16,friendship,6,0.1
20,17,friendship,6,0.1
20,18,friendship,4,0.1
20,19,friendship,2,0.1
20,22,friendship,1,0.1
21,1,friendship,2,0.1
21,2,friendship,3,0.1
21,3,friendship,6,0.1
21,4,friendship,8,0.1
21,5,friendship,8,0.1
21,6,friendship,18,0.1
21,7,friendship,23,0.1
21,8,friendship,34,0.1
21,9,friendship,39,0.1
21,10,friendship,22,0.1
21,11,friendship,11,0.1
21,12,friendship,6,0.1
21,13,friendship,1,0.1
21,14,friendship,2,0.1
22,2,friendship,1,0.1
22,3,friendship,3,0.1
22,4,friendship,3,0.1
22,5,friendship,11,0.1
22,6,friendship,4,0.1
22,7,friendship,4,0.1
22,8,friendship,10,0.1
22,9,friendship,24,0.1
22,10,friendship,28,0.1
22,11,friendship,29,0.1
22,12,friendship,20,0.1
22,13,friendship,16,0.1
22,14,friendship,8,0.1
22,15,friendship,7,0.1
22,16,friendship,4,0.1
23,1,friendship,2,0.1
23,2,friendship,2,0.1
23,3,friendship,6,0.1
23,4,friendship,10,0.1
23,5,friendship,17,0.1
23,6,friendship,30,0.1
23,7,friendship,26,0.1
23,8,friendship,28,0.1
23,9,friendship,23,0.1
23,10,friendship,15,0.1
23,11,friendship,13,0.1
23,12,friendship,8,0.1
23,13,friendship,3,0.1
23,14,friendship,3,0.1
23,15,friendship,1,0.1
24,3,friendship,1,0.1
24,4,friendship,5,0.1
24,5,friendship,12,0.1
24,6,friendship,11,0.1
24,7,friendship,18,0.1
24,8,friendship,20,0.1
24,9,friendship,25,0.1
24,10,friendship,29,0.1
24,11,friendship,21,0.1
24,12,friendship,18,0.1
24,13,friendship,11,0.1
24,14,friendship,2,0.1
24,15,friendship,4,0.1
25,2,friendship,3,0.1
25,3,friendship,3,0.1
25,4,friendship,2,0.1
25,5,friendship,8,0.1
25,6,friendship,9,0.1
25,7,friendship,12,0.1
25,8,friendship,22,0.1
25,9,friendship,24,0.1
25,10,friendship,23,0.1
25,11,friendship,27,0.1
25,12,friendship,22,0.1
25,13,friendship,12,0.1
25,14,friendship,6,0.1
25,15,friendship,3,0.1
25,16,friendship,1,0.1
26,2,friendship,2,0.1
26,3,friendship,9,0.1
26,4,friendship,16,0.1
26,5,friendship,24,0.1
26,6,friendship,34,0.1
26,7,friendship,22,0.1
26,8,friendship,17,0.1
26,9,friendship,14,0.1
26,10,friendship,10,0.1
26,11,friendship,8,0.1
26,12,friendship,7,0.1
26,13,friendship,7,0.1
26,14,friendship,5,0.1
26,15,friendship,3,0.1
26,16,friendship,1,0.1
26,17,friendship,1,0.1
27,1,friendship,1,0.1
27,3,friendship,5,0.1
27,4,friendship,3,0.1
27,5,friendship,12,0.1
27,6,friendship,14,0.1
27,7,friendship,15,0.1
27,8,friendship,27,0.1
27,9,friendship,20,0.1
27,10,friendship,19,0.1
27,11,friendship,25,0.1
27,12,friendship,15,0.1
27,13,friendship,10,0.1
27,14,friendship,8,0.1
27,15,friendship,3,0.1
27,17,friendship,4,0.1
27,19,friendship,1,0.1
27,20,friendship,1,0.1
27,22,friendship,1,0.1
28,2,friendship,1,0.1
28,3,friendship,1,0.1
28,4,friendship,1,0.1
28,5,friendship,4,0.1
28,6,friendship,8,0.1
28,7,friendship,14,0.1
28,8,friendship,15,0.1
28,9,friendship,23,0.1
28,10,friendship,34,0.1
28,11,friendship,22,0.1
28,12,friendship,15,0.1
28,13,friendship,16,0.1
28,14,friendship,8,0.1
28,15,friendship,5,0.1
28,16,friendship,6,0.1
28,17,friendship,2,0.1
28,18,friendship,3,0.1
28,20,friendship,1,0.1
29,1,friendship,1,0.1
29,2,friendship,2,0.1
29,3,friendship,3,0.1
29,4,friendship,5,0.1
29,5,friendship,6,0.1
29,6,friendship,17,0.1
29,7,friendship,17,0.1
29,8,friendship,15,0.1
29,9,friendship,25,0.1
29,10,friendship,19,0.1
29,11,friendship,13,0.1
29,12,friendship,17,0.1
29,13,friendship,16,0.1
29,14,friendship,8,0.1
29,15,friendship,9,0.1
29,16,friendship,3,0.1
29,17,friendship,2,0.1
29,20,friendship,2,0.1
29,22,friendship,1,0.1
30,2,friendship,1,0.1
30,3,friendship,1,0.1
30,4,friendship,6,0.1
30,5,friendship,9,0.1
30,6,friendship,7,0.1
30,7,friendship,11,0.1
30,8,friendship,8,0.1
30,9,friendship,17,0.1
30,10,friendship,15,0.1
30,11,friendship,23,0.1
30,12,friendship,22,0.1
30,13,friendship,13,0.1
30,14,friendship,18,0.1
30,15,friendship,11,0.1
30,16,friendship,10,0.1
30,17,friendship,5,0.1
30,18,friendship,1,0.1
31,2,friendship,2,0.1
31,3,friendship,6,0.1
31,4,friendship,8,0.1
31,5,friendship,11,0.1
31,6,friendship,15,0.1
31,7,friendship,21,0.1
31,8,friendship,15,0.1
31,9,friendship,26,0.1
31,10,friendship,18,0.1
31,11,friendship,21,0.1
31,12,friendship,11,0.1
31,13,friendship,3,0.1
31,14,friendship,6,0.1
31,16,friendship,3,0.1
31,17,friendship,1,0.1
32,1,friendship,1,0.1
32,2,friendship,3,0.1
32,3,friendship,7,0.1
32,4,friendship,19,0.1
32,5,friendship,20,0.1
32,6,friendship,21,0.1
32,7,friendship,22,0.1
32,8,friendship,18,0.1
32,9,friendship,16,0.1
32,10,friendship,11,0.1
32,11,friendship,8,0.1
32,12,friendship,5,0.1
32,13,friendship,7,0.1
32,14,friendship,5,0.1
32,15,friendship,2,0.1
32,16,friendship,3,0.1
32,17,friendship,1,0.1
33,2,friendship,1,0.1
33,3,friendship,2,0.1
33,4,friendship,5,0.1
33,5,friendship,5,0.1
33,6,friendship,16,0.1
33,7,friendship,17,0.1
33,8,friendship,33,0.1
33,9,friendship,26,0.1
33,10,friendship,22,0.1
33,11,friendship,21,0.1
33,12,friendship,8,0.1
33,13,friendship,6,0.1
33,14,friendship,2,0.1
33,15,friendship,2,0.1
33,16,friendship,1,0.1
34,2,friendship,2,0.1
34,3,friendship,9,0.1
34,4,friendship,9,0.1
34,5,friendship,9,0.1
34,6,friendship,16,0.1
34,7,friendship,20,0.1
34,8,friendship,24,0.1
34,9,friendship,27,0.1
34,10,friendship,19,0.1
34,11,friendship,9,0.1
34,12,friendship,14,0.1
34,13,friendship,2,0.1
34,14,friendship,4,0.1
34,15,friendship,3,0.1
34,16,friendship,1,0.1
34,17,friendship,1,0.1
35,1,friendship,1,0.1
35,2,friendship,2,0.1
35,3,friendship,1,0.1
35,4,friendship,5,0.1
35,5,friendship,2,0.1
35,6,friendship,6,0.1
35,7,friendship,5,0.1
35,8,friendship,3,0.1
35,9,friendship,3,0.1
35,10,friendship,5,0.1
35,11,friendship,4,0.1
35,12,friendship,3,0.1
35,13,friendship,8,0.1
35,14,friendship,15,0.1
35,15,friendship,9,0.1
35,16,friendship,18,0.1
35,17,friendship,14,0.1
35,18,friendship,17,0.1
35,19,friendship,12,0.1
35,20,friendship,7,0.1
35,21,friendship,4,0.1
35,22,friendship,3,0.1
36,1,friendship,1,0.1
36,2,friendship,3,0.1
36,3,friendship,7,0.1
36,4,friendship,17,0.1
36,5,friendship,13,0.1
36,6,friendship,23,0.1
36,7,friendship,19,0.1
36,8,friendship,16,0.1
36,9,friendship,17,0.1
36,10,friendship,12,0.1
36,11,friendship,9,0.1
36,12,friendship,4,0.1
36,13,friendship,8,0.1
36,14,friendship,2,0.1
36,15,friendship,1,0.1
37,4,friendship,1,0.1
38,2,friendship,1,0.1
38,3,friendship,1,0.1
38,4,friendship,2,0.1
38,6,friendship,1,0.1
38,7,friendship,1,0.1
38,8,friendship,4,0.1
38,9,friendship,5,0.1
38,10,friendship,9,0.1
38,11,friendship,8,0.1
38,12,friendship,10,0.1
38,13,friendship,19,0.1
38,14,friendship,22,0.1
38,15,friendship,14,0.1
38,16,friendship,17,0.1
38,17,friendship,15,0.1
38,18,friendship,17,0.1
38,19,friendship,9,0.1
38,20,friendship,4,0.1
38,21,friendship,4,0.1
38,22,friendship,1,0.1
39,1,friendship,1,0.1
39,2,friendship,2,0.1
39,3,friendship,2,0.1
39,4,friendship,8,0.1
39,5,friendship,12,0.1
39,6,friendship,13,0.1
39,7,friendship,10,0.1
39,8,friendship,18,0.1
39,9,friendship,13,0.1
39,10,friendship,11,0.1
39,11,friendship,9,0.1
39,12,friendship,10,0.1
39,13,friendship,4,0.1
39,14,friendship,2,0.1
39,15,friendship,6,0.1
39,16,friendship,3,0.1
39,17,friendship,5,0.1
39,18,friendship,5,0.1
39,19,friendship,8,0.1
39,20,friendship,4,0.1
39,21,friendship,4,0.1
39,22,friendship,1,0.1
40,1,friendship,1,0.1
40,2,friendship,1,0.1
40,3,friendship,3,0.1
40,4,friendship,13,0.1
40,5,friendship,19,0.1
40,6,friendship,27,0.1
40,7,friendship,32,0.1
40,8,friendship,29,0.1
40,9,friendship,19,0.1
40,10,friendship,21,0.1
40,11,friendship,8,0.1
40,12,friendship,7,0.1
40,13,friendship,3,0.1
40,14,friendship,3,0.1
40,15,friendship,1,0.1
41,2,friendship,1,0.1
41,3,friendship,7,0.1
41,4,friendship,3,0.1
41,5,friendship,14,0.1
41,6,friendship,7,0.1
41,7,friendship,12,0.1
41,8,friendship,13,0.1
41,9,friendship,18,0.1
41,10,friendship,11,0.1
41,11,friendship,17,0.1
41,12,friendship,12,0.1
41,13,friendship,10,0.1
41,14,friendship,11,0.1
41,15,friendship,7,0.1
41,16,friendship,9,0.1
41,17,friendship,5,0.1
41,18,friendship,3,0.1
41,19,friendship,5,0.1
41,20,friendship,1,0.1
41,21,friendship,1,0.1
42,2,friendship,1,0.1
42,3,friendship,2,0.1
42,4,friendship,1,0.1
42,5,friendship,1,0.1
43,1,friendship,1,0.1
43,2,friendship,2,0.1
43,3,friendship,6,0.1
43,4,friendship,7,0.1
43,5,friendship,12,0.1
43,6,friendship,14,0.1
43,7,friendship,15,0.1
43,8,friendship,20,0.1
43,9,friendship,28,0.1
43,10,friendship,17,0.1
43,11,friendship,12,0.1
43,12,friendship,7,0.1
43,13,friendship,5,0.1
43,14,friendship,5,0.1
43,15,friendship,9,0.1
43,16,friendship,4,0.1
43,17,friendship,3,0.1
43,18,friendship,5,0.1
43,19,friendship,2,0.1
43,20,friendship,2,0.1
43,21,friendship,1,0.1
44,1,friendship,1,0.1
44,2,friendship,5,0.1
44,3,friendship,1,0.1
44,4,friendship,4,0.1
44,5,friendship,9,0.1
44,6,friendship,3,0.1
44,7,friendship,13,0.1
44,8,friendship,17,0.1
44,9,friendship,18,0.1
44,10,friendship,16,0.1
44,11,friendship,13,0.1
44,12,friendship,20,0.1
44,13,friendship,11,0.1
44,14,friendship,7,0.1
44,15,friendship,9,0.1
44,16,friendship,6,0.1
44,17,friendship,4,0.1
44,18,friendship,6,0.1
44,19,friendship,8,0.1
44,20,friendship,2,0.1
44,21,friendship,1,0.1
45,2,friendship,1,0.1
45,3,friendship,4,0.1
45,4,friendship,8,0.1
45,5,friendship,7,0.1
45,6,friendship,10,0.1
45,7,friendship,11,0.1
45,8,friendship,18,0.1
45,9,friendship,21,0.1
45,10,friendship,27,0.1
45,11,friendship,27,0.1
45,12,friendship,16,0.1
45,13,friendship,10,0.1
45,14,friendship,3,0.1
45,15,friendship,1,0.1
46,1,friendship,1,0.1
46,2,friendship,2,0.1
46,3,friendship,5,0.1
46,4,friendship,9,0.1
46,5,friendship,18,0.1
46,6,friendship,13,0.1
46,7,friendship,16,0.1
46,8,friendship,11,0.1
46,9,friendship,19,0.1
46,10,friendship,23,0.1
46,11,friendship,17,0.1
46,12,friendship,18,0.1
46,13,friendship,7,0.1
46,14,friendship,8,0.1
46,15,friendship,1,0.1
46,17,friendship,3,0.1
47,1,friendship,1,0.1
47,2,friendship,1,0.1
47,3,friendship,10,0.1
47,4,friendship,16,0.1
47,5,friendship,18,0.1
47,6,friendship,27,0.1
47,7,friendship,29,0.1
47,8,friendship,28,0.1
47,9,friendship,23,0.1
47,10,friendship,11,0.1
47,11,friendship,2,0.1
47,12,friendship,3,0.1
48,1,friendship,2,0.1
48,2,friendship,1,0.1
48,3,friendship,5,0.1
48,4,friendship,10,0.1
48,5,friendship,8,0.1
48,6,friendship,12,0.1
48,7,friendship,9,0.1
48,8,friendship,5,0.1
48,9,friendship,12,0.1
48,10,friendship,12,0.1
48,11,friendship,8,0.1
48,12,friendship,17,0.1
48,13,friendship,16,0.1
48,14,friendship,9,0.1
48,15,friendship,6,0.1
48,16,friendship,14,0.1
48,17,friendship,13,0.1
48,18,friendship,12,0.1
48,19,friendship,6,0.1
48,20,friendship,2,0.1
48,21,friendship,2,0.1
49,2,friendship,2,0.1
49,3,friendship,1,0.1
49,4,friendship,6,0.1
49,5,friendship,4,0.1
49,6,friendship,7,0.1
49,7,friendship,13,0.1
49,8,friendship,13,0.1
49,9,friendship,16,0.1
49,10,friendship,16,0.1
49,11,friendship,36,0.1
49,12,friendship,21,0.1
49,13,friendship,13,0.1
49,14,friendship,18,0.1
49,15,friendship,13,0.1
49,16,friendship,2,0.1
49,17,friendship,3,0.1
49,18,friendship,2,0.1
49,20,friendship,1,0.1
50,2,friendship,2,0.1
50,3,friendship,5,0.1
50,4,friendship,10,0.1
50,5,friendship,10,0.1
50,6,friendship,9,0.1
50,7,friendship,7,0.1
50,8,friendship,27,0.1
50,9,friendship,20,0.1
50,10,friendship,10,0.1
50,11,friendship,18,0.1
50,12,friendship,14,0.1
50,13,friendship,10,0.1
50,14,friendship,7,0.1
50,15,friendship,5,0.1
50,16,friendship,2,0.1
50,17,friendship,6,0.1
50,18,friendship,3,0.1
50,19,friendship,2,0.1
50,20,friendship,2,0.1
51,1,friendship,1,0.1
51,2,friendship,4,0.1
51,3,friendship,19,0.1
51,4,friendship,15,0.1
51,5,friendship,26,0.1
51,6,friendship,22,0.1
51,7,friendship,29,0.1
51,8,friendship,23,0.1
51,9,friendship,16,0.1
51,10,friendship,7,0.1
51,11,friendship,3,0.1
51,12,friendship,6,0.1
51,13,friendship,4,0.1
51,14,friendship,2,0.1
51,15,friendship,1,0.1
52,3,friendship,1,0.1
52,4,friendship,2,0.1
52,5,friendship,2,0.1
52,6,friendship,5,0.1
52,7,friendship,8,0.1
52,8,friendship,12,0.1
52,9,friendship,15,0.1
52,10,friendship,23,0.1
52,11,friendship,19,0.1
52,12,friendship,23,0.1
52,13,friendship,20,0.1
52,14,friendship,11,0.1
52,15,friendship,13,0.1
52,16,friendship,6,0.1
52,17,friendship,7,0.1
52,18,friendship,6,0.1
52,19,friendship,3,0.1
52,20,friendship,1,0.1
52,21,friendship,2,0.1
53,4,friendship,1,0.1
53,5,friendship,2,0.1
54,1,friendship,1,0.1
54,2,friendship,2,0.1
54,3,friendship,5,0.1
54,4,friendship,11,0.1
54,5,friendship,16,0.1
54,6,friendship,15,0.1
54,7,friendship,21,0.1
54,8,friendship,15,0.1
54,9,friendship,11,0.1
54,10,friendship,8,0.1
54,11,friendship,13,0.1
54,12,friendship,11,0.1
54,13,friendship,12,0.1
54,14,friendship,8,0.1
54,15,friendship,6,0.1
54,16,friendship,1,0.1
54,17,friendship,1,0.1
54,19,friendship,1,0.1
55,2,friendship,2,0.1
55,3,friendship,2,0.1
55,4,friendship,4,0.1
55,5,friendship,2,0.1
55,6,friendship,6,0.1
55,7,friendship,4,0.1
55,8,friendship,9,0.1
55,9,friendship,15,0.1
55,10,friendship,17,0.1
55,11,friendship,16,0.1
55,12,friendship,13,0.1
55,13,friendship,17,0.1
55,14,friendship,17,0.1
55,15,friendship,17,0.1
55,16,friendship,19,0.1
55,17,friendship,10,0.1
55,18,friendship,7,0.1
55,19,friendship,1,0.1
55,20,friendship,1,0.1
55,21,friendship,1,0.1
55,22,friendship,3,0.1
56,3,friendship,3,0.1
56,4,friendship,8,0.1
56,5,friendship,7,0.1
56,6,friendship,9,0.1
56,7,friendship,9,0.1
56,8,friendship,8,0.1
56,9,friendship,21,0.1
56,10,friendship,25,0.1
56,11,friendship,29,0.1
56,12,friendship,23,0.1
56,13,friendship,12,0.1
56,14,friendship,8,0.1
56,15,friendship,6,0.1
56,16,friendship,7,0.1
56,17,friendship,2,0.1
56,18,friendship,5,0.1
56,19,friendship,1,0.1
56,21,friendship,1,0.1
57,1,friendship,2,0.1
57,3,friendship,7,0.1
57,4,friendship,10,0.1
57,5,friendship,22,0.1
57,6,friendship,27,0.1
57,7,friendship,30,0.1
57,8,friendship,30,0.1
57,9,friendship,12,0.1
57,10,friendship,9,0.1
57,11,friendship,8,0.1
57,12,friendship,7,0.1
57,13,friendship,7,0.1
57,14,friendship,1,0.1
57,15,friendship,1,0.1
57,16,friendship,1,0.1
58,3,friendship,2,0.1
58,4,friendship,3,0.1
58,5,friendship,7,0.1
58,6,friendship,10,0.1
58,7,friendship,9,0.1
58,8,friendship,10,0.1
58,9,friendship,13,0.1
58,10,friendship,14,0.1
58,11,friendship,20,0.1
58,12,friendship,20,0.1
58,13,friendship,23,0.1
58,14,friendship,17,0.1
58,15,friendship,8,0.1
58,16,friendship,8,0.1
58,17,friendship,3,0.1
59,3,friendship,1,0.1
60,3,friendship,2,0.1
60,6,friendship,1,0.1
61,2,friendship,1,0.1
61,3,friendship,3,0.1
61,4,friendship,4,0.1
61,5,friendship,5,0.1
61,6,friendship,13,0.1
61,7,friendship,11,0.1
61,8,friendship,28,0.1
61,9,friendship,32,0.1
61,10,friendship,28,0.1
61,11,friendship,18,0.1
61,12,friendship,14,0.1
61,13,friendship,10,0.1
61,14,friendship,2,0.1
61,15,friendship,3,0.1
61,18,friendship,3,0.1
61,19,friendship,1,0.1
62,2,friendship,3,0.1
62,3,friendship,2,0.1
62,4,friendship,7,0.1
62,5,friendship,7,0.1
62,6,friendship,18,0.1
62,7,friendship,8,0.1
62,8,friendship,21,0.1
62,9,friendship,16,0.1
62,10,friendship,18,0.1
62,11,friendship,20,0.1
62,12,friendship,19,0.1
62,13,friendship,13,0.1
62,14,friendship,8,0.1
62,15,friendship,6,0.1
62,16,friendship,3,0.1
62,17,friendship,4,0.1
62,19,friendship,1,0.1
62,20,friendship,1,0.1
63,1,friendship,1,0.1
63,2,friendship,4,0.1
63,3,friendship,6,0.1
63,4,friendship,7,0.1
63,5,friendship,11,0.1
63,6,friendship,22,0.1
63,7,friendship,30,0.1
63,8,friendship,18,0.1
63,9,friendship,22,0.1
63,10,friendship,15,0.1
63,11,friendship,11,0.1
63,12,friendship,10,0.1
63,13,friendship,7,0.1
63,14,friendship,3,0.1
63,15,friendship,3,0.1
63,16,friendship,2,0.1
63,17,friendship,2,0.1
63,18,friendship,1,0.1
63,19,friendship,1,0.1
63,20,friendship,1,0.1
64,3,friendship,2,0.1
64,4,friendship,5,0.1
64,5,friendship,8,0.1
64,6,friendship,7,0.1
64,7,friendship,13,0.1
64,8,friendship,13,0.1
64,9,friendship,14,0.1
64,10,friendship,24,0.1
64,11,friendship,19,0.1
64,12,friendship,19,0.1
64,13,friendship,17,0.1
64,14,friendship,14,0.1
64,15,friendship,10,0.1
64,16,friendship,8,0.1
64,17,friendship,3,0.1
64,18,friendship,2,0.1
64,19,friendship,1,0.1
64,21,friendship,1,0.1
65,1,friendship,1,0.1
65,2,friendship,2,0.1
65,3,friendship,4,0.1
65,4,friendship,5,0.1
65,5,friendship,13,0.1
65,6,friendship,7,0.1
65,7,friendship,14,0.1
65,8,friendship,17,0.1
65,9,friendship,19,0.1
65,10,friendship,12,0.1
65,11,friendship,15,0.1
65,12,friendship,17,0.1
65,13,friendship,12,0.1
65,14,friendship,13,0.1
65,15,friendship,13,0.1
65,16,friendship,7,0.1
65,17,friendship,4,0.1
65,18,friendship,3,0.1
65,19,friendship,1,0.1
66,1,friendship,2,0.1
66,2,friendship,2,0.1
66,3,friendship,12,0.1
66,4,friendship,11,0.1
66,5,friendship,17,0.1
66,6,friendship,17,0.1
66,7,friendship,24,0.1
66,8,friendship,12,0.1
66,9,friendship,19,0.1
66,10,friendship,22,0.1
66,11,friendship,13,0.1
66,12,friendship,11,0.1
66,13,friendship,8,0.1
66,14,friendship,3,0.1
66,15,friendship,3,0.1
66,16,friendship,1,0.1
66,17,friendship,1,0.1
66,18,friendship,1,0.1
67,3,friendship,4,0.1
67,4,friendship,6,0.1
67,5,friendship,2,0.1
67,6,friendship,14,0.1
67,7,friendship,6,0.1
67,8,friendship,12,0.1
67,9,friendship,17,0.1
67,10,friendship,18,0.1
67,11,friendship,15,0.1
67,12,friendship,15,0.1
67,13,friendship,17,0.1
67,14,friendship,6,0.1
67,15,friendship,14,0.1
67,16,friendship,13,0.1
67,17,friendship,5,0.1
67,18,friendship,4,0.1
67,19,friendship,2,0.1
67,20,friendship,1,0.1
67,22,friendship,1,0.1
68,2,friendship,1,0.1
68,3,friendship,2,0.1
68,4,friendship,1,0.1
68,5,friendship,3,0.1
68,6,friendship,3,0.1
68,7,friendship,1,0.1
68,8,friendship,5,0.1
68,9,friendship,2,0.1
68,10,friendship,11,0.1
68,11,friendship,9,0.1
68,12,friendship,22,0.1
68,13,friendship,13,0.1
68,14,friendship,16,0.1
68,15,friendship,13,0.1
68,16,friendship,12,0.1
68,17,friendship,14,0.1
68,18,friendship,18,0.1
68,19,friendship,15,0.1
68,20,friendship,12,0.1
68,21,friendship,4,0.1
68,22,friendship,1,0.1
69,1,friendship,1,0.1
69,2,friendship,1,0.1
69,3,friendship,5,0.1
69,4,friendship,5,0.1
69,5,friendship,6,0.1
69,6,friendship,9,0.1
69,7,friendship,18,0.1
69,8,friendship,25,0.1
69,9,friendship,28,0.1
69,10,friendship,22,0.1
69,11,friendship,19,0.1
69,12,friendship,18,0.1
69,13,friendship,6,0.1
69,14,friendship,5,0.1
69,15,friendship,5,0.1
69,16,friendship,3,0.1
69,17,friendship,3,0.1
69,18,friendship,2,0.1
69,19,friendship,1,0.1
69,21,friendship,1,0.1
70,1,friendship,1,0.1
70,2,friendship,2,0.1
70,3,friendship,5,0.1
70,4,friendship,9,0.1
70,5,friendship,12,0.1
70,6,friendship,12,0.1
70,7,friendship,15,0.1
70,8,friendship,8,0.1
70,9,friendship,11,0.1
70,10,friendship,12,0.1
70,11,friendship,9,0.1
70,12,friendship,8,0.1
70,13,friendship,13,0.1
70,14,friendship,14,0.1
70,15,friendship,10,0.1
70,16,friendship,6,0.1
70,17,friendship,3,0.1
70,18,friendship,7,0.1
70,19,friendship,4,0.1
70,20,friendship,2,0.1
70,21,friendship,7,0.1
70,22,friendship,2,0.1
71,1,friendship,1,0.1
71,2,friendship,1,0.1
71,3,friendship,5,0.1
71,4,friendship,11,0.1
71,5,friendship,8,0.1
71,6,friendship,11,0.1
71,7,friendship,21,0.1
71,8,friendship,18,0.1
71,9,friendship,16,0.1
71,10,friendship,15,0.1
71,11,friendship,12,0.1
71,12,friendship,15,0.1
71,13,friendship,11,0.1
71,14,friendship,11,0.1
71,15,friendship,3,0.1
71,16,friendship,4,0.1
71,17,friendship,3,0.1
71,18,friendship,3,0.1
71,19,friendship,3,0.1
71,20,friendship,2,0.1
71,21,friendship,1,0.1
72,2,friendship,1,0.1
72,3,friendship,8,0.1
72,4,friendship,19,0.1
72,5,friendship,21,0.1
72,6,friendship,16,0.1
72,7,friendship,11,0.1
72,8,friendship,15,0.1
72,9,friendship,8,0.1
72,10,friendship,16,0.1
72,11,friendship,9,0.1
72,12,friendship,9,0.1
72,13,friendship,12,0.1
72,14,friendship,8,0.1
72,15,friendship,7,0.1
72,16,friendship,5,0.1
72,17,friendship,3,0.1
72,18,friendship,1,0.1
72,19,friendship,1,0.1
73,1,friendship,3,0.1
73,2,friendship,1,0.1
73,3,friendship,5,0.1
73,4,friendship,6,0.1
73,5,friendship,6,0.1
73,6,friendship,9,0.1
73,7,friendship,13,0.1
73,8,friendship,11,0.1
73,9,friendship,22,0.1
73,10,friendship,18,0.1
73,11,friendship,16,0.1
73,12,friendship,21,0.1
73,13,friendship,22,0.1
73,14,friendship,12,0.1
73,15,friendship,7,0.1
73,16,friendship,5,0.1
73,17,friendship,1,0.1
74,1,friendship,2,0.1
74,2,friendship,1,0.1
74,3,friendship,1,0.1
74,4,friendship,3,0.1
74,5,friendship,9,0.1
74,6,friendship,15,0.1
74,7,friendship,10,0.1
74,8,friendship,16,0.1
74,9,friendship,17,0.1
74,10,friendship,15,0.1
74,11,friendship,25,0.1
74,12,friendship,24,0.1
74,13,friendship,15,0.1
74,14,friendship,16,0.1
74,15,friendship,5,0.1
74,16,friendship,1,0.1
74,17,friendship,2,0.1
74,19,friendship,1,0.1
75,3,friendship,2,0.1
75,4,friendship,3,0.1
75,5,friendship,3,0.1
75,6,friendship,4,0.1
75,7,friendship,12,0.1
75,8,friendship,8,0.1
75,9,friendship,12,0.1
75,10,friendship,13,0.1
75,11,friendship,19,0.1
75,12,friendship,33,0.1
75,13,friendship,23,0.1
75,14,friendship,18,0.1
75,15,friendship,10,0.1
75,16,friendship,7,0.1
75,17,friendship,5,0.1
75,18,friendship,1,0.1
76,1,friendship,1,0.1
76,3,friendship,1,0.1
76,4,friendship,4,0.1
76,5,friendship,5,0.1
76,6,friendship,5,0.1
76,7,friendship,7,0.1
76,8,friendship,22,0.1
76,9,friendship,14,0.1
76,10,friendship,32,0.1
76,11,friendship,27,0.1
76,12,friendship,21,0.1
76,13,friendship,20,0.1
76,14,friendship,8,0.1
76,15,friendship,6,0.1
76,16,friendship,6,0.1
76,17,friendship,3,0.1
76,18,friendship,1,0.1
76,19,friendship,1,0.1
77,3,friendship,7,0.1
77,4,friendship,14,0.1
77,5,friendship,11,0.1
77,6,friendship,17,0.1
77,7,friendship,29,0.1
77,8,friendship,30,0.1
77,9,friendship,18,0.1
77,10,friendship,23,0.1
77,11,friendship,16,0.1
77,12,friendship,13,0.1
77,13,friendship,3,0.1
77,14,friendship,5,0.1
77,15,friendship,1,0.1
77,16,friendship,1,0.1
78,3,friendship,1,0.1
78,4,friendship,1,0.1
78,6,friendship,2,0.1
78,7,friendship,1,0.1
78,8,friendship,1,0.1
78,9,friendship,2,0.1
78,10,friendship,5,0.1
78,11,friendship,4,0.1
78,12,friendship,5,0.1
78,13,friendship,4,0.1
78,14,friendship,1,0.1
78,15,friendship,4,0.1
78,16,friendship,1,0.1
78,18,friendship,2,0.1
78,19,friendship,7,0.1
78,20,friendship,10,0.1
78,21,friendship,7,0.1
78,22,friendship,6,0.1
79,3,friendship,3,0.1
79,4,friendship,7,0.1
79,5,friendship,10,0.1
79,6,friendship,20,0.1
79,7,friendship,17,0.1
79,8,friendship,12,0.1
79,9,friendship,11,0.1
79,10,friendship,17,0.1
79,11,friendship,13,0.1
79,12,friendship,7,0.1
79,13,friendship,14,0.1
79,14,friendship,13,0.1
79,15,friendship,12,0.1
79,16,friendship,10,0.1
79,17,friendship,5,0.1
79,18,friendship,1,0.1
79,19,friendship,3,0.1
79,20,friendship,1,0.1
79,22,friendship,1,0.1
80,1,friendship,1,0.1
80,2,friendship,5,0.1
80,3,friendship,4,0.1
80,4,friendship,9,0.1
80,5,friendship,7,0.1
80,6,friendship,13,0.1
80,7,friendship,19,0.1
80,8,friendship,24,0.1
80,9,friendship,26,0.1
80,10,friendship,24,0.1
80,11,friendship,16,0.1
80,12,friendship,16,0.1
80,13,friendship,9,0.1
80,14,friendship,4,0.1
80,15,friendship,1,0.1
80,16,friendship,1,0.1
80,17,friendship,3,0.1
80,18,friendship,2,0.1
80,19,friendship,4,0.1
80,20,friendship,2,0.1
81,2,friendship,1,0.1
81,3,friendship,5,0.1
81,4,friendship,3,0.1
81,5,friendship,6,0.1
81,6,friendship,9,0.1
81,7,friendship,23,0.1
81,8,friendship,19,0.1
81,9,friendship,25,0.1
81,10,friendship,20,0.1
81,11,friendship,16,0.1
81,12,friendship,21,0.1
81,13,friendship,7,0.1
81,14,friendship,5,0.1
81,15,friendship,7,0.1
81,16,friendship,1,0.1
82,1,friendship,1,0.1
82,2,friendship,3,0.1
82,3,friendship,11,0.1
82,4,friendship,14,0.1
82,5,friendship,20,0.1
82,6,friendship,26,0.1
82,7,friendship,18,0.1
82,8,friendship,21,0.1
82,9,friendship,12,0.1
82,10,friendship,12,0.1
82,11,friendship,13,0.1
82,12,friendship,7,0.1
82,13,friendship,7,0.1
82,14,friendship,8,0.1
82,15,friendship,5,0.1
82,16,friendship,2,0.1
83,2,friendship,1,0.1
83,4,friendship,1,0.1
83,6,friendship,2,0.1
83,7,friendship,2,0.1
83,8,friendship,1,0.1
83,9,friendship,7,0.1
83,10,friendship,3,0.1
83,11,friendship,5,0.1
83,12,friendship,4,0.1
83,13,friendship,5,0.1
83,14,friendship,7,0.1
83,15,friendship,10,0.1
83,16,friendship,16,0.1
83,17,friendship,23,0.1
83,18,friendship,27,0.1
83,19,friendship,21,0.1
83,20,friendship,8,0.1
83,21,friendship,10,0.1
83,22,friendship,4,0.1
84,2,friendship,1,0.1
84,3,friendship,3,0.1
84,4,friendship,8,0.1
84,5,friendship,8,0.1
84,6,friendship,18,0.1
84,7,friendship,36,0.1
84,8,friendship,32,0.1
84,9,friendship,26,0.1
84,10,friendship,16,0.1
84,11,friendship,15,0.1
84,12,friendship,8,0.1
84,13,friendship,5,0.1
84,14,friendship,5,0.1
84,15,friendship,1,0.1
85,2,friendship,6,0.1
85,3,friendship,6,0.1
85,4,friendship,10,0.1
85,5,friendship,16,0.1
85,6,friendship,19,0.1
85,7,friendship,24,0.1
85,8,friendship,18,0.1
85,9,friendship,11,0.1
85,10,friendship,11,0.1
85,11,friendship,9,0.1
85,12,friendship,17,0.1
85,13,friendship,12,0.1
85,14,friendship,5,0.1
85,15,friendship,3,0.1
85,16,friendship,3,0.1
85,18,friendship,2,0.1
85,19,friendship,1,0.1
85,20,friendship,1,0.1
86,1,friendship,1,0.1
86,3,friendship,5,0.1
86,4,friendship,9,0.1
86,5,friendship,15,0.1
86,6,friendship,16,0.1
86,7,friendship,27,0.1
86,8,friendship,25,0.1
86,9,friendship,30,0.1
86,10,friendship,18,0.1
86,11,friendship,14,0.1
86,12,friendship,7,0.1
86,13,friendship,6,0.1
86,14,friendship,5,0.1
87,2,friendship,1,0.1
87,3,friendship,2,0.1
87,4,friendship,3,0.1
87,5,friendship,5,0.1
87,6,friendship,6,0.1
87,7,friendship,14,0.1
87,8,friendship,11,0.1
87,9,friendship,17,0.1
87,10,friendship,6,0.1
87,11,friendship,17,0.1
87,12,friendship,10,0.1
87,13,friendship,20,0.1
87,14,friendship,10,0.1
87,15,friendship,9,0.1
87,16,friendship,13,0.1
87,17,friendship,10,0.1
87,18,friendship,10,0.1
87,19,friendship,3,0.1
87,20,friendship,1,0.1
87,21,friendship,1,0.1
88,1,friendship,1,0.1
88,2,friendship,1,0.1
88,3,friendship,1,0.1
88,4,friendship,1,0.1
88,5,friendship,2,0.1
88,6,friendship,4,0.1
88,7,friendship,7,0.1
88,8,friendship,3,0.1
88,9,friendship,12,0.1
88,10,friendship,12,0.1
88,11,friendship,25,0.1
88,12,friendship,26,0.1
88,13,friendship,35,0.1
88,14,friendship,13,0.1
88,15,friendship,5,0.1
88,16,friendship,10,0.1
88,17,friendship,4,0.1
88,18,friendship,1,0.1
88,20,friendship,2,0.1
88,21,friendship,1,0.1
89,3,friendship,4,0.1
89,4,friendship,4,0.1
89,5,friendship,10,0.1
89,6,friendship,20,0.1
89,7,friendship,18,0.1
89,8,friendship,20,0.1
89,9,friendship,26,0.1
89,10,friendship,16,0.1
89,11,friendship,18,0.1
89,12,friendship,12,0.1
89,13,friendship,18,0.1
89,14,friendship,3,0.1
89,15,friendship,3,0.1
89,16,friendship,4,0.1
89,17,friendship,1,0.1
89,18,friendship,1,0.1
90,1,friendship,1,0.1
90,2,friendship,1,0.1
90,3,friendship,4,0.1
90,4,friendship,3,0.1
90,5,friendship,12,0.1
90,6,friendship,15,0.1
90,7,friendship,14,0.1
90,8,friendship,24,0.1
90,9,friendship,25,0.1
90,10,friendship,14,0.1
90,11,friendship,8,0.1
90,12,friendship,7,0.1
90,13,friendship,14,0.1
90,14,friendship,7,0.1
90,15,friendship,1,0.1
90,16,friendship,4,0.1
90,17,friendship,1,0.1
90,18,friendship,1,0.1
91,2,friendship,1,0.1
91,3,friendship,3,0.1
91,4,friendship,6,0.1
91,5,friendship,9,0.1
91,6,friendship,25,0.1
91,7,friendship,25,0.1
91,8,friendship,25,0.1
91,9,friendship,26,0.1
91,10,friendship,20,0.1
91,11,friendship,23,0.1
91,12,friendship,6,0.1
91,13,friendship,7,0.1
91,14,friendship,3,0.1
92,3,friendship,3,0.1
92,4,friendship,9,0.1
92,5,friendship,12,0.1
92,6,friendship,15,0.1
92,7,friendship,15,0.1
92,8,friendship,28,0.1
92,9,friendship,21,0.1
92,10,friendship,31,0.1
92,11,friendship,21,0.1
92,12,friendship,10,0.1
92,13,friendship,4,0.1
92,14,friendship,3,0.1
92,15,friendship,3,0.1
93,1,friendship,1,0.1
93,2,friendship,1,0.1
93,3,friendship,6,0.1
93,4,friendship,7,0.1
93,5,friendship,7,0.1
93,6,friendship,8,0.1
93,7,friendship,12,0.1
93,8,friendship,15,0.1
93,9,friendship,13,0.1
93,10,friendship,9,0.1
93,11,friendship,23,0.1
93,12,friendship,18,0.1
93,13,friendship,30,0.1
93,14,friendship,14,0.1
93,15,friendship,13,0.1
93,16,friendship,7,0.1
93,17,friendship,1,0.1
93,19,friendship,2,0.1
93,21,friendship,1,0.1
94,2,friendship,3,0.1
94,3,friendship,4,0.1
94,4,friendship,6,0.1
94,5,friendship,15,0.1
94,6,friendship,16,0.1
94,7,friendship,33,0.1
94,8,friendship,32,0.1
94,9,friendship,29,0.1
94,10,friendship,19,0.1
94,11,friendship,12,0.1
94,12,friendship,9,0.1
94,13,friendship,2,0.1
94,14,friendship,3,0.1
95,4,friendship,2,0.1
95,5,friendship,2,0.1
95,7,friendship,2,0.1
95,8,friendship,2,0.1
95,9,friendship,3,0.1
95,10,friendship,11,0.1
95,11,friendship,26,0.1
95,12,friendship,22,0.1
95,13,friendship,37,0.1
95,14,friendship,31,0.1
95,15,friendship,23,0.1
95,16,friendship,11,0.1
95,17,friendship,3,0.1
95,18,friendship,3,0.1
95,19,friendship,1,0.1
95,20,friendship,1,0.1
96,2,friendship,2,0.1
96,3,friendship,3,0.1
96,4,friendship,8,0.1
96,5,friendship,11,0.1
96,6,friendship,10,0.1
96,7,friendship,13,0.1
96,8,friendship,17,0.1
96,9,friendship,18,0.1
96,10,friendship,19,0.1
96,11,friendship,16,0.1
96,12,friendship,15,0.1
96,13,friendship,8,0.1
96,14,friendship,8,0.1
96,15,friendship,7,0.1
96,16,friendship,1,0.1
96,17,friendship,3,0.1
96,18,friendship,3,0.1
96,19,friendship,2,0.1
96,21,friendship,1,0.1
96,22,friendship,1,0.1
97,1,friendship,1,0.1
97,2,friendship,1,0.1
97,3,friendship,13,0.1
97,4,friendship,16,0.1
97,5,friendship,12,0.1
97,6,friendship,18,0.1
97,7,friendship,21,0.1
97,8,friendship,22,0.1
97,9,friendship,23,0.1
97,10,friendship,17,0.1
97,11,friendship,15,0.1
97,12,friendship,13,0.1
97,13,friendship,7,0.1
97,14,friendship,2,0.1
97,15,friendship,1,0.1
98,1,friendship,1,0.1
98,3,friendship,4,0.1
98,4,friendship,7,0.1
98,5,friendship,4,0.1
98,6,friendship,11,0.1
98,7,friendship,17,0.1
98,8,friendship,6,0.1
98,9,friendship,9,0.1
98,10,friendship,18,0.1
98,11,friendship,20,0.1
98,12,friendship,14,0.1
98,13,friendship,18,0.1
98,14,friendship,11,0.1
98,15,friendship,8,0.1
98,16,friendship,8,0.1
98,17,friendship,5,0.1
99,2,friendship,1,0.1
99,3,friendship,1,0.1
100,1,friendship,1,0.1
100,2,friendship,2,0.1
100,3,friendship,8,0.1
100,4,friendship,4,0.1
100,5,friendship,8,0.1
100,6,friendship,20,0.1
100,7,friendship,20,0.1
100,8,friendship,23,0.1
100,9,friendship,30,0.1
100,10,friendship,21,0.1
100,11,friendship,12,0.1
100,12,friendship,12,0.1
100,13,friendship,7,0.1
100,14,friendship,3,0.1
100,15,friendship,1,0.1
101,3,friendship,1,0.1
102,3,friendship,4,0.1
102,4,friendship,12,0.1
102,5,friendship,11,0.1
102,6,friendship,12,0.1
102,7,friendship,16,0.1
102,8,friendship,26,0.1
102,9,friendship,22,0.1
102,10,friendship,26,0.1
102,11,friendship,22,0.1
102,12,friendship,15,0.1
102,13,friendship,6,0.1
102,14,friendship,1,0.1
103,1,friendship,1,0.1
103,3,friendship,2,0.1
103,4,friendship,2,0.1
103,5,friendship,1,0.1
103,6,friendship,2,0.1
103,7,friendship,1,0.1
103,8,friendship,1,0.1
103,9,friendship,1,0.1
104,3,friendship,4,0.1
104,4,friendship,5,0.1
104,5,friendship,7,0.1
104,6,friendship,4,0.1
104,7,friendship,8,0.1
104,8,friendship,5,0.1
104,9,friendship,17,0.1
104,10,friendship,16,0.1
104,11,friendship,19,0.1
104,12,friendship,21,0.1
104,13,friendship,25,0.1
104,14,friendship,18,0.1
104,15,friendship,12,0.1
104,16,friendship,6,0.1
104,17,friendship,2,0.1
104,18,friendship,3,0.1
104,20,friendship,1,0.1
104,21,friendship,1,0.1
105,3,friendship,3,0.1
105,4,friendship,6,0.1
105,5,friendship,6,0.1
105,6,friendship,7,0.1
105,7,friendship,10,0.1
105,8,friendship,21,0.1
105,9,friendship,18,0.1
105,10,friendship,27,0.1
105,11,friendship,25,0.1
105,12,friendship,22,0.1
105,13,friendship,8,0.1
105,14,friendship,6,0.1
105,15,friendship,7,0.1
105,16,friendship,5,0.1
106,3,friendship,1,0.1
106,5,friendship,1,0.1
107,2,friendship,1,0.1
107,3,friendship,6,0.1
107,4,friendship,8,0.1
107,5,friendship,11,0.1
107,6,friendship,19,0.1
107,7,friendship,20,0.1
107,8,friendship,17,0.1
107,9,friendship,26,0.1
107,10,friendship,20,0.1
107,11,friendship,15,0.1
107,12,friendship,15,0.1
107,13,friendship,5,0.1
107,14,friendship,6,0.1
107,15,friendship,4,0.1
108,1,friendship,1,0.1
108,2,friendship,3,0.1
108,3,friendship,1,0.1
108,4,friendship,3,0.1
108,5,friendship,3,0.1
108,6,friendship,8,0.1
108,7,friendship,15,0.1
108,8,friendship,18,0.1
108,9,friendship,16,0.1
108,10,friendship,22,0.1
108,11,friendship,19,0.1
108,12,friendship,27,0.1
108,13,friendship,16,0.1
108,14,friendship,11,0.1
108,15,friendship,5,0.1
108,16,friendship,2,0.1
108,17,friendship,2,0.1
108,20,friendship,1,0.1
109,4,friendship,1,0.1
110,1,friendship,1,0.1
110,2,friendship,1,0.1
110,3,friendship,5,0.1
110,4,friendship,9,0.1
110,5,friendship,12,0.1
110,6,friendship,15,0.1
110,7,friendship,14,0.1
110,8,friendship,15,0.1
110,9,friendship,23,0.1
110,10,friendship,24,0.1
110,11,friendship,23,0.1
110,12,friendship,15,0.1
110,13,friendship,9,0.1
110,14,friendship,4,0.1
110,15,friendship,1,0.1
110,16,friendship,2,0.1
110,17,friendship,1,0.1
110,18,friendship,1,0.1
110,19,friendship,1,0.1
110,20,friendship,1,0.1
111,2,friendship,1,0.1
111,3,friendship,3,0.1
111,4,friendship,11,0.1
111,5,friendship,15,0.1
111,6,friendship,21,0.1
111,7,friendship,35,0.1
111,8,friendship,36,0.1
111,9,friendship,22,0.1
111,10,friendship,11,0.1
111,11,friendship,6,0.1
111,12,friendship,2,0.1
111,13,friendship,3,0.1
111,15,friendship,1,0.1
112,3,friendship,1,0.1
112,4,friendship,2,0.1
112,5,friendship,6,0.1
112,6,friendship,8,0.1
112,7,friendship,14,0.1
112,8,friendship,22,0.1
112,9,friendship,36,0.1
112,10,friendship,24,0.1
112,11,friendship,34,0.1
112,12,friendship,14,0.1
112,13,friendship,12,0.1
112,14,friendship,2,0.1
112,15,friendship,2,0.1
112,16,friendship,1,0.1
112,17,friendship,1,0.1
113,1,friendship,1,0.1
113,2,friendship,2,0.1
113,3,friendship,2,0.1
113,4,friendship,11,0.1
113,5,friendship,7,0.1
113,6,friendship,14,0.1
113,7,friendship,19,0.1
113,8,friendship,26,0.1
113,9,friendship,18,0.1
113,10,friendship,20,0.1
113,11,friendship,17,0.1
113,12,friendship,13,0.1
113,13,friendship,13,0.1
113,14,friendship,4,0.1
113,15,friendship,1,0.1
113,16,friendship,2,0.1
113,17,friendship,1,0.1
113,18,friendship,1,0.1
113,20,friendship,1,0.1
114,2,friendship,1,0.1
114,3,friendship,2,0.1
114,4,friendship,5,0.1
114,5,friendship,11,0.1
114,6,friendship,24,0.1
114,7,friendship,21,0.1
114,8,friendship,26,0.1
114,9,friendship,25,0.1
114,10,friendship,13,0.1
114,11,friendship,17,0.1
114,12,friendship,13,0.1
114,13,friendship,6,0.1
114,14,friendship,2,0.1
114,15,friendship,2,0.1
114,16,friendship,1,0.1
114,17,friendship,2,0.1
114,18,friendship,1,0.1
115,4,friendship,2,0.1
115,5,friendship,7,0.1
115,6,friendship,6,0.1
115,7,friendship,13,0.1
115,8,friendship,11,0.1
115,9,friendship,19,0.1
115,10,friendship,17,0.1
115,11,friendship,22,0.1
115,12,friendship,32,0.1
115,13,friendship,19,0.1
115,14,friendship,15,0.1
115,15,friendship,11,0.1
115,16,friendship,7,0.1
115,17,friendship,2,0.1
116,3,friendship,1,0.1
116,4,friendship,2,0.1
116,7,friendship,2,0.1
116,9,friendship,3,0.1
116,10,friendship,9,0.1
116,11,friendship,4,0.1
116,12,friendship,13,0.1
116,13,friendship,16,0.1
116,14,friendship,16,0.1
116,15,friendship,26,0.1
116,16,friendship,18,0.1
116,17,friendship,18,0.1
116,18,friendship,14,0.1
116,19,friendship,7,0.1
116,20,friendship,9,0.1
116,21,friendship,2,0.1
116,22,friendship,1,0.1
117,1,friendship,1,0.1
117,2,friendship,2,0.1
117,3,friendship,4,0.1
117,4,friendship,12,0.1
117,5,friendship,10,0.1
117,6,friendship,23,0.1
117,7,friendship,10,0.1
117,8,friendship,23,0.1
117,9,friendship,29,0.1
117,10,friendship,24,0.1
117,11,friendship,17,0.1
117,12,friendship,17,0.1
117,13,friendship,4,0.1
117,14,friendship,4,0.1
117,17,friendship,1,0.1
118,2,friendship,1,0.1
118,3,friendship,2,0.1
118,4,friendship,4,0.1
118,5,friendship,4,0.1
118,6,friendship,9,0.1
118,7,friendship,12,0.1
118,8,friendship,12,0.1
118,9,friendship,11,0.1
118,10,friendship,5,0.1
118,11,friendship,10,0.1
118,12,friendship,3,0.1
118,13,friendship,6,0.1
118,14,friendship,11,0.1
118,15,friendship,11,0.1
118,16,friendship,7,0.1
118,17,friendship,7,0.1
118,18,friendship,3,0.1
118,20,friendship,1,0.1
119,1,friendship,1,0.1
119,4,friendship,6,0.1
119,5,friendship,7,0.1
119,6,friendship,10,0.1
119,7,friendship,12,0.1
119,8,friendship,19,0.1
119,9,friendship,20,0.1
119,10,friendship,29,0.1
119,11,friendship,25,0.1
119,12,friendship,16,0.1
119,13,friendship,15,0.1
119,14,friendship,8,0.1
119,15,friendship,3,0.1
119,16,friendship,2,0.1
120,3,friendship,3,0.1
120,4,friendship,2,0.1
120,5,friendship,2,0.1
120,6,friendship,5,0.1
120,7,friendship,5,0.1
120,8,friendship,5,0.1
120,9,friendship,3,0.1
120,10,friendship,14,0.1
120,11,friendship,3,0.1
120,12,friendship,17,0.1
120,13,friendship,16,0.1
120,14,friendship,19,0.1
120,15,friendship,18,0.1
120,16,friendship,19,0.1
120,17,friendship,13,0.1
120,18,friendship,12,0.1
120,19,friendship,9,0.1
120,20,friendship,6,0.1
120,22,friendship,1,0.1
121,2,friendship,1,0.1
121,3,friendship,2,0.1
121,4,friendship,2,0.1
121,5,friendship,10,0.1
121,6,friendship,11,0.1
121,7,friendship,31,0.1
121,8,friendship,34,0.1
121,9,friendship,20,0.1
121,10,friendship,22,0.1
121,11,friendship,21,0.1
121,12,friendship,15,0.1
121,13,friendship,6,0.1
121,14,friendship,6,0.1
121,15,friendship,2,0.1
121,17,friendship,1,0.1
122,1,friendship,1,0.1
122,3,friendship,2,0.1
122,4,friendship,3,0.1
122,5,friendship,2,0.1
122,6,friendship,8,0.1
122,7,friendship,6,0.1
122,8,friendship,16,0.1
122,9,friendship,19,0.1
122,10,friendship,11,0.1
122,11,friendship,11,0.1
122,12,friendship,8,0.1
122,13,friendship,8,0.1
122,14,friendship,2,0.1
122,15,friendship,6,0.1
122,16,friendship,11,0.1
122,17,friendship,7,0.1
122,18,friendship,10,0.1
122,19,friendship,12,0.1
122,20,friendship,6,0.1
122,21,friendship,6,0.1
122,22,friendship,2,0.1
123,3,friendship,3,0.1
123,4,friendship,4,0.1
123,5,friendship,13,0.1
123,6,friendship,23,0.1
123,7,friendship,24,0.1
123,8,friendship,18,0.1
123,9,friendship,27,0.1
123,10,friendship,29,0.1
123,11,friendship,11,0.1
123,12,friendship,6,0.1
123,13,friendship,8,0.1
123,14,friendship,6,0.1
123,15,friendship,2,0.1
123,16,friendship,1,0.1
124,3,friendship,1,0.1
124,4,friendship,3,0.1
124,5,friendship,2,0.1
124,6,friendship,8,0.1
124,7,friendship,7,0.1
124,8,friendship,15,0.1
124,9,friendship,16,0.1
124,10,friendship,11,0.1
124,11,friendship,16,0.1
124,12,friendship,28,0.1
124,13,friendship,18,0.1
124,14,friendship,21,0.1
124,15,friendship,13,0.1
124,16,friendship,7,0.1
124,17,friendship,9,0.1
124,18,friendship,7,0.1
124,19,friendship,4,0.1
124,21,friendship,1,0.1
125,1,friendship,2,0.1
125,3,friendship,9,0.1
125,4,friendship,11,0.1
125,5,friendship,28,0.1
125,6,friendship,30,0.1
125,7,friendship,27,0.1
125,8,friendship,21,0.1
125,9,friendship,26,0.1
125,10,friendship,12,0.1
125,11,friendship,6,0.1
125,12,friendship,5,0.1
125,13,friendship,4,0.1
125,14,friendship,2,0.1
125,15,friendship,3,0.1
126,2,friendship,2,0.1
126,3,friendship,10,0.1
126,4,friendship,10,0.1
126,5,friendship,9,0.1
126,6,friendship,14,0.1
126,7,friendship,15,0.1
126,8,friendship,29,0.1
126,9,friendship,33,0.1
126,10,friendship,23,0.1
126,11,friendship,23,0.1
126,12,friendship,12,0.1
126,13,friendship,4,0.1
126,14,friendship,5,0.1
127,2,friendship,2,0.1
127,3,friendship,3,0.1
127,4,friendship,9,0.1
127,5,friendship,5,0.1
127,6,friendship,12,0.1
127,7,friendship,20,0.1
127,8,friendship,15,0.1
127,9,friendship,13,0.1
127,10,friendship,12,0.1
127,11,friendship,19,0.1
127,12,friendship,17,0.1
127,13,friendship,15,0.1
127,14,friendship,18,0.1
127,15,friendship,10,0.1
127,16,friendship,6,0.1
127,17,friendship,1,0.1
127,18,friendship,2,0.1
127,20,friendship,1,0.1
128,2,friendship,6,0.1
128,3,friendship,6,0.1
128,4,friendship,10,0.1
128,5,friendship,12,0.1
128,6,friendship,21,0.1
128,7,friendship,22,0.1
128,8,friendship,29,0.1
128,9,friendship,26,0.1
128,10,friendship,22,0.1
128,11,friendship,9,0.1
128,12,friendship,4,0.1
128,13,friendship,2,0.1
128,15,friendship,2,0.1
128,16,friendship,2,0.1
128,17,friendship,2,0.1
128,18,friendship,1,0.1
129,1,friendship,3,0.1
129,2,friendship,4,0.1
129,3,friendship,5,0.1
129,4,friendship,7,0.1
129,5,friendship,9,0.1
129,6,friendship,10,0.1
129,7,friendship,18,0.1
129,8,friendship,28,0.1
129,9,friendship,25,0.1
129,10,friendship,25,0.1
129,11,friendship,18,0.1
129,12,friendship,8,0.1
129,13,friendship,5,0.1
129,14,friendship,5,0.1
129,15,friendship,2,0.1
129,16,friendship,1,0.1
129,17,friendship,1,0.1
130,1,friendship,1,0.1
130,3,friendship,5,0.1
130,4,friendship,4,0.1
130,5,friendship,16,0.1
130,6,friendship,16,0.1
130,7,friendship,24,0.1
130,8,friendship,24,0.1
130,9,friendship,24,0.1
130,10,friendship,27,0.1
130,11,friendship,17,0.1
130,12,friendship,10,0.1
130,13,friendship,6,0.1
130,14,friendship,3,0.1
130,15,friendship,4,0.1
130,16,friendship,3,0.1
130,17,friendship,1,0.1
130,19,friendship,1,0.1
131,2,friendship,3,0.1
131,3,friendship,6,0.1
131,4,friendship,7,0.1
131,5,friendship,17,0.1
131,6,friendship,29,0.1
131,7,friendship,22,0.1
131,8,friendship,28,0.1
131,9,friendship,24,0.1
131,10,friendship,14,0.1
131,11,friendship,12,0.1
131,12,friendship,5,0.1
131,13,friendship,6,0.1
131,14,friendship,3,0.1
131,15,friendship,2,0.1
131,17,friendship,1,0.1
131,18,friendship,1,0.1
132,2,friendship,1,0.1
132,3,friendship,2,0.1
132,4,friendship,3,0.1
132,5,friendship,2,0.1
132,7,friendship,2,0.1
132,8,friendship,2,0.1
132,9,friendship,9,0.1
132,10,friendship,9,0.1
132,11,friendship,8,0.1
132,12,friendship,7,0.1
132,13,friendship,12,0.1
132,14,friendship,19,0.1
132,15,friendship,13,0.1
132,16,friendship,19,0.1
132,17,friendship,20,0.1
132,18,friendship,13,0.1
132,19,friendship,9,0.1
132,20,friendship,7,0.1
133,4,friendship,5,0.1
133,5,friendship,6,0.1
133,6,friendship,8,0.1
133,7,friendship,16,0.1
133,8,friendship,27,0.1
133,9,friendship,33,0.1
133,10,friendship,34,0.1
133,11,friendship,26,0.1
133,12,friendship,12,0.1
133,13,friendship,11,0.1
133,14,friendship,8,0.1
133,15,friendship,2,0.1
133,17,friendship,1,0.1
134,3,friendship,4,0.1
134,4,friendship,2,0.1
134,5,friendship,3,0.1
134,6,friendship,5,0.1
134,7,friendship,5,0.1
134,8,friendship,8,0.1
134,9,friendship,16,0.1
134,10,friendship,18,0.1
134,11,friendship,24,0.1
134,12,friendship,19,0.1
134,13,friendship,25,0.1
134,14,friendship,14,0.1
134,15,friendship,12,0.1
134,16,friendship,9,0.1
134,17,friendship,5,0.1
134,18,friendship,5,0.1
134,19,friendship,1,0.1
135,1,friendship,1,0.1
135,2,friendship,1,0.1
135,3,friendship,3,0.1
135,4,friendship,7,0.1
135,5,friendship,7,0.1
135,6,friendship,6,0.1
135,7,friendship,11,0.1
135,8,friendship,9,0.1
135,9,friendship,28,0.1
135,10,friendship,15,0.1
135,11,friendship,22,0.1
135,12,friendship,17,0.1
135,13,friendship,20,0.1
135,14,friendship,13,0.1
135,15,friendship,9,0.1
135,16,friendship,6,0.1
135,17,friendship,4,0.1
135,18,friendship,4,0.1
135,19,friendship,2,0.1
136,1,friendship,1,0.1
136,3,friendship,6,0.1
136,4,friendship,5,0.1
136,5,friendship,11,0.1
136,6,friendship,16,0.1
136,7,friendship,15,0.1
136,8,friendship,32,0.1
136,9,friendship,24,0.1
136,10,friendship,26,0.1
136,11,friendship,22,0.1
136,12,friendship,9,0.1
136,13,friendship,6,0.1
136,14,friendship,1,0.1
136,15,friendship,3,0.1
136,16,friendship,1,0.1
136,17,friendship,1,0.1
137,2,friendship,1,0.1
137,3,friendship,3,0.1
137,4,friendship,11,0.1
137,5,friendship,11,0.1
137,6,friendship,23,0.1
137,7,friendship,35,0.1
137,8,friendship,19,0.1
137,9,friendship,16,0.1
137,10,friendship,17,0.1
137,11,friendship,17,0.1
137,12,friendship,12,0.1
137,13,friendship,4,0.1
137,14,friendship,4,0.1
137,15,friendship,1,0.1
138,2,friendship,4,0.1
138,3,friendship,2,0.1
138,4,friendship,9,0.1
138,5,friendship,11,0.1
138,6,friendship,21,0.1
138,7,friendship,22,0.1
138,8,friendship,15,0.1
138,9,friendship,16,0.1
138,10,friendship,17,0.1
138,11,friendship,12,0.1
138,12,friendship,11,0.1
138,13,friendship,9,0.1
138,14,friendship,4,0.1
138,15,friendship,3,0.1
138,16,friendship,2,0.1
138,17,friendship,2,0.1
138,18,friendship,1,0.1
139,1,friendship,1,0.1
139,2,friendship,2,0.1
139,3,friendship,4,0.1
139,4,friendship,6,0.1
139,5,friendship,18,0.1
139,6,friendship,13,0.1
139,7,friendship,27,0.1
139,8,friendship,32,0.1
139,9,friendship,23,0.1
139,10,friendship,21,0.1
139,11,friendship,16,0.1
139,12,friendship,6,0.1
139,13,friendship,4,0.1
139,14,friendship,1,0.1
139,15,friendship,3,0.1
139,16,friendship,1,0.1
139,17,friendship,1,0.1
139,18,friendship,1,0.1
139,19,friendship,2,0.1
140,1,friendship,2,0.1
140,3,friendship,3,0.1
140,4,friendship,2,0.1
140,5,friendship,1,0.1
140,6,friendship,5,0.1
140,7,friendship,5,0.1
140,8,friendship,15,0.1
140,9,friendship,14,0.1
140,10,friendship,20,0.1
140,11,friendship,30,0.1
140,12,friendship,15,0.1
140,13,friendship,24,0.1
140,14,friendship,21,0.1
140,15,friendship,18,0.1
140,16,friendship,4,0.1
140,17,friendship,3,0.1
140,18,friendship,1,0.1
141,4,friendship,1,0.1
142,4,friendship,3,0.1
142,5,friendship,6,0.1
142,6,friendship,16,0.1
142,7,friendship,20,0.1
142,8,friendship,35,0.1
142,9,friendship,29,0.1
142,10,friendship,36,0.1
142,11,friendship,20,0.1
142,12,friendship,11,0.1
143,2,friendship,2,0.1
143,3,friendship,5,0.1
143,4,friendship,9,0.1
143,5,friendship,12,0.1
143,6,friendship,28,0.1
143,7,friendship,17,0.1
143,8,friendship,23,0.1
143,9,friendship,16,0.1
143,10,friendship,11,0.1
143,11,friendship,17,0.1
143,12,friendship,14,0.1
143,13,friendship,14,0.1
143,14,friendship,5,0.1
143,15,friendship,3,0.1
143,16,friendship,1,0.1
143,17,friendship,1,0.1
143,19,friendship,2,0.1
143,22,friendship,1,0.1
144,1,friendship,1,0.1
144,3,friendship,5,0.1
144,4,friendship,10,0.1
144,5,friendship,17,0.1
144,6,friendship,18,0.1
144,7,friendship,22,0.1
144,8,friendship,24,0.1
144,9,friendship,24,0.1
144,10,friendship,19,0.1
144,11,friendship,16,0.1
144,12,friendship,10,0.1
144,13,friendship,11,0.1
144,14,friendship,3,0.1
144,15,friendship,1,0.1
145,3,friendship,6,0.1
145,4,friendship,9,0.1
145,5,friendship,7,0.1
145,6,friendship,9,0.1
145,7,friendship,17,0.1
145,8,friendship,20,0.1
145,9,friendship,24,0.1
145,10,friendship,15,0.1
145,11,friendship,13,0.1
145,12,friendship,12,0.1
145,13,friendship,10,0.1
145,14,friendship,8,0.1
145,15,friendship,8,0.1
145,16,friendship,7,0.1
145,17,friendship,3,0.1
145,18,friendship,7,0.1
145,19,friendship,2,0.1
146,3,friendship,1,0.1
146,4,friendship,8,0.1
146,5,friendship,9,0.1
146,6,friendship,7,0.1
146,7,friendship,10,0.1
146,8,friendship,8,0.1
146,9,friendship,17,0.1
146,10,friendship,11,0.1
146,11,friendship,11,0.1
146,12,friendship,13,0.1
146,13,friendship,19,0.1
146,14,friendship,16,0.1
146,15,friendship,12,0.1
146,16,friendship,14,0.1
146,17,friendship,8,0.1
146,18,friendship,2,0.1
146,19,friendship,3,0.1
146,20,friendship,1,0.1
146,21,friendship,2,0.1
147,1,friendship,1,0.1
147,3,friendship,3,0.1
147,4,friendship,2,0.1
147,5,friendship,10,0.1
147,6,friendship,18,0.1
147,7,friendship,15,0.1
147,8,friendship,29,0.1
147,9,friendship,30,0.1
147,10,friendship,26,0.1
147,11,friendship,28,0.1
147,12,friendship,10,0.1
147,13,friendship,5,0.1
147,14,friendship,1,0.1
147,15,friendship,1,0.1
148,1,friendship,1,0.1
148,2,friendship,1,0.1
148,3,friendship,5,0.1
148,4,friendship,4,0.1
148,5,friendship,10,0.1
148,6,friendship,19,0.1
148,7,friendship,23,0.1
148,8,friendship,29,0.1
148,9,friendship,26,0.1
148,10,friendship,22,0.1
148,11,friendship,23,0.1
148,12,friendship,5,0.1
148,13,friendship,5,0.1
148,14,friendship,3,0.1
148,15,friendship,1,0.1
149,3,friendship,7,0.1
149,4,friendship,15,0.1
149,5,friendship,8,0.1
149,6,friendship,15,0.1
149,7,friendship,16,0.1
149,8,friendship,17,0.1
149,9,friendship,11,0.1
149,10,friendship,15,0.1
149,11,friendship,12,0.1
149,12,friendship,10,0.1
149,13,friendship,19,0.1
149,14,friendship,8,0.1
149,15,friendship,9,0.1
149,16,friendship,4,0.1
149,17,friendship,2,0.1
149,18,friendship,3,0.1
149,19,friendship,1,0.1
150,3,friendship,2,0.1
150,4,friendship,3,0.1
150,5,friendship,8,0.1
150,6,friendship,13,0.1
150,7,friendship,15,0.1
150,8,friendship,18,0.1
150,9,friendship,21,0.1
150,10,friendship,17,0.1
150,11,friendship,14,0.1
150,12,friendship,13,0.1
150,13,friendship,14,0.1
150,14,friendship,13,0.1
150,15,friendship,9,0.1
150,16,friendship,4,0.1
150,17,friendship,7,0.1
150,18,friendship,3,0.1
150,19,friendship,1,0.1
150,20,friendship,1,0.1
151,2,friendship,1,0.1
151,3,friendship,5,0.1
151,4,friendship,7,0.1
151,5,friendship,4,0.1
151,6,friendship,7,0.1
151,7,friendship,10,0.1
151,8,friendship,17,0.1
151,9,friendship,22,0.1
151,10,friendship,29,0.1
151,11,friendship,25,0.1
151,12,friendship,20,0.1
151,13,friendship,15,0.1
151,14,friendship,8,0.1
151,15,friendship,5,0.1
151,16,friendship,2,0.1
151,18,friendship,1,0.1
151,19,friendship,1,0.1
151,21,friendship,2,0.1
152,1,friendship,1,0.1
152,2,friendship,1,0.1
152,3,friendship,8,0.1
152,4,friendship,6,0.1
152,5,friendship,6,0.1
152,6,friendship,12,0.1
152,7,friendship,9,0.1
152,8,friendship,19,0.1
152,9,friendship,31,0.1
152,10,friendship,21,0.1
152,11,friendship,13,0.1
152,12,friendship,20,0.1
152,13,friendship,7,0.1
152,14,friendship,4,0.1
152,15,friendship,7,0.1
152,17,friendship,1,0.1
153,1,friendship,1,0.1
153,2,friendship,1,0.1
153,3,friendship,3,0.1
153,4,friendship,3,0.1
153,5,friendship,5,0.1
153,6,friendship,1,0.1
153,7,friendship,5,0.1
153,8,friendship,10,0.1
153,9,friendship,10,0.1
153,10,friendship,16,0.1
153,11,friendship,12,0.1
153,12,friendship,19,0.1
153,13,friendship,21,0.1
153,14,friendship,15,0.1
153,15,friendship,21,0.1
153,16,friendship,14,0.1
153,17,friendship,16,0.1
153,18,friendship,7,0.1
153,19,friendship,5,0.1
153,20,friendship,4,0.1
153,21,friendship,1,0.1
153,22,friendship,1,0.1
154,1,friendship,1,0.1
154,2,friendship,1,0.1
154,3,friendship,4,0.1
154,4,friendship,9,0.1
154,5,friendship,13,0.1
154,6,friendship,14,0.1
154,7,friendship,10,0.1
154,8,friendship,7,0.1
154,9,friendship,11,0.1
154,10,friendship,15,0.1
154,11,friendship,11,0.1
154,12,friendship,17,0.1
154,13,friendship,10,0.1
154,14,friendship,14,0.1
154,15,friendship,17,0.1
154,16,friendship,5,0.1
154,17,friendship,4,0.1
155,3,friendship,1,0.1
155,4,friendship,1,0.1
155,5,friendship,2,0.1
155,6,friendship,1,0.1
155,7,friendship,2,0.1
155,8,friendship,2,0.1
155,9,friendship,7,0.1
155,10,friendship,4,0.1
155,11,friendship,12,0.1
155,12,friendship,24,0.1
155,13,friendship,17,0.1
155,14,friendship,17,0.1
155,15,friendship,18,0.1
155,16,friendship,17,0.1
155,17,friendship,16,0.1
155,18,friendship,8,0.1
155,19,friendship,12,0.1
155,20,friendship,6,0.1
155,22,friendship,1,0.1
156,3,friendship,1,0.1
156,5,friendship,1,0.1
157,3,friendship,1,0.1
158,2,friendship,1,0.1
158,3,friendship,3,0.1
158,4,friendship,5,0.1
158,5,friendship,8,0.1
158,6,friendship,12,0.1
158,7,friendship,15,0.1
158,8,friendship,33,0.1
158,9,friendship,26,0.1
158,10,friendship,23,0.1
158,11,friendship,18,0.1
158,12,friendship,9,0.1
158,13,friendship,14,0.1
158,14,friendship,7,0.1
158,15,friendship,8,0.1
158,16,friendship,2,0.1
158,17,friendship,3,0.1
158,18,friendship,1,0.1
159,3,friendship,1,0.1
159,4,friendship,3,0.1
159,5,friendship,3,0.1
159,6,friendship,6,0.1
159,7,friendship,12,0.1
159,8,friendship,13,0.1
159,9,friendship,30,0.1
159,10,friendship,25,0.1
159,11,friendship,26,0.1
159,12,friendship,24,0.1
159,13,friendship,17,0.1
159,14,friendship,12,0.1
159,15,friendship,7,0.1
159,16,friendship,6,0.1
159,17,friendship,3,0.1
159,18,friendship,1,0.1
160,1,friendship,1,0.1
160,2,friendship,2,0.1
160,3,friendship,3,0.1
160,4,friendship,4,0.1
160,5,friendship,5,0.1
160,6,friendship,5,0.1
160,7,friendship,11,0.1
160,8,friendship,23,0.1
160,9,friendship,35,0.1
160,10,friendship,29,0.1
160,11,friendship,15,0.1
160,12,friendship,18,0.1
160,13,friendship,9,0.1
160,14,friendship,5,0.1
160,15,friendship,2,0.1
160,17,friendship,1,0.1
160,18,friendship,1,0.1
160,19,friendship,1,0.1
160,20,friendship,4,0.1
160,21,friendship,1,0.1
160,22,friendship,1,0.1
161,1,friendship,1,0.1
161,2,friendship,3,0.1
161,3,friendship,4,0.1
161,4,friendship,15,0.1
161,5,friendship,10,0.1
161,6,friendship,14,0.1
161,7,friendship,18,0.1
161,8,friendship,20,0.1
161,9,friendship,16,0.1
161,10,friendship,22,0.1
161,11,friendship,19,0.1
161,12,friendship,12,0.1
161,13,friendship,10,0.1
161,14,friendship,9,0.1
161,15,friendship,6,0.1
161,16,friendship,5,0.1
161,17,friendship,2,0.1
161,18,friendship,2,0.1
162,3,friendship,1,0.1
162,4,friendship,4,0.1
162,5,friendship,5,0.1
162,6,friendship,6,0.1
162,7,friendship,4,0.1
162,8,friendship,13,0.1
162,9,friendship,7,0.1
162,10,friendship,17,0.1
162,11,friendship,22,0.1
162,12,friendship,24,0.1
162,13,friendship,16,0.1
162,14,friendship,18,0.1
162,15,friendship,14,0.1
162,16,friendship,3,0.1
162,17,friendship,7,0.1
162,18,friendship,2,0.1
162,19,friendship,2,0.1
162,20,friendship,1,0.1
162,21,friendship,1,0.1
163,1,friendship,1,0.1
163,2,friendship,4,0.1
163,3,friendship,4,0.1
163,4,friendship,12,0.1
163,5,friendship,10,0.1
163,6,friendship,8,0.1
163,7,friendship,10,0.1
163,8,friendship,11,0.1
163,9,friendship,23,0.1
163,10,friendship,18,0.1
163,11,friendship,24,0.1
163,12,friendship,23,0.1
163,13,friendship,15,0.1
163,14,friendship,9,0.1
163,15,friendship,4,0.1
163,16,friendship,5,0.1
163,18,friendship,1,0.1
164,1,friendship,1,0.1
164,2,friendship,2,0.1
164,3,friendship,4,0.1
164,4,friendship,7,0.1
164,5,friendship,15,0.1
164,6,friendship,23,0.1
164,7,friendship,29,0.1
164,8,friendship,25,0.1
164,9,friendship,21,0.1
164,10,friendship,18,0.1
164,11,friendship,16,0.1
164,12,friendship,11,0.1
164,13,friendship,4,0.1
164,14,friendship,5,0.1
164,16,friendship,1,0.1
164,17,friendship,1,0.1
164,18,friendship,1,0.1
165,1,friendship,1,0.1
165,2,friendship,7,0.1
165,3,friendship,7,0.1
165,4,friendship,7,0.1
165,5,friendship,19,0.1
165,6,friendship,17,0.1
165,7,friendship,18,0.1
165,8,friendship,37,0.1
165,9,friendship,18,0.1
165,10,friendship,10,0.1
165,11,friendship,6,0.1
165,12,friendship,5,0.1
165,13,friendship,4,0.1
165,14,friendship,4,0.1
165,15,friendship,2,0.1
165,16,friendship,5,0.1
165,17,friendship,1,0.1
165,18,friendship,2,0.1
165,19,friendship,1,0.1
165,20,friendship,2,0.1
165,21,friendship,1,0.1
166,1,friendship,1,0.1
166,2,friendship,7,0.1
166,3,friendship,11,0.1
166,4,friendship,26,0.1
166,5,friendship,24,0.1
166,6,friendship,33,0.1
166,7,friendship,28,0.1
166,8,friendship,15,0.1
166,9,friendship,20,0.1
166,10,friendship,12,0.1
166,11,friendship,7,0.1
166,12,friendship,1,0.1
166,13,friendship,1,0.1
166,14,friendship,1,0.1
167,3,friendship,2,0.1
167,6,friendship,3,0.1
167,7,friendship,3,0.1
167,8,friendship,7,0.1
167,9,friendship,3,0.1
167,10,friendship,11,0.1
167,11,friendship,15,0.1
167,12,friendship,29,0.1
167,13,friendship,28,0.1
167,14,friendship,24,0.1
167,15,friendship,21,0.1
167,16,friendship,19,0.1
167,17,friendship,10,0.1
167,18,friendship,5,0.1
167,19,friendship,1,0.1
167,20,friendship,1,0.1
168,4,friendship,4,0.1
168,5,friendship,3,0.1
168,6,friendship,2,0.1
168,7,friendship,5,0.1
168,8,friendship,14,0.1
168,9,friendship,14,0.1
168,10,friendship,22,0.1
168,11,friendship,24,0.1
168,12,friendship,23,0.1
168,13,friendship,19,0.1
168,14,friendship,22,0.1
168,15,friendship,14,0.1
168,16,friendship,6,0.1
168,17,friendship,2,0.1
168,18,friendship,2,0.1
168,19,friendship,3,0.1
169,3,friendship,1,0.1
169,4,friendship,5,0.1
169,5,friendship,5,0.1
169,6,friendship,14,0.1
169,7,friendship,6,0.1
169,8,friendship,8,0.1
169,9,friendship,17,0.1
169,10,friendship,20,0.1
169,11,friendship,10,0.1
169,12,friendship,18,0.1
169,13,friendship,12,0.1
169,14,friendship,23,0.1
169,15,friendship,21,0.1
169,16,friendship,15,0.1
169,17,friendship,4,0.1
169,18,friendship,4,0.1
169,19,friendship,3,0.1
169,21,friendship,2,0.1
169,22,friendship,1,0.1
170,2,friendship,3,0.1
170,3,friendship,8,0.1
170,4,friendship,10,0.1
170,5,friendship,20,0.1
170,6,friendship,25,0.1
170,7,friendship,18,0.1
170,8,friendship,26,0.1
170,9,friendship,29,0.1
170,10,friendship,17,0.1
170,11,friendship,7,0.1
170,12,friendship,8,0.1
170,13,friendship,3,0.1
170,14,friendship,3,0.1
170,15,friendship,2,0.1
170,16,friendship,1,0.1
171,1,friendship,1,0.1
171,2,friendship,2,0.1
171,3,friendship,5,0.1
171,4,friendship,8,0.1
171,5,friendship,6,0.1
171,6,friendship,6,0.1
171,7,friendship,7,0.1
171,8,friendship,13,0.1
171,9,friendship,4,0.1
171,10,friendship,9,0.1
171,11,friendship,13,0.1
171,12,friendship,17,0.1
171,13,friendship,24,0.1
171,14,friendship,18,0.1
171,15,friendship,18,0.1
171,16,friendship,15,0.1
171,17,friendship,5,0.1
171,18,friendship,1,0.1
172,2,friendship,1,0.1
172,3,friendship,1,0.1
172,4,friendship,6,0.1
172,5,friendship,8,0.1
172,6,friendship,11,0.1
172,7,friendship,16,0.1
172,8,friendship,20,0.1
172,9,friendship,23,0.1
172,10,friendship,15,0.1
172,11,friendship,27,0.1
172,12,friendship,19,0.1
172,13,friendship,11,0.1
172,14,friendship,12,0.1
172,15,friendship,5,0.1
172,16,friendship,1,0.1
172,17,friendship,4,0.1
172,18,friendship,2,0.1
173,1,friendship,2,0.1
173,2,friendship,5,0.1
173,3,friendship,8,0.1
173,4,friendship,16,0.1
173,5,friendship,23,0.1
173,6,friendship,31,0.1
173,7,friendship,29,0.1
173,8,friendship,32,0.1
173,9,friendship,14,0.1
173,10,friendship,11,0.1
173,11,friendship,7,0.1
173,12,friendship,5,0.1
173,13,friendship,2,0.1
173,14,friendship,1,0.1
174,3,friendship,1,0.1
175,2,friendship,3,0.1
175,3,friendship,5,0.1
175,4,friendship,5,0.1
175,5,friendship,13,0.1
175,6,friendship,16,0.1
175,7,friendship,27,0.1
175,8,friendship,22,0.1
175,9,friendship,16,0.1
175,10,friendship,12,0.1
175,11,friendship,10,0.1
175,12,friendship,7,0.1
175,13,friendship,5,0.1
175,14,friendship,4,0.1
175,15,friendship,4,0.1
175,17,friendship,8,0.1
175,18,friendship,2,0.1
175,19,friendship,3,0.1
175,20,friendship,1,0.1
176,3,friendship,3,0.1
176,4,friendship,3,0.1
176,5,friendship,3,0.1
176,6,friendship,1,0.1
177,1,friendship,5,0.1
177,2,friendship,3,0.1
177,3,friendship,9,0.1
177,4,friendship,20,0.1
177,5,friendship,12,0.1
177,6,friendship,16,0.1
177,7,friendship,7,0.1
177,8,friendship,14,0.1
177,9,friendship,13,0.1
177,10,friendship,15,0.1
177,11,friendship,19,0.1
177,12,friendship,15,0.1
177,13,friendship,18,0.1
177,14,friendship,4,0.1
177,15,friendship,8,0.1
177,16,friendship,3,0.1
177,17,friendship,1,0.1
177,18,friendship,2,0.1
178,1,friendship,1,0.1
178,2,friendship,1,0.1
178,3,friendship,1,0.1
178,4,friendship,6,0.1
178,5,friendship,8,0.1
178,6,friendship,6,0.1
178,7,friendship,19,0.1
178,8,friendship,21,0.1
178,9,friendship,26,0.1
178,10,friendship,27,0.1
178,11,friendship,23,0.1
178,12,friendship,6,0.1
178,13,friendship,4,0.1
178,14,friendship,9,0.1
178,15,friendship,4,0.1
178,16,friendship,3,0.1
178,17,friendship,3,0.1
178,18,friendship,3,0.1
178,19,friendship,2,0.1
178,22,friendship,1,0.1
179,1,friendship,1,0.1
179,2,friendship,2,0.1
179,3,friendship,13,0.1
179,4,friendship,15,0.1
179,5,friendship,14,0.1
179,6,friendship,17,0.1
179,7,friendship,27,0.1
179,8,friendship,22,0.1
179,9,friendship,27,0.1
179,10,friendship,20,0.1
179,11,friendship,13,0.1
179,12,friendship,6,0.1
179,13,friendship,6,0.1
179,14,friendship,1,0.1
179,15,friendship,1,0.1
180,1,friendship,1,0.1
180,2,friendship,2,0.1
180,3,friendship,10,0.1
180,4,friendship,10,0.1
180,5,friendship,21,0.1
180,6,friendship,27,0.1
180,7,friendship,25,0.1
180,8,friendship,24,0.1
180,9,friendship,19,0.1
180,10,friendship,11,0.1
180,11,friendship,10,0.1
180,12,friendship,6,0.1
180,13,friendship,1,0.1
180,15,friendship,2,0.1
180,18,friendship,1,0.1
180,19,friendship,1,0.1
180,21,friendship,1,0.1
181,1,friendship,2,0.1
181,2,friendship,2,0.1
181,3,friendship,8,0.1
181,4,friendship,17,0.1
181,5,friendship,21,0.1
181,6,friendship,20,0.1
181,7,friendship,21,0.1
181,8,friendship,19,0.1
181,9,friendship,18,0.1
181,10,friendship,11,0.1
181,11,friendship,16,0.1
181,12,friendship,7,0.1
181,13,friendship,8,0.1
181,14,friendship,2,0.1
181,17,friendship,1,0.1
182,2,friendship,1,0.1
182,3,friendship,4,0.1
182,4,friendship,3,0.1
182,5,friendship,6,0.1
182,6,friendship,3,0.1
182,7,friendship,8,0.1
182,8,friendship,9,0.1
182,9,friendship,13,0.1
182,10,friendship,17,0.1
182,11,friendship,27,0.1
182,12,friendship,23,0.1
182,13,friendship,30,0.1
182,14,friendship,18,0.1
182,15,friendship,15,0.1
182,16,friendship,7,0.1
182,17,friendship,4,0.1
182,18,friendship,2,0.1
182,19,friendship,1,0.1
183,3,friendship,2,0.1
183,4,friendship,10,0.1
183,5,friendship,20,0.1
183,6,friendship,24,0.1
183,7,friendship,26,0.1
183,8,friendship,27,0.1
183,9,friendship,19,0.1
183,10,friendship,23,0.1
183,11,friendship,16,0.1
183,12,friendship,5,0.1
183,13,friendship,12,0.1
183,14,friendship,4,0.1
183,15,friendship,3,0.1
183,16,friendship,1,0.1
183,18,friendship,1,0.1
184,4,friendship,4,0.1
184,5,friendship,3,0.1
184,6,friendship,4,0.1
184,7,friendship,12,0.1
184,8,friendship,11,0.1
184,9,friendship,16,0.1
184,10,friendship,20,0.1
184,11,friendship,18,0.1
184,12,friendship,23,0.1
184,13,friendship,27,0.1
184,14,friendship,12,0.1
184,15,friendship,10,0.1
184,16,friendship,5,0.1
184,17,friendship,3,0.1
184,18,friendship,1,0.1
184,19,friendship,3,0.1
184,21,friendship,1,0.1
185,1,friendship,1,0.1
185,2,friendship,3,0.1
185,3,friendship,6,0.1
185,4,friendship,21,0.1
185,5,friendship,19,0.1
185,6,friendship,31,0.1
185,7,friendship,30,0.1
185,8,friendship,34,0.1
185,9,friendship,16,0.1
185,10,friendship,11,0.1
185,11,friendship,4,0.1
185,12,friendship,2,0.1
185,13,friendship,1,0.1
185,14,friendship,1,0.1
186,1,friendship,1,0.1
186,2,friendship,2,0.1
186,3,friendship,10,0.1
186,4,friendship,8,0.1
186,5,friendship,10,0.1
186,6,friendship,17,0.1
186,7,friendship,23,0.1
186,8,friendship,30,0.1
186,9,friendship,30,0.1
186,10,friendship,19,0.1
186,11,friendship,6,0.1
186,12,friendship,9,0.1
186,13,friendship,4,0.1
186,14,friendship,3,0.1
186,15,friendship,1,0.1
187,1,friendship,1,0.1
187,2,friendship,1,0.1
187,3,friendship,3,0.1
187,4,friendship,4,0.1
187,5,friendship,12,0.1
187,6,friendship,12,0.1
187,7,friendship,26,0.1
187,8,friendship,34,0.1
187,9,friendship,23,0.1
187,10,friendship,16,0.1
187,11,friendship,17,0.1
187,12,friendship,9,0.1
187,13,friendship,5,0.1
187,14,friendship,3,0.1
187,15,friendship,3,0.1
187,16,friendship,1,0.1
187,18,friendship,1,0.1
188,2,friendship,1,0.1
188,3,friendship,4,0.1
188,4,friendship,8,0.1
188,5,friendship,1,0.1
188,6,friendship,8,0.1
188,7,friendship,6,0.1
188,8,friendship,17,0.1
188,9,friendship,26,0.1
188,10,friendship,27,0.1
188,11,friendship,25,0.1
188,12,friendship,11,0.1
188,13,friendship,8,0.1
188,14,friendship,6,0.1
188,15,friendship,10,0.1
188,16,friendship,6,0.1
188,17,friendship,3,0.1
188,20,friendship,2,0.1
188,21,friendship,1,0.1
189,2,friendship,3,0.1
189,3,friendship,8,0.1
189,4,friendship,10,0.1
189,5,friendship,25,0.1
189,6,friendship,34,0.1
189,7,friendship,29,0.1
189,8,friendship,24,0.1
189,9,friendship,14,0.1
189,10,friendship,13,0.1
189,11,friendship,11,0.1
189,12,friendship,5,0.1
189,13,friendship,4,0.1
190,1,friendship,1,0.1
190,2,friendship,3,0.1
190,3,friendship,16,0.1
190,4,friendship,15,0.1
190,5,friendship,19,0.1
190,6,friendship,19,0.1
190,7,friendship,33,0.1
190,8,friendship,30,0.1
190,9,friendship,20,0.1
190,10,friendship,19,0.1
190,11,friendship,6,0.1
190,12,friendship,3,0.1
190,13,friendship,2,0.1
191,1,friendship,1,0.1
191,2,friendship,3,0.1
191,3,friendship,5,0.1
191,4,friendship,7,0.1
191,5,friendship,5,0.1
191,6,friendship,15,0.1
191,7,friendship,14,0.1
191,8,friendship,13,0.1
191,9,friendship,14,0.1
191,10,friendship,22,0.1
191,11,friendship,15,0.1
191,12,friendship,11,0.1
191,13,friendship,10,0.1
191,14,friendship,9,0.1
191,15,friendship,11,0.1
191,16,friendship,7,0.1
191,17,friendship,7,0.1
191,18,friendship,1,0.1
192,2,friendship,1,0.1
192,3,friendship,2,0.1
192,4,friendship,7,0.1
192,5,friendship,9,0.1
192,6,friendship,8,0.1
192,7,friendship,19,0.1
192,8,friendship,38,0.1
192,9,friendship,37,0.1
192,10,friendship,29,0.1
192,11,friendship,16,0.1
192,12,friendship,12,0.1
192,13,friendship,6,0.1
192,14,friendship,3,0.1
192,15,friendship,2,0.1
193,1,friendship,1,0.1
193,2,friendship,2,0.1
193,3,friendship,1,0.1
193,5,friendship,2,0.1
193,6,friendship,1,0.1
193,7,friendship,3,0.1
193,8,friendship,3,0.1
193,9,friendship,2,0.1
193,10,friendship,2,0.1
193,11,friendship,2,0.1
193,12,friendship,6,0.1
193,13,friendship,6,0.1
193,14,friendship,8,0.1
193,15,friendship,9,0.1
193,16,friendship,16,0.1
193,17,friendship,18,0.1
193,18,friendship,23,0.1
193,19,friendship,20,0.1
193,20,friendship,19,0.1
193,21,friendship,7,0.1
193,22,friendship,3,0.1
194,2,friendship,1,0.1
194,4,friendship,8,0.1
194,5,friendship,7,0.1
194,6,friendship,7,0.1
194,7,friendship,10,0.1
194,8,friendship,17,0.1
194,9,friendship,17,0.1
194,10,friendship,23,0.1
194,11,friendship,14,0.1
194,12,friendship,22,0.1
194,13,friendship,25,0.1
194,14,friendship,9,0.1
194,15,friendship,4,0.1
194,16,friendship,6,0.1
194,17,friendship,1,0.1
194,18,friendship,2,0.1
194,19,friendship,1,0.1
195,2,friendship,3,0.1
195,3,friendship,4,0.1
195,4,friendship,6,0.1
195,5,friendship,16,0.1
195,6,friendship,16,0.1
195,7,friendship,20,0.1
195,8,friendship,24,0.1
195,9,friendship,36,0.1
195,10,friendship,19,0.1
195,11,friendship,20,0.1
195,12,friendship,8,0.1
195,13,friendship,3,0.1
195,14,friendship,4,0.1
196,3,friendship,2,0.1
196,5,friendship,2,0.1
196,6,friendship,1,0.1
197,2,friendship,2,0.1
197,3,friendship,5,0.1
197,4,friendship,3,0.1
197,5,friendship,5,0.1
197,6,friendship,5,0.1
197,7,friendship,6,0.1
197,8,friendship,11,0.1
197,9,friendship,12,0.1
197,10,friendship,26,0.1
197,11,friendship,23,0.1
197,12,friendship,20,0.1
197,13,friendship,24,0.1
197,14,friendship,14,0.1
197,15,friendship,9,0.1
197,16,friendship,3,0.1
197,17,friendship,2,0.1
197,18,friendship,3,0.1
197,19,friendship,4,0.1
197,20,friendship,1,0.1
197,21,friendship,1,0.1
198,3,friendship,1,0.1
198,4,friendship,2,0.1
198,5,friendship,5,0.1
198,6,friendship,6,0.1
198,7,friendship,24,0.1
198,8,friendship,23,0.1
198,9,friendship,35,0.1
198,10,friendship,21,0.1
198,11,friendship,14,0.1
198,12,friendship,9,0.1
198,13,friendship,6,0.1
198,14,friendship,8,0.1
198,15,friendship,4,0.1
198,16,friendship,1,0.1
198,17,friendship,4,0.1
198,18,friendship,4,0.1
198,19,friendship,2,0.1
198,20,friendship,2,0.1
198,21,friendship,1,0.1
199,1,friendship,1,0.1
199,3,friendship,10,0.1
199,4,friendship,9,0.1
199,5,friendship,19,0.1
199,6,friendship,18,0.1
199,7,friendship,32,0.1
199,8,friendship,20,0.1
199,9,friendship,17,0.1
199,10,friendship,13,0.1
199,11,friendship,14,0.1
199,12,friendship,14,0.1
199,13,friendship,5,0.1
199,14,friendship,8,0.1
199,15,friendship,4,0.1
199,16,friendship,3,0.1
199,17,friendship,1,0.1
199,18,friendship,1,0.1
200,2,friendship,3,0.1
200,3,friendship,4,0.1
200,4,friendship,7,0.1
200,5,friendship,8,0.1
200,6,friendship,20,0.1
200,7,friendship,25,0.1
200,8,friendship,22,0.1
200,9,friendship,22,0.1
200,10,friendship,20,0.1
200,11,friendship,19,0.1
200,12,friendship,14,0.1
200,13,friendship,8,0.1
200,14,friendship,2,0.1
200,15,friendship,2,0.1
200,16,friendship,1,0.1
201,1,friendship,2,0.1
201,2,friendship,1,0.1
201,3,friendship,7,0.1
201,4,friendship,15,0.1
201,5,friendship,9,0.1
201,6,friendship,20,0.1
201,7,friendship,11,0.1
201,8,friendship,17,0.1
201,9,friendship,23,0.1
201,10,friendship,18,0.1
201,11,friendship,24,0.1
201,12,friendship,14,0.1
201,13,friendship,4,0.1
201,14,friendship,4,0.1
202,1,friendship,1,0.1
202,4,friendship,1,0.1
203,1,friendship,2,0.1
203,2,friendship,2,0.1
203,3,friendship,5,0.1
203,4,friendship,8,0.1
203,5,friendship,19,0.1
203,6,friendship,18,0.1
203,7,friendship,22,0.1
203,8,friendship,26,0.1
203,9,friendship,13,0.1
203,10,friendship,11,0.1
203,11,friendship,18,0.1
203,12,friendship,11,0.1
203,13,friendship,7,0.1
203,14,friendship,4,0.1
203,15,friendship,1,0.1
203,16,friendship,1,0.1
203,18,friendship,1,0.1
203,19,friendship,2,0.1
203,20,friendship,2,0.1
204,1,friendship,1,0.1
204,2,friendship,1,0.1
204,3,friendship,2,0.1
204,4,friendship,3,0.1
204,5,friendship,3,0.1
204,6,friendship,5,0.1
204,7,friendship,8,0.1
204,8,friendship,11,0.1
204,9,friendship,18,0.1
204,10,friendship,33,0.1
204,11,friendship,26,0.1
204,12,friendship,21,0.1
204,13,friendship,26,0.1
204,14,friendship,13,0.1
204,15,friendship,4,0.1
204,16,friendship,5,0.1
204,17,friendship,2,0.1
204,18,friendship,1,0.1
205,1,friendship,1,0.1
205,4,friendship,1,0.1
206,2,friendship,1,0.1
206,3,friendship,3,0.1
206,4,friendship,1,0.1
206,5,friendship,6,0.1
206,6,friendship,9,0.1
206,7,friendship,14,0.1
206,8,friendship,16,0.1
206,9,friendship,19,0.1
206,10,friendship,27,0.1
206,11,friendship,24,0.1
206,12,friendship,16,0.1
206,13,friendship,14,0.1
206,14,friendship,11,0.1
206,15,friendship,6,0.1
206,16,friendship,4,0.1
206,17,friendship,1,0.1
207,1,friendship,1,0.1
207,2,friendship,2,0.1
207,3,friendship,1,0.1
207,4,friendship,1,0.1
208,3,friendship,1,0.1
208,4,friendship,2,0.1
208,5,friendship,4,0.1
208,6,friendship,10,0.1
208,7,friendship,10,0.1
208,8,friendship,16,0.1
208,9,friendship,17,0.1
208,10,friendship,34,0.1
208,11,friendship,25,0.1
208,12,friendship,19,0.1
208,13,friendship,14,0.1
208,14,friendship,9,0.1
208,15,friendship,7,0.1
208,16,friendship,2,0.1
208,17,friendship,4,0.1
208,18,friendship,4,0.1
209,2,friendship,3,0.1
209,3,friendship,15,0.1
209,4,friendship,21,0.1
209,5,friendship,30,0.1
209,6,friendship,23,0.1
209,7,friendship,24,0.1
209,8,friendship,22,0.1
209,9,friendship,17,0.1
209,10,friendship,14,0.1
209,11,friendship,8,0.1
209,12,friendship,4,0.1
209,13,friendship,5,0.1
209,14,friendship,3,0.1
209,15,friendship,3,0.1
209,16,friendship,1,0.1
210,1,friendship,2,0.1
210,2,friendship,4,0.1
210,3,friendship,3,0.1
210,4,friendship,9,0.1
210,5,friendship,15,0.1
210,6,friendship,20,0.1
210,7,friendship,16,0.1
210,8,friendship,20,0.1
210,9,friendship,12,0.1
210,10,friendship,12,0.1
210,11,friendship,11,0.1
210,12,friendship,15,0.1
210,13,friendship,15,0.1
210,14,friendship,5,0.1
210,15,friendship,4,0.1
210,16,friendship,2,0.1
210,17,friendship,2,0.1
210,18,friendship,1,0.1
211,2,friendship,1,0.1
211,3,friendship,9,0.1
211,4,friendship,6,0.1
211,5,friendship,16,0.1
211,6,friendship,26,0.1
211,7,friendship,27,0.1
211,8,friendship,23,0.1
211,9,friendship,27,0.1
211,10,friendship,14,0.1
211,11,friendship,13,0.1
211,12,friendship,4,0.1
211,13,friendship,5,0.1
211,14,friendship,4,0.1
211,15,friendship,4,0.1
211,16,friendship,1,0.1
212,2,friendship,1,0.1
212,3,friendship,7,0.1
212,4,friendship,7,0.1
212,5,friendship,9,0.1
212,6,friendship,13,0.1
212,7,friendship,20,0.1
212,8,friendship,21,0.1
212,9,friendship,18,0.1
212,10,friendship,23,0.1
212,11,friendship,21,0.1
212,12,friendship,12,0.1
212,13,friendship,11,0.1
212,14,friendship,3,0.1
212,15,friendship,1,0.1
212,16,friendship,2,0.1
212,17,friendship,2,0.1
212,18,friendship,2,0.1
212,19,friendship,1,0.1
213,3,friendship,1,0.1
213,4,friendship,1,0.1
213,5,friendship,8,0.1
213,6,friendship,3,0.1
213,7,friendship,2,0.1
213,8,friendship,13,0.1
213,9,friendship,11,0.1
213,10,friendship,24,0.1
213,11,friendship,31,0.1
213,12,friendship,38,0.1
213,13,friendship,18,0.1
213,14,friendship,15,0.1
213,15,friendship,8,0.1
213,16,friendship,1,0.1
213,17,friendship,1,0.1
213,18,friendship,1,0.1
213,19,friendship,1,0.1
214,1,friendship,2,0.1
214,2,friendship,3,0.1
214,3,friendship,11,0.1
214,4,friendship,13,0.1
214,5,friendship,20,0.1
214,6,friendship,12,0.1
214,7,friendship,15,0.1
214,8,friendship,8,0.1
214,9,friendship,7,0.1
214,10,friendship,11,0.1
214,11,friendship,10,0.1
214,12,friendship,5,0.1
214,13,friendship,16,0.1
214,14,friendship,17,0.1
214,15,friendship,9,0.1
214,16,friendship,11,0.1
214,17,friendship,9,0.1
214,19,friendship,1,0.1
215,3,friendship,2,0.1
215,4,friendship,4,0.1
215,5,friendship,5,0.1
215,6,friendship,15,0.1
215,7,friendship,17,0.1
215,8,friendship,18,0.1
215,9,friendship,15,0.1
215,10,friendship,23,0.1
215,11,friendship,25,0.1
215,12,friendship,14,0.1
215,13,friendship,24,0.1
215,14,friendship,10,0.1
215,15,friendship,8,0.1
215,16,friendship,3,0.1
215,17,friendship,1,0.1
215,18,friendship,1,0.1
216,1,friendship,1,0.1
216,2,friendship,1,0.1
216,3,friendship,11,0.1
216,4,friendship,14,0.1
216,5,friendship,10,0.1
216,6,friendship,16,0.1
216,7,friendship,23,0.1
216,8,friendship,25,0.1
216,9,friendship,14,0.1
216,10,friendship,20,0.1
216,11,friendship,18,0.1
216,12,friendship,13,0.1
216,13,friendship,7,0.1
216,14,friendship,5,0.1
216,15,friendship,1,0.1
216,16,friendship,2,0.1
216,17,friendship,3,0.1
216,19,friendship,1,0.1
216,21,friendship,1,0.1
217,1,friendship,1,0.1
217,2,friendship,3,0.1
217,3,friendship,6,0.1
217,4,friendship,4,0.1
217,5,friendship,12,0.1
217,6,friendship,8,0.1
217,7,friendship,14,0.1
217,8,friendship,21,0.1
217,9,friendship,24,0.1
217,10,friendship,27,0.1
217,11,friendship,21,0.1
217,12,friendship,9,0.1
217,13,friendship,8,0.1
217,14,friendship,7,0.1
217,15,friendship,3,0.1
217,16,friendship,2,0.1
218,1,friendship,1,0.1
218,2,friendship,3,0.1
218,3,friendship,5,0.1
218,4,friendship,11,0.1
218,5,friendship,14,0.1
218,6,friendship,16,0.1
218,7,friendship,14,0.1
218,8,friendship,22,0.1
218,9,friendship,18,0.1
218,10,friendship,16,0.1
218,11,friendship,15,0.1
218,12,friendship,11,0.1
218,13,friendship,3,0.1
218,14,friendship,7,0.1
218,15,friendship,6,0.1
218,17,friendship,1,0.1
218,18,friendship,2,0.1
219,3,friendship,1,0.1
220,2,friendship,2,0.1
220,3,friendship,2,0.1
220,4,friendship,2,0.1
220,5,friendship,6,0.1
220,6,friendship,6,0.1
220,7,friendship,12,0.1
220,8,friendship,16,0.1
220,9,friendship,21,0.1
220,10,friendship,16,0.1
220,11,friendship,15,0.1
220,12,friendship,28,0.1
220,13,friendship,13,0.1
220,14,friendship,10,0.1
220,15,friendship,9,0.1
220,16,friendship,7,0.1
220,17,friendship,1,0.1
220,18,friendship,1,0.1
220,19,friendship,1,0.1
221,1,friendship,1,0.1
221,2,friendship,1,0.1
221,3,friendship,3,0.1
221,4,friendship,8,0.1
221,5,friendship,10,0.1
221,6,friendship,10,0.1
221,7,friendship,22,0.1
221,8,friendship,16,0.1
221,9,friendship,26,0.1
221,10,friendship,24,0.1
221,11,friendship,14,0.1
221,12,friendship,11,0.1
221,13,friendship,13,0.1
221,14,friendship,5,0.1
221,15,friendship,5,0.1
221,16,friendship,2,0.1
221,17,friendship,2,0.1
222,1,friendship,1,0.1
222,3,friendship,4,0.1
222,4,friendship,9,0.1
222,5,friendship,10,0.1
222,6,friendship,11,0.1
222,7,friendship,14,0.1
222,8,friendship,17,0.1
222,9,friendship,17,0.1
222,10,friendship,18,0.1
222,11,friendship,23,0.1
222,12,friendship,20,0.1
222,13,friendship,10,0.1
222,14,friendship,11,0.1
222,15,friendship,5,0.1
222,18,friendship,1,0.1
223,1,friendship,1,0.1
223,2,friendship,1,0.1
223,3,friendship,4,0.1
223,4,friendship,5,0.1
223,5,friendship,5,0.1
223,6,friendship,8,0.1
223,7,friendship,13,0.1
223,8,friendship,22,0.1
223,9,friendship,18,0.1
223,10,friendship,26,0.1
223,11,friendship,21,0.1
223,12,friendship,31,0.1
223,13,friendship,10,0.1
223,14,friendship,8,0.1
223,15,friendship,6,0.1
224,1,friendship,1,0.1
224,2,friendship,3,0.1
224,3,friendship,7,0.1
224,4,friendship,18,0.1
224,5,friendship,19,0.1
224,6,friendship,10,0.1
224,7,friendship,25,0.1
224,8,friendship,23,0.1
224,9,friendship,24,0.1
224,10,friendship,20,0.1
224,11,friendship,9,0.1
224,12,friendship,8,0.1
224,13,friendship,5,0.1
224,14,friendship,3,0.1
224,15,friendship,5,0.1
224,16,friendship,2,0.1
224,17,friendship,1,0.1
224,19,friendship,1,0.1
225,3,friendship,1,0.1
225,5,friendship,2,0.1
225,7,friendship,1,0.1
225,8,friendship,4,0.1
225,9,friendship,10,0.1
225,10,friendship,20,0.1
225,11,friendship,16,0.1
225,12,friendship,31,0.1
225,13,friendship,31,0.1
225,14,friendship,23,0.1
225,15,friendship,20,0.1
225,16,friendship,14,0.1
225,17,friendship,9,0.1
225,18,friendship,1,0.1
225,19,friendship,1,0.1
226,1,friendship,2,0.1
226,2,friendship,2,0.1
226,3,friendship,6,0.1
226,4,friendship,10,0.1
226,5,friendship,17,0.1
226,6,friendship,16,0.1
226,7,friendship,30,0.1
226,8,friendship,29,0.1
226,9,friendship,24,0.1
226,10,friendship,14,0.1
226,11,friendship,12,0.1
226,12,friendship,11,0.1
226,13,friendship,3,0.1
226,14,friendship,1,0.1
226,15,friendship,4,0.1
226,16,friendship,1,0.1
226,17,friendship,1,0.1
226,20,friendship,1,0.1
227,2,friendship,1,0.1
227,3,friendship,8,0.1
227,4,friendship,10,0.1
227,5,friendship,2,0.1
227,6,friendship,23,0.1
227,7,friendship,10,0.1
227,8,friendship,15,0.1
227,9,friendship,30,0.1
227,10,friendship,21,0.1
227,11,friendship,15,0.1
227,12,friendship,13,0.1
227,13,friendship,8,0.1
227,14,friendship,10,0.1
227,15,friendship,3,0.1
227,16,friendship,4,0.1
227,17,friendship,1,0.1
227,18,friendship,2,0.1
228,1,friendship,1,0.1
228,2,friendship,2,0.1
228,3,friendship,8,0.1
228,4,friendship,6,0.1
228,5,friendship,5,0.1
228,6,friendship,1,0.1
228,7,friendship,13,0.1
228,8,friendship,14,0.1
228,9,friendship,19,0.1
228,10,friendship,24,0.1
228,11,friendship,17,0.1
228,12,friendship,9,0.1
228,13,friendship,21,0.1
228,14,friendship,10,0.1
228,15,friendship,7,0.1
228,16,friendship,5,0.1
228,17,friendship,5,0.1
228,18,friendship,4,0.1
228,20,friendship,2,0.1
228,21,friendship,2,0.1
229,1,friendship,1,0.1
229,2,friendship,3,0.1
229,3,friendship,5,0.1
229,4,friendship,23,0.1
229,5,friendship,19,0.1
229,6,friendship,14,0.1
229,7,friendship,15,0.1
229,8,friendship,18,0.1
229,9,friendship,11,0.1
229,10,friendship,19,0.1
229,11,friendship,8,0.1
229,12,friendship,5,0.1
229,13,friendship,10,0.1
229,14,friendship,5,0.1
229,15,friendship,8,0.1
229,16,friendship,2,0.1
229,17,friendship,1,0.1
229,18,friendship,1,0.1
230,1,friendship,1,0.1
230,3,friendship,8,0.1
230,4,friendship,6,0.1
230,5,friendship,17,0.1
230,6,friendship,22,0.1
230,7,friendship,15,0.1
230,8,friendship,16,0.1
230,9,friendship,14,0.1
230,10,friendship,12,0.1
230,11,friendship,22,0.1
230,12,friendship,15,0.1
230,13,friendship,13,0.1
230,14,friendship,8,0.1
230,15,friendship,7,0.1
230,16,friendship,2,0.1
230,18,friendship,1,0.1
230,19,friendship,1,0.1
231,1,friendship,1,0.1
231,3,friendship,1,0.1
231,4,friendship,2,0.1
231,5,friendship,3,0.1
231,6,friendship,4,0.1
231,7,friendship,4,0.1
231,8,friendship,10,0.1
231,9,friendship,20,0.1
231,10,friendship,22,0.1
231,11,friendship,26,0.1
231,12,friendship,25,0.1
231,13,friendship,18,0.1
231,14,friendship,13,0.1
231,15,friendship,9,0.1
231,16,friendship,2,0.1
231,17,friendship,7,0.1
231,18,friendship,7,0.1
231,20,friendship,1,0.1
231,21,friendship,2,0.1
232,1,friendship,1,0.1
232,2,friendship,4,0.1
232,3,friendship,3,0.1
232,4,friendship,3,0.1
232,5,friendship,4,0.1
232,6,friendship,6,0.1
232,7,friendship,11,0.1
232,8,friendship,12,0.1
232,9,friendship,9,0.1
232,10,friendship,14,0.1
232,11,friendship,25,0.1
232,12,friendship,11,0.1
232,13,friendship,13,0.1
232,14,friendship,23,0.1
232,15,friendship,11,0.1
232,16,friendship,12,0.1
232,17,friendship,16,0.1
232,18,friendship,2,0.1
232,19,friendship,2,0.1
233,2,friendship,2,0.1
233,3,friendship,1,0.1
233,4,friendship,3,0.1
233,5,friendship,9,0.1
233,6,friendship,19,0.1
233,7,friendship,17,0.1
233,8,friendship,13,0.1
233,9,friendship,21,0.1
233,10,friendship,24,0.1
233,11,friendship,21,0.1
233,12,friendship,20,0.1
233,13,friendship,17,0.1
233,14,friendship,11,0.1
233,15,friendship,3,0.1
233,16,friendship,2,0.1
233,17,friendship,1,0.1
234,1,friendship,1,0.1
234,2,friendship,1,0.1
234,3,friendship,2,0.1
234,4,friendship,6,0.1
234,5,friendship,7,0.1
234,6,friendship,11,0.1
234,7,friendship,23,0.1
234,8,friendship,28,0.1
234,9,friendship,27,0.1
234,10,friendship,25,0.1
234,11,friendship,17,0.1
234,12,friendship,13,0.1
234,13,friendship,7,0.1
234,14,friendship,6,0.1
234,15,friendship,1,0.1
234,16,friendship,1,0.1
235,2,friendship,1,0.1
235,3,friendship,2,0.1
235,4,friendship,1,0.1
235,5,friendship,1,0.1
235,6,friendship,1,0.1
235,7,friendship,2,0.1
235,8,friendship,3,0.1
235,9,friendship,4,0.1
235,10,friendship,15,0.1
235,11,friendship,6,0.1
235,12,friendship,13,0.1
235,13,friendship,16,0.1
235,14,friendship,23,0.1
235,15,friendship,22,0.1
235,16,friendship,26,0.1
235,17,friendship,28,0.1
235,18,friendship,13,0.1
235,19,friendship,4,0.1
235,20,friendship,5,0.1
235,21,friendship,1,0.1
235,22,friendship,1,0.1
236,1,friendship,1,0.1
236,2,friendship,1,0.1
236,4,friendship,3,0.1
236,5,friendship,3,0.1
236,6,friendship,3,0.1
236,7,friendship,2,0.1
236,8,friendship,2,0.1
236,9,friendship,11,0.1
236,10,friendship,9,0.1
236,11,friendship,14,0.1
236,12,friendship,18,0.1
236,13,friendship,22,0.1
236,14,friendship,18,0.1
236,15,friendship,12,0.1
236,16,friendship,19,0.1
236,17,friendship,13,0.1
236,18,friendship,16,0.1
236,19,friendship,6,0.1
236,20,friendship,3,0.1
236,21,friendship,2,0.1
236,22,friendship,1,0.1
237,3,friendship,2,0.1
237,4,friendship,2,0.1
237,5,friendship,3,0.1
237,6,friendship,7,0.1
237,7,friendship,6,0.1
237,8,friendship,19,0.1
237,9,friendship,14,0.1
237,10,friendship,27,0.1
237,11,friendship,28,0.1
237,12,friendship,29,0.1
237,13,friendship,22,0.1
237,14,friendship,8,0.1
237,15,friendship,1,0.1
237,16,friendship,3,0.1
237,17,friendship,2,0.1
237,19,friendship,1,0.1
237,20,friendship,1,0.1
237,21,friendship,2,0.1
238,3,friendship,5,0.1
238,4,friendship,15,0.1
238,5,friendship,13,0.1
238,6,friendship,21,0.1
238,7,friendship,27,0.1
238,8,friendship,10,0.1
238,9,friendship,14,0.1
238,10,friendship,15,0.1
238,11,friendship,11,0.1
238,12,friendship,9,0.1
238,13,friendship,5,0.1
238,14,friendship,6,0.1
238,15,friendship,8,0.1
238,16,friendship,10,0.1
238,17,friendship,6,0.1
238,18,friendship,4,0.1
238,19,friendship,1,0.1
238,20,friendship,1,0.1
238,21,friendship,1,0.1
239,2,friendship,1,0.1
239,3,friendship,2,0.1
239,4,friendship,9,0.1
239,5,friendship,11,0.1
239,6,friendship,16,0.1
239,7,friendship,8,0.1
239,8,friendship,13,0.1
239,9,friendship,8,0.1
239,10,friendship,6,0.1
239,11,friendship,14,0.1
239,12,friendship,10,0.1
239,13,friendship,15,0.1
239,14,friendship,18,0.1
239,15,friendship,22,0.1
239,16,friendship,20,0.1
239,17,friendship,8,0.1
239,18,friendship,8,0.1
239,19,friendship,1,0.1
239,20,friendship,1,0.1
240,1,friendship,1,0.1
240,3,friendship,4,0.1
240,4,friendship,4,0.1
240,5,friendship,5,0.1
240,6,friendship,5,0.1
240,7,friendship,9,0.1
240,8,friendship,6,0.1
240,9,friendship,8,0.1
240,10,friendship,12,0.1
240,11,friendship,20,0.1
240,12,friendship,19,0.1
240,13,friendship,23,0.1
240,14,friendship,12,0.1
240,15,friendship,14,0.1
240,16,friendship,9,0.1
240,17,friendship,5,0.1
240,18,friendship,2,0.1
240,19,friendship,4,0.1
240,20,friendship,2,0.1
240,21,friendship,3,0.1
241,2,friendship,1,0.1
241,3,friendship,2,0.1
241,4,friendship,4,0.1
241,5,friendship,3,0.1
241,6,friendship,6,0.1
241,7,friendship,7,0.1
241,8,friendship,10,0.1
241,9,friendship,5,0.1
241,10,friendship,22,0.1
241,11,friendship,25,0.1
241,12,friendship,15,0.1
241,13,friendship,23,0.1
241,14,friendship,16,0.1
241,15,friendship,14,0.1
241,16,friendship,8,0.1
241,17,friendship,8,0.1
241,18,friendship,1,0.1
241,19,friendship,2,0.1
241,20,friendship,1,0.1
241,21,friendship,2,0.1
242,2,friendship,1,0.1
242,3,friendship,1,0.1
242,4,friendship,3,0.1
242,5,friendship,3,0.1
242,6,friendship,1,0.1
242,7,friendship,2,0.1
242,8,friendship,5,0.1
242,9,friendship,6,0.1
242,10,friendship,10,0.1
242,11,friendship,9,0.1
242,12,friendship,23,0.1
242,13,friendship,17,0.1
242,14,friendship,25,0.1
242,15,friendship,22,0.1
242,16,friendship,23,0.1
242,17,friendship,15,0.1
242,18,friendship,7,0.1
242,19,friendship,5,0.1
242,21,friendship,1,0.1
243,1,friendship,1,0.1
243,4,friendship,1,0.1
244,1,friendship,1,0.1
244,2,friendship,1,0.1
244,3,friendship,3,0.1
244,4,friendship,2,0.1
244,5,friendship,2,0.1
244,6,friendship,4,0.1
244,7,friendship,1,0.1
244,8,friendship,6,0.1
244,9,friendship,9,0.1
244,10,friendship,14,0.1
244,11,friendship,21,0.1
244,12,friendship,23,0.1
244,13,friendship,31,0.1
244,14,friendship,26,0.1
244,15,friendship,12,0.1
244,16,friendship,10,0.1
244,17,friendship,3,0.1
244,19,friendship,3,0.1
244,20,friendship,1,0.1
244,21,friendship,1,0.1
245,1,friendship,1,0.1
245,2,friendship,4,0.1
245,3,friendship,11,0.1
245,4,friendship,17,0.1
245,5,friendship,22,0.1
245,6,friendship,23,0.1
245,7,friendship,33,0.1
245,8,friendship,20,0.1
245,9,friendship,20,0.1
245,10,friendship,14,0.1
245,11,friendship,4,0.1
245,12,friendship,3,0.1
245,13,friendship,3,0.1
245,14,friendship,1,0.1
246,1,friendship,1,0.1
246,2,friendship,2,0.1
246,3,friendship,10,0.1
246,4,friendship,10,0.1
246,5,friendship,9,0.1
246,6,friendship,18,0.1
246,7,friendship,8,0.1
246,8,friendship,13,0.1
246,9,friendship,15,0.1
246,10,friendship,12,0.1
246,11,friendship,16,0.1
246,12,friendship,11,0.1
246,13,friendship,10,0.1
246,14,friendship,7,0.1
246,15,friendship,14,0.1
246,16,friendship,4,0.1
246,17,friendship,3,0.1
246,18,friendship,2,0.1
246,19,friendship,4,0.1
246,20,friendship,1,0.1
246,21,friendship,1,0.1
246,22,friendship,1,0.1
247,1,friendship,1,0.1
247,2,friendship,3,0.1
247,3,friendship,8,0.1
247,4,friendship,11,0.1
247,5,friendship,13,0.1
247,6,friendship,21,0.1
247,7,friendship,30,0.1
247,8,friendship,33,0.1
247,9,friendship,22,0.1
247,10,friendship,17,0.1
247,11,friendship,8,0.1
247,12,friendship,4,0.1
247,13,friendship,2,0.1
247,14,friendship,1,0.1
248,2,friendship,1,0.1
248,3,friendship,5,0.1
248,4,friendship,7,0.1
248,5,friendship,16,0.1
248,6,friendship,14,0.1
248,7,friendship,23,0.1
248,8,friendship,21,0.1
248,9,friendship,27,0.1
248,10,friendship,18,0.1
248,11,friendship,23,0.1
248,12,friendship,9,0.1
248,13,friendship,3,0.1
248,14,friendship,6,0.1
248,15,friendship,2,0.1
248,16,friendship,1,0.1
249,3,friendship,1,0.1
250,3,friendship,1,0.1
250,4,friendship,2,0.1
250,5,friendship,7,0.1
250,6,friendship,2,0.1
250,7,friendship,8,0.1
250,8,friendship,7,0.1
250,9,friendship,7,0.1
250,10,friendship,15,0.1
250,11,friendship,17,0.1
250,12,friendship,15,0.1
250,13,friendship,19,0.1
250,14,friendship,17,0.1
250,15,friendship,21,0.1
250,16,friendship,16,0.1
250,17,friendship,9,0.1
250,18,friendship,2,0.1
250,19,friendship,2,0.1
250,21,friendship,1,0.1
251,2,friendship,2,0.1
251,3,friendship,4,0.1
251,5,friendship,8,0.1
251,6,friendship,8,0.1
251,7,friendship,13,0.1
251,8,friendship,10,0.1
251,9,friendship,21,0.1
251,10,friendship,28,0.1
251,11,friendship,35,0.1
251,12,friendship,20,0.1
251,13,friendship,16,0.1
251,14,friendship,8,0.1
251,15,friendship,10,0.1
251,16,friendship,4,0.1
252,1,friendship,1,0.1
252,2,friendship,4,0.1
252,3,friendship,5,0.1
252,4,friendship,7,0.1
252,5,friendship,7,0.1
252,6,friendship,11,0.1
252,7,friendship,26,0.1
252,8,friendship,10,0.1
252,9,friendship,24,0.1
252,10,friendship,21,0.1
252,11,friendship,16,0.1
252,12,friendship,18,0.1
252,13,friendship,12,0.1
252,14,friendship,5,0.1
252,15,friendship,4,0.1
252,16,friendship,3,0.1
253,2,friendship,3,0.1
253,3,friendship,4,0.1
253,4,friendship,8,0.1
253,5,friendship,11,0.1
253,6,friendship,22,0.1
253,7,friendship,17,0.1
253,8,friendship,18,0.1
253,9,friendship,15,0.1
253,10,friendship,20,0.1
253,11,friendship,13,0.1
253,12,friendship,19,0.1
253,13,friendship,10,0.1
253,14,friendship,11,0.1
253,15,friendship,4,0.1
253,16,friendship,2,0.1
253,17,friendship,3,0.1
253,19,friendship,1,0.1
253,21,friendship,1,0.1
254,2,friendship,1,0.1
254,3,friendship,3,0.1
254,4,friendship,7,0.1
254,5,friendship,17,0.1
254,6,friendship,25,0.1
254,7,friendship,22,0.1
254,8,friendship,32,0.1
254,9,friendship,21,0.1
254,10,friendship,23,0.1
254,11,friendship,12,0.1
254,12,friendship,8,0.1
254,13,friendship,3,0.1
254,14,friendship,4,0.1
254,15,friendship,3,0.1
254,17,friendship,1,0.1
255,1,friendship,1,0.1
255,2,friendship,2,0.1
255,4,friendship,5,0.1
255,5,friendship,1,0.1
255,6,friendship,3,0.1
255,7,friendship,8,0.1
255,8,friendship,8,0.1
255,9,friendship,16,0.1
255,10,friendship,22,0.1
255,11,friendship,27,0.1
255,12,friendship,27,0.1
255,13,friendship,23,0.1
255,14,friendship,21,0.1
255,15,friendship,4,0.1
255,16,friendship,1,0.1
255,17,friendship,1,0.1
256,3,friendship,1,0.1
256,4,friendship,1,0.1
256,7,friendship,1,0.1
256,8,friendship,2,0.1
256,9,friendship,7,0.1
256,10,friendship,11,0.1
256,11,friendship,21,0.1
256,12,friendship,32,0.1
256,13,friendship,40,0.1
256,14,friendship,25,0.1
256,15,friendship,19,0.1
256,16,friendship,4,0.1
256,17,friendship,8,0.1
256,18,friendship,5,0.1
256,19,friendship,3,0.1
257,2,friendship,1,0.1
257,3,friendship,4,0.1
257,4,friendship,4,0.1
257,5,friendship,14,0.1
257,6,friendship,22,0.1
257,7,friendship,24,0.1
257,8,friendship,34,0.1
257,9,friendship,22,0.1
257,10,friendship,22,0.1
257,11,friendship,13,0.1
257,12,friendship,6,0.1
257,13,friendship,8,0.1
257,14,friendship,3,0.1
257,15,friendship,3,0.1
258,1,friendship,1,0.1
258,3,friendship,1,0.1
258,4,friendship,2,0.1
258,5,friendship,5,0.1
258,6,friendship,6,0.1
258,7,friendship,10,0.1
258,8,friendship,6,0.1
258,9,friendship,4,0.1
258,10,friendship,11,0.1
258,11,friendship,14,0.1
258,12,friendship,21,0.1
258,13,friendship,18,0.1
258,14,friendship,29,0.1
258,15,friendship,19,0.1
258,16,friendship,10,0.1
258,17,friendship,11,0.1
258,18,friendship,7,0.1
258,19,friendship,1,0.1
258,20,friendship,3,0.1
258,21,friendship,1,0.1
259,2,friendship,3,0.1
259,3,friendship,8,0.1
259,4,friendship,15,0.1
259,5,friendship,26,0.1
259,6,friendship,23,0.1
259,7,friendship,22,0.1
259,8,friendship,18,0.1
259,9,friendship,20,0.1
259,10,friendship,13,0.1
259,11,friendship,10,0.1
259,12,friendship,2,0.1
259,13,friendship,1,0.1
259,14,friendship,1,0.1
259,15,friendship,1,0.1
260,3,friendship,1,0.1
260,4,friendship,2,0.1
260,5,friendship,7,0.1
260,6,friendship,8,0.1
260,7,friendship,9,0.1
260,8,friendship,13,0.1
260,9,friendship,22,0.1
260,10,friendship,16,0.1
260,11,friendship,23,0.1
260,12,friendship,18,0.1
260,13,friendship,14,0.1
260,14,friendship,16,0.1
260,15,friendship,10,0.1
260,16,friendship,2,0.1
260,17,friendship,2,0.1
260,18,friendship,2,0.1
260,19,friendship,2,0.1
260,21,friendship,1,0.1
261,3,friendship,2,0.1
261,4,friendship,1,0.1
261,6,friendship,4,0.1
261,8,friendship,3,0.1
261,9,friendship,9,0.1
261,10,friendship,5,0.1
261,11,friendship,11,0.1
261,12,friendship,18,0.1
261,13,friendship,24,0.1
261,14,friendship,25,0.1
261,15,friendship,22,0.1
261,16,friendship,26,0.1
261,17,friendship,8,0.1
261,18,friendship,5,0.1
261,19,friendship,2,0.1
261,20,friendship,3,0.1
262,2,friendship,1,0.1
262,3,friendship,4,0.1
262,4,friendship,5,0.1
262,5,friendship,7,0.1
262,6,friendship,8,0.1
262,7,friendship,10,0.1
262,8,friendship,13,0.1
262,9,friendship,18,0.1
262,10,friendship,15,0.1
262,11,friendship,24,0.1
262,12,friendship,26,0.1
262,13,friendship,17,0.1
262,14,friendship,11,0.1
262,15,friendship,4,0.1
262,16,friendship,3,0.1
262,17,friendship,7,0.1
262,18,friendship,5,0.1
262,19,friendship,1,0.1
262,20,friendship,1,0.1
262,22,friendship,1,0.1
263,1,friendship,1,0.1
263,3,friendship,3,0.1
263,4,friendship,5,0.1
263,5,friendship,4,0.1
263,6,friendship,8,0.1
263,7,friendship,16,0.1
263,8,friendship,20,0.1
263,9,friendship,25,0.1
263,10,friendship,29,0.1
263,11,friendship,23,0.1
263,12,friendship,23,0.1
263,13,friendship,10,0.1
263,14,friendship,5,0.1
263,15,friendship,5,0.1
263,16,friendship,3,0.1
263,17,friendship,2,0.1
263,18,friendship,3,0.1
263,19,friendship,1,0.1
264,3,friendship,3,0.1
264,4,friendship,8,0.1
264,5,friendship,7,0.1
264,6,friendship,12,0.1
264,7,friendship,12,0.1
264,8,friendship,13,0.1
264,9,friendship,21,0.1
264,10,friendship,25,0.1
264,11,friendship,23,0.1
264,12,friendship,16,0.1
264,13,friendship,8,0.1
264,14,friendship,8,0.1
264,15,friendship,2,0.1
264,16,friendship,2,0.1
264,17,friendship,4,0.1
264,18,friendship,2,0.1
264,19,friendship,3,0.1
265,1,friendship,1,0.1
265,2,friendship,2,0.1
265,3,friendship,10,0.1
265,4,friendship,20,0.1
265,5,friendship,17,0.1
265,6,friendship,24,0.1
265,7,friendship,32,0.1
265,8,friendship,17,0.1
265,9,friendship,13,0.1
265,10,friendship,12,0.1
265,11,friendship,13,0.1
265,12,friendship,7,0.1
265,13,friendship,4,0.1
265,14,friendship,3,0.1
265,15,friendship,4,0.1
265,16,friendship,3,0.1
266,1,friendship,1,0.1
266,3,friendship,18,0.1
266,4,friendship,11,0.1
266,5,friendship,14,0.1
266,6,friendship,15,0.1
266,7,friendship,11,0.1
266,8,friendship,16,0.1
266,9,friendship,15,0.1
266,10,friendship,18,0.1
266,11,friendship,15,0.1
266,12,friendship,12,0.1
266,13,friendship,11,0.1
266,14,friendship,10,0.1
266,15,friendship,5,0.1
266,16,friendship,4,0.1
266,17,friendship,3,0.1
266,18,friendship,1,0.1
266,19,friendship,1,0.1
266,20,friendship,2,0.1
267,1,friendship,1,0.1
267,2,friendship,1,0.1
267,3,friendship,5,0.1
267,4,friendship,3,0.1
267,5,friendship,13,0.1
267,6,friendship,9,0.1
267,7,friendship,18,0.1
267,8,friendship,9,0.1
267,9,friendship,11,0.1
267,10,friendship,13,0.1
267,11,friendship,14,0.1
267,12,friendship,12,0.1
267,13,friendship,16,0.1
267,14,friendship,4,0.1
267,15,friendship,11,0.1
267,16,friendship,13,0.1
267,17,friendship,6,0.1
267,18,friendship,3,0.1
267,19,friendship,2,0.1
267,20,friendship,4,0.1
268,1,friendship,1,0.1
268,2,friendship,1,0.1
268,3,friendship,2,0.1
268,5,friendship,6,0.1
268,6,friendship,8,0.1
268,7,friendship,3,0.1
268,8,friendship,2,0.1
268,9,friendship,7,0.1
268,10,friendship,7,0.1
268,11,friendship,18,0.1
268,12,friendship,26,0.1
268,13,friendship,27,0.1
268,14,friendship,21,0.1
268,15,friendship,23,0.1
268,16,friendship,14,0.1
268,17,friendship,3,0.1
268,18,friendship,6,0.1
268,19,friendship,2,0.1
269,1,friendship,1,0.1
269,2,friendship,1,0.1
269,4,friendship,3,0.1
269,5,friendship,2,0.1
269,6,friendship,10,0.1
269,7,friendship,18,0.1
269,8,friendship,31,0.1
269,9,friendship,24,0.1
269,10,friendship,33,0.1
269,11,friendship,20,0.1
269,12,friendship,20,0.1
269,13,friendship,9,0.1
269,14,friendship,4,0.1
269,15,friendship,3,0.1
270,1,friendship,2,0.1
270,2,friendship,1,0.1
270,3,friendship,7,0.1
270,4,friendship,24,0.1
270,5,friendship,20,0.1
270,6,friendship,27,0.1
270,7,friendship,24,0.1
270,8,friendship,20,0.1
270,9,friendship,22,0.1
270,10,friendship,14,0.1
270,11,friendship,7,0.1
270,12,friendship,3,0.1
270,13,friendship,1,0.1
270,14,friendship,2,0.1
271,2,friendship,2,0.1
271,3,friendship,1,0.1
271,5,friendship,2,0.1
271,6,friendship,1,0.1
271,7,friendship,3,0.1
271,8,friendship,5,0.1
271,9,friendship,16,0.1
271,10,friendship,12,0.1
271,11,friendship,32,0.1
271,12,friendship,23,0.1
271,13,friendship,27,0.1
271,14,friendship,6,0.1
271,15,friendship,17,0.1
271,16,friendship,11,0.1
271,17,friendship,3,0.1
271,19,friendship,3,0.1
272,1,friendship,1,0.1
272,2,friendship,5,0.1
272,3,friendship,9,0.1
272,4,friendship,16,0.1
272,5,friendship,21,0.1
272,6,friendship,24,0.1
272,7,friendship,23,0.1
272,8,friendship,26,0.1
272,9,friendship,17,0.1
272,10,friendship,21,0.1
272,11,friendship,10,0.1
272,12,friendship,6,0.1
272,13,friendship,3,0.1
272,14,friendship,2,0.1
273,1,friendship,1,0.1
273,2,friendship,5,0.1
273,3,friendship,9,0.1
273,4,friendship,16,0.1
273,5,friendship,14,0.1
273,6,friendship,13,0.1
273,7,friendship,23,0.1
273,8,friendship,21,0.1
273,9,friendship,26,0.1
273,10,friendship,20,0.1
273,11,friendship,16,0.1
273,12,friendship,11,0.1
273,13,friendship,1,0.1
273,14,friendship,5,0.1
274,2,friendship,7,0.1
274,3,friendship,11,0.1
274,4,friendship,13,0.1
274,5,friendship,18,0.1
274,6,friendship,29,0.1
274,7,friendship,32,0.1
274,8,friendship,23,0.1
274,9,friendship,19,0.1
274,10,friendship,10,0.1
274,11,friendship,5,0.1
274,12,friendship,4,0.1
274,13,friendship,4,0.1
274,14,friendship,2,0.1
274,15,friendship,4,0.1
275,1,friendship,1,0.1
275,2,friendship,2,0.1
275,3,friendship,3,0.1
275,4,friendship,12,0.1
275,5,friendship,11,0.1
275,6,friendship,12,0.1
275,7,friendship,15,0.1
275,8,friendship,27,0.1
275,9,friendship,26,0.1
275,10,friendship,17,0.1
275,11,friendship,23,0.1
275,12,friendship,16,0.1
275,13,friendship,5,0.1
275,14,friendship,2,0.1
275,15,friendship,2,0.1
275,16,friendship,2,0.1
276,2,friendship,3,0.1
276,3,friendship,10,0.1
276,4,friendship,7,0.1
276,5,friendship,16,0.1
276,6,friendship,20,0.1
276,7,friendship,32,0.1
276,8,friendship,24,0.1
276,9,friendship,26,0.1
276,10,friendship,17,0.1
276,11,friendship,11,0.1
276,12,friendship,5,0.1
277,2,friendship,2,0.1
277,3,friendship,2,0.1
277,4,friendship,8,0.1
277,5,friendship,13,0.1
277,6,friendship,26,0.1
277,7,friendship,30,0.1
277,8,friendship,35,0.1
277,9,friendship,24,0.1
277,10,friendship,16,0.1
277,11,friendship,8,0.1
277,12,friendship,7,0.1
277,14,friendship,1,0.1
277,15,friendship,2,0.1
277,16,friendship,1,0.1
277,18,friendship,1,0.1
278,3,friendship,1,0.1
278,5,friendship,2,0.1
278,6,friendship,1,0.1
278,7,friendship,2,0.1
278,8,friendship,7,0.1
278,9,friendship,3,0.1
278,10,friendship,10,0.1
278,11,friendship,15,0.1
278,12,friendship,14,0.1
278,13,friendship,18,0.1
278,14,friendship,20,0.1
278,15,friendship,14,0.1
278,16,friendship,13,0.1
278,17,friendship,15,0.1
278,18,friendship,10,0.1
278,19,friendship,7,0.1
278,20,friendship,8,0.1
278,21,friendship,2,0.1
278,22,friendship,1,0.1
279,2,friendship,3,0.1
279,3,friendship,4,0.1
279,4,friendship,7,0.1
279,5,friendship,17,0.1
279,6,friendship,15,0.1
279,7,friendship,21,0.1
279,8,friendship,12,0.1
279,9,friendship,21,0.1
279,10,friendship,19,0.1
279,11,friendship,17,0.1
279,12,friendship,11,0.1
279,13,friendship,15,0.1
279,14,friendship,9,0.1
279,15,friendship,7,0.1
279,16,friendship,3,0.1
280,1,friendship,1,0.1
280,2,friendship,1,0.1
280,3,friendship,3,0.1
280,4,friendship,5,0.1
280,5,friendship,11,0.1
280,6,friendship,21,0.1
280,7,friendship,23,0.1
280,8,friendship,27,0.1
280,9,friendship,35,0.1
280,10,friendship,21,0.1
280,11,friendship,13,0.1
280,12,friendship,8,0.1
280,13,friendship,3,0.1
280,14,friendship,1,0.1
280,15,friendship,1,0.1
281,3,friendship,1,0.1
281,4,friendship,4,0.1
281,5,friendship,8,0.1
281,6,friendship,12,0.1
281,7,friendship,17,0.1
281,8,friendship,23,0.1
281,9,friendship,34,0.1
281,10,friendship,22,0.1
281,11,friendship,29,0.1
281,12,friendship,12,0.1
281,13,friendship,6,0.1
281,14,friendship,4,0.1
281,15,friendship,3,0.1
281,16,friendship,1,0.1
281,17,friendship,1,0.1
282,1,friendship,1,0.1
282,2,friendship,3,0.1
282,3,friendship,12,0.1
282,4,friendship,14,0.1
282,5,friendship,21,0.1
282,6,friendship,23,0.1
282,7,friendship,22,0.1
282,8,friendship,20,0.1
282,9,friendship,22,0.1
282,10,friendship,8,0.1
282,11,friendship,7,0.1
282,12,friendship,6,0.1
282,13,friendship,4,0.1
282,14,friendship,1,0.1
282,15,friendship,2,0.1
283,2,friendship,2,0.1
283,3,friendship,6,0.1
283,4,friendship,11,0.1
283,5,friendship,15,0.1
283,6,friendship,22,0.1
283,7,friendship,33,0.1
283,8,friendship,31,0.1
283,9,friendship,20,0.1
283,10,friendship,11,0.1
283,11,friendship,11,0.1
283,12,friendship,4,0.1
283,13,friendship,5,0.1
283,14,friendship,4,0.1
283,15,friendship,3,0.1
283,16,friendship,1,0.1
284,1,friendship,3,0.1
284,2,friendship,5,0.1
284,3,friendship,5,0.1
284,4,friendship,19,0.1
284,5,friendship,19,0.1
284,6,friendship,23,0.1
284,7,friendship,23,0.1
284,8,friendship,20,0.1
284,9,friendship,23,0.1
284,10,friendship,18,0.1
284,11,friendship,14,0.1
284,12,friendship,8,0.1
284,14,friendship,1,0.1
285,2,friendship,1,0.1
285,3,friendship,3,0.1
285,4,friendship,2,0.1
285,5,friendship,3,0.1
285,6,friendship,5,0.1
285,7,friendship,4,0.1
285,8,friendship,6,0.1
285,9,friendship,8,0.1
285,10,friendship,12,0.1
285,11,friendship,14,0.1
285,12,friendship,16,0.1
285,13,friendship,13,0.1
285,14,friendship,14,0.1
285,15,friendship,17,0.1
285,16,friendship,18,0.1
285,17,friendship,10,0.1
285,18,friendship,4,0.1
285,19,friendship,6,0.1
285,20,friendship,2,0.1
285,22,friendship,1,0.1
286,1,friendship,1,0.1
286,2,friendship,2,0.1
286,3,friendship,2,0.1
286,4,friendship,1,0.1
286,5,friendship,7,0.1
286,6,friendship,8,0.1
286,7,friendship,18,0.1
286,8,friendship,12,0.1
286,9,friendship,13,0.1
286,10,friendship,24,0.1
286,11,friendship,25,0.1
286,12,friendship,15,0.1
286,13,friendship,11,0.1
286,14,friendship,7,0.1
286,15,friendship,6,0.1
286,16,friendship,7,0.1
286,17,friendship,4,0.1
286,18,friendship,4,0.1
286,19,friendship,2,0.1
286,20,friendship,2,0.1
286,21,friendship,2,0.1
286,22,friendship,1,0.1
287,1,friendship,1,0.1
287,3,friendship,4,0.1
287,4,friendship,6,0.1
287,5,friendship,6,0.1
287,6,friendship,10,0.1
287,7,friendship,17,0.1
287,8,friendship,19,0.1
287,9,friendship,25,0.1
287,10,friendship,25,0.1
287,11,friendship,24,0.1
287,12,friendship,23,0.1
287,13,friendship,13,0.1
287,14,friendship,9,0.1
287,15,friendship,3,0.1
287,16,friendship,3,0.1
287,17,friendship,1,0.1
288,2,friendship,1,0.1
288,3,friendship,3,0.1
288,4,friendship,5,0.1
288,5,friendship,11,0.1
288,6,friendship,9,0.1
288,7,friendship,8,0.1
288,8,friendship,17,0.1
288,9,friendship,15,0.1
288,10,friendship,18,0.1
288,11,friendship,32,0.1
288,12,friendship,22,0.1
288,13,friendship,14,0.1
288,14,friendship,13,0.1
288,15,friendship,8,0.1
288,16,friendship,1,0.1
288,17,friendship,3,0.1
289,3,friendship,1,0.1
289,4,friendship,5,0.1
289,5,friendship,1,0.1
289,6,friendship,14,0.1
289,7,friendship,15,0.1
289,8,friendship,26,0.1
289,9,friendship,24,0.1
289,10,friendship,25,0.1
289,11,friendship,11,0.1
289,12,friendship,20,0.1
289,13,friendship,9,0.1
289,14,friendship,11,0.1
289,15,friendship,4,0.1
289,16,friendship,5,0.1
289,17,friendship,3,0.1
289,18,friendship,2,0.1
289,19,friendship,1,0.1
289,20,friendship,1,0.1
290,1,friendship,1,0.1
290,2,friendship,1,0.1
290,3,friendship,2,0.1
290,4,friendship,3,0.1
290,5,friendship,4,0.1
290,6,friendship,7,0.1
290,7,friendship,6,0.1
290,8,friendship,5,0.1
290,9,friendship,16,0.1
290,10,friendship,14,0.1
290,11,friendship,21,0.1
290,12,friendship,17,0.1
290,13,friendship,14,0.1
290,14,friendship,15,0.1
290,15,friendship,19,0.1
290,16,friendship,10,0.1
290,17,friendship,3,0.1
290,18,friendship,5,0.1
290,19,friendship,6,0.1
290,20,friendship,1,0.1
290,22,friendship,1,0.1
291,1,friendship,1,0.1
291,2,friendship,2,0.1
291,3,friendship,2,0.1
291,4,friendship,3,0.1
291,5,friendship,3,0.1
291,6,friendship,6,0.1
291,7,friendship,8,0.1
291,8,friendship,17,0.1
291,9,friendship,16,0.1
291,10,friendship,25,0.1
291,11,friendship,22,0.1
291,12,friendship,22,0.1
291,13,friendship,22,0.1
291,14,friendship,13,0.1
291,15,friendship,8,0.1
291,16,friendship,1,0.1
291,17,friendship,1,0.1
292,2,friendship,1,0.1
292,3,friendship,2,0.1
292,4,friendship,5,0.1
292,5,friendship,5,0.1
292,6,friendship,4,0.1
292,7,friendship,7,0.1
292,8,friendship,8,0.1
292,9,friendship,13,0.1
292,10,friendship,15,0.1
292,11,friendship,21,0.1
292,12,friendship,15,0.1
292,13,friendship,14,0.1
292,14,friendship,15,0.1
292,15,friendship,15,0.1
292,16,friendship,15,0.1
292,17,friendship,9,0.1
292,18,friendship,5,0.1
292,19,friendship,5,0.1
292,20,friendship,4,0.1
292,21,friendship,3,0.1
293,1,friendship,1,0.1
293,2,friendship,4,0.1
293,3,friendship,5,0.1
293,4,friendship,9,0.1
293,5,friendship,16,0.1
293,6,friendship,32,0.1
293,7,friendship,34,0.1
293,8,friendship,37,0.1
293,9,friendship,21,0.1
293,10,friendship,8,0.1
293,11,friendship,11,0.1
293,12,friendship,5,0.1
293,13,friendship,2,0.1
293,15,friendship,2,0.1
294,2,friendship,6,0.1
294,3,friendship,7,0.1
294,4,friendship,4,0.1
294,5,friendship,21,0.1
294,6,friendship,14,0.1
294,7,friendship,30,0.1
294,8,friendship,31,0.1
294,9,friendship,19,0.1
294,10,friendship,15,0.1
294,11,friendship,15,0.1
294,12,friendship,8,0.1
294,13,friendship,2,0.1
294,14,friendship,6,0.1
294,15,friendship,4,0.1
294,16,friendship,2,0.1
294,17,friendship,2,0.1
295,2,friendship,1,0.1
295,3,friendship,7,0.1
295,4,friendship,7,0.1
295,5,friendship,8,0.1
295,6,friendship,5,0.1
295,7,friendship,11,0.1
295,8,friendship,12,0.1
295,9,friendship,18,0.1
295,10,friendship,16,0.1
295,11,friendship,24,0.1
295,12,friendship,23,0.1
295,13,friendship,13,0.1
295,14,friendship,10,0.1
295,15,friendship,8,0.1
295,16,friendship,3,0.1
295,17,friendship,4,0.1
295,18,friendship,1,0.1
295,20,friendship,2,0.1
296,2,friendship,4,0.1
296,3,friendship,7,0.1
296,4,friendship,8,0.1
296,5,friendship,14,0.1
296,6,friendship,20,0.1
296,7,friendship,21,0.1
296,8,friendship,29,0.1
296,9,friendship,23,0.1
296,10,friendship,17,0.1
296,11,friendship,13,0.1
296,12,friendship,8,0.1
296,13,friendship,7,0.1
296,14,friendship,3,0.1
296,15,friendship,2,0.1
296,16,friendship,1,0.1
296,18,friendship,2,0.1
297,2,friendship,1,0.1
297,4,friendship,2,0.1
297,6,friendship,2,0.1
297,7,friendship,3,0.1
297,8,friendship,4,0.1
297,9,friendship,10,0.1
297,10,friendship,9,0.1
297,11,friendship,20,0.1
297,12,friendship,20,0.1
297,13,friendship,19,0.1
297,14,friendship,16,0.1
297,15,friendship,15,0.1
297,16,friendship,18,0.1
297,17,friendship,14,0.1
297,18,friendship,12,0.1
297,19,friendship,7,0.1
297,20,friendship,1,0.1
297,21,friendship,1,0.1
298,2,friendship,3,0.1
298,3,friendship,8,0.1
298,4,friendship,22,0.1
298,5,friendship,10,0.1
298,6,friendship,17,0.1
298,7,friendship,16,0.1
298,8,friendship,14,0.1
298,9,friendship,19,0.1
298,10,friendship,21,0.1
298,11,friendship,16,0.1
298,12,friendship,17,0.1
298,13,friendship,10,0.1
298,14,friendship,6,0.1
298,15,friendship,2,0.1
298,16,friendship,2,0.1
299,2,friendship,1,0.1
299,3,friendship,5,0.1
299,4,friendship,5,0.1
299,5,friendship,7,0.1
299,6,friendship,11,0.1
299,7,friendship,15,0.1
299,8,friendship,23,0.1
299,9,friendship,20,0.1
299,10,friendship,18,0.1
299,11,friendship,19,0.1
299,12,friendship,17,0.1
299,13,friendship,15,0.1
299,14,friendship,5,0.1
299,15,friendship,3,0.1
299,16,friendship,1,0.1
0,1,friendship,1,0.15
0,2,friendship,2,0.15
0,3,friendship,2,0.15
0,4,friendship,9,0.15
0,5,friendship,7,0.15
0,6,friendship,12,0.15
0,7,friendship,13,0.15
0,8,friendship,15,0.15
0,9,friendship,12,0.15
0,10,friendship,19,0.15
0,11,friendship,18,0.15
0,12,friendship,15,0.15
0,13,friendship,10,0.15
0,14,friendship,9,0.15
0,15,friendship,7,0.15
0,16,friendship,6,0.15
0,17,friendship,6,0.15
0,18,friendship,3,0.15
0,19,friendship,1,0.15
0,20,friendship,1,0.15
1,2,friendship,4,0.15
1,3,friendship,5,0.15
1,4,friendship,16,0.15
1,5,friendship,13,0.15
1,6,friendship,22,0.15
1,7,friendship,12,0.15
1,8,friendship,20,0.15
1,9,friendship,18,0.15
1,10,friendship,18,0.15
1,11,friendship,15,0.15
1,12,friendship,5,0.15
1,13,friendship,8,0.15
1,14,friendship,2,0.15
1,15,friendship,1,0.15
1,16,friendship,2,0.15
2,2,friendship,1,0.15
2,3,friendship,1,0.15
2,4,friendship,5,0.15
2,5,friendship,9,0.15
2,6,friendship,10,0.15
2,7,friendship,14,0.15
2,8,friendship,12,0.15
2,9,friendship,18,0.15
2,10,friendship,14,0.15
2,11,friendship,10,0.15
2,12,friendship,10,0.15
2,13,friendship,9,0.15
2,14,friendship,8,0.15
2,15,friendship,3,0.15
2,16,friendship,11,0.15
2,17,friendship,7,0.15
2,18,friendship,2,0.15
2,19,friendship,5,0.15
2,20,friendship,4,0.15
2,21,friendship,2,0.15
3,1,friendship,1,0.15
3,4,friendship,4,0.15
3,5,friendship,6,0.15
3,6,friendship,11,0.15
3,7,friendship,8,0.15
3,8,friendship,8,0.15
3,9,friendship,13,0.15
3,10,friendship,14,0.15
3,11,friendship,22,0.15
3,12,friendship,25,0.15
3,13,friendship,14,0.15
3,14,friendship,12,0.15
3,15,friendship,11,0.15
3,16,friendship,5,0.15
3,17,friendship,1,0.15
3,18,friendship,1,0.15
4,2,friendship,1,0.15
4,3,friendship,4,0.15
4,4,friendship,8,0.15
4,5,friendship,17,0.15
4,6,friendship,18,0.15
4,7,friendship,16,0.15
4,8,friendship,13,0.15
4,9,friendship,16,0.15
4,10,friendship,21,0.15
4,11,friendship,17,0.15
4,12,friendship,9,0.15
4,13,friendship,10,0.15
4,14,friendship,1,0.15
4,15,friendship,2,0.15
5,2,friendship,2,0.15
5,4,friendship,5,0.15
5,5,friendship,7,0.15
5,6,friendship,5,0.15
5,7,friendship,4,0.15
5,8,friendship,7,0.15
5,9,friendship,6,0.15
5,10,friendship,7,0.15
5,11,friendship,10,0.15
5,12,friendship,11,0.15
5,13,friendship,9,0.15
5,14,friendship,7,0.15
5,15,friendship,7,0.15
5,16,friendship,2,0.15
5,17,friendship,8,0.15
5,18,friendship,7,0.15
5,19,friendship,4,0.15
5,20,friendship,2,0.15
5,21,friendship,7,0.15
5,22,friendship,1,0.15
6,1,friendship,1,0.15
6,2,friendship,2,0.15
6,3,friendship,4,0.15
6,4,friendship,3,0.15
6,5,friendship,8,0.15
6,6,friendship,7,0.15
6,7,friendship,17,0.15
6,8,friendship,25,0.15
6,9,friendship,16,0.15
6,10,friendship,23,0.15
6,11,friendship,15,0.15
6,12,friendship,10,0.15
6,13,friendship,16,0.15
6,14,friendship,11,0.15
6,15,friendship,4,0.15
7,4,friendship,3,0.15
7,6,friendship,2,0.15
7,7,friendship,7,0.15
7,8,friendship,6,0.15
7,9,friendship,9,0.15
7,10,friendship,18,0.15
7,11,friendship,22,0.15
7,12,friendship,30,0.15
7,13,friendship,25,0.15
7,14,friendship,18,0.15
7,15,friendship,14,0.15
7,16,friendship,4,0.15
7,17,friendship,4,0.15
7,19,friendship,4,0.15
7,20,friendship,2,0.15
7,21,friendship,3,0.15
7,22,friendship,1,0.15
8,1,friendship,1,0.15
8,2,friendship,1,0.15
8,3,friendship,3,0.15
8,4,friendship,12,0.15
8,5,friendship,17,0.15
8,6,friendship,18,0.15
8,7,friendship,22,0.15
8,8,friendship,30,0.15
8,9,friendship,25,0.15
8,10,friendship,22,0.15
8,11,friendship,7,0.15
8,12,friendship,4,0.15
8,13,friendship,3,0.15
8,14,friendship,2,0.15
8,15,friendship,1,0.15
9,1,friendship,3,0.15
9,2,friendship,1,0.15
9,3,friendship,11,0.15
9,4,friendship,7,0.15
9,5,friendship,23,0.15
9,6,friendship,14,0.15
9,7,friendship,23,0.15
9,8,friendship,25,0.15
9,9,friendship,17,0.15
9,10,friendship,9,0.15
9,11,friendship,14,0.15
9,12,friendship,7,0.15
9,13,friendship,4,0.15
9,14,friendship,3,0.15
10,1,friendship,1,0.15
10,2,friendship,3,0.15
10,3,friendship,9,0.15
10,4,friendship,33,0.15
10,5,friendship,25,0.15
10,6,friendship,20,0.15
10,7,friendship,16,0.15
10,8,friendship,14,0.15
10,9,friendship,10,0.15
10,10,friendship,6,0.15
10,11,friendship,5,0.15
10,12,friendship,6,0.15
10,13,friendship,5,0.15
10,14,friendship,6,0.15
10,15,friendship,6,0.15
10,16,friendship,1,0.15
10,17,friendship,1,0.15
10,18,friendship,1,0.15
10,19,friendship,2,0.15
11,1,friendship,1,0.15
11,2,friendship,1,0.15
11,3,friendship,6,0.15
11,4,friendship,8,0.15
11,5,friendship,5,0.15
11,6,friendship,9,0.15
11,7,friendship,13,0.15
11,8,friendship,10,0.15
11,9,friendship,22,0.15
11,10,friendship,19,0.15
11,11,friendship,13,0.15
11,12,friendship,13,0.15
11,13,friendship,7,0.15
11,14,friendship,8,0.15
11,15,friendship,4,0.15
11,16,friendship,5,0.15
11,17,friendship,5,0.15
11,18,friendship,2,0.15
11,19,friendship,2,0.15
11,20,friendship,2,0.15
11,21,friendship,2,0.15
12,3,friendship,3,0.15
12,4,friendship,2,0.15
12,5,friendship,15,0.15
12,6,friendship,20,0.15
12,7,friendship,21,0.15
12,8,friendship,24,0.15
12,9,friendship,16,0.15
12,10,friendship,13,0.15
12,11,friendship,16,0.15
12,12,friendship,11,0.15
12,13,friendship,3,0.15
12,14,friendship,8,0.15
12,15,friendship,5,0.15
12,16,friendship,6,0.15
12,17,friendship,2,0.15
12,18,friendship,2,0.15
12,19,friendship,1,0.15
12,20,friendship,1,0.15
13,3,friendship,2,0.15
13,4,friendship,4,0.15
13,5,friendship,5,0.15
13,6,friendship,4,0.15
13,7,friendship,14,0.15
13,8,friendship,9,0.15
13,9,friendship,20,0.15
13,10,friendship,26,0.15
13,11,friendship,24,0.15
13,12,friendship,13,0.15
13,13,friendship,10,0.15
13,14,friendship,9,0.15
13,15,friendship,9,0.15
13,16,friendship,5,0.15
13,17,friendship,5,0.15
13,18,friendship,3,0.15
13,19,friendship,1,0.15
13,22,friendship,1,0.15
14,2,friendship,1,0.15
14,3,friendship,8,0.15
14,4,friendship,9,0.15
14,5,friendship,4,0.15
14,6,friendship,16,0.15
14,7,friendship,10,0.15
14,8,friendship,13,0.15
14,9,friendship,14,0.15
14,10,friendship,21,0.15
14,11,friendship,19,0.15
14,12,friendship,20,0.15
14,13,friendship,13,0.15
14,14,friendship,5,0.15
14,15,friendship,2,0.15
14,16,friendship,2,0.15
15,3,friendship,1,0.15
15,5,friendship,3,0.15
15,6,friendship,1,0.15
15,7,friendship,6,0.15
15,8,friendship,5,0.15
15,9,friendship,8,0.15
15,10,friendship,7,0.15
15,11,friendship,9,0.15
15,12,friendship,17,0.15
15,13,friendship,14,0.15
15,14,friendship,19,0.15
15,15,friendship,14,0.15
15,16,friendship,13,0.15
15,17,friendship,11,0.15
15,18,friendship,12,0.15
15,19,friendship,7,0.15
15,20,friendship,11,0.15
15,21,friendship,2,0.15
15,22,friendship,3,0.15
16,2,friendship,2,0.15
16,3,friendship,13,0.15
16,4,friendship,15,0.15
16,5,friendship,21,0.15
16,6,friendship,21,0.15
16,7,friendship,13,0.15
16,8,friendship,24,0.15
16,9,friendship,16,0.15
16,10,friendship,11,0.15
16,11,friendship,6,0.15
16,12,friendship,4,0.15
16,13,friendship,5,0.15
16,14,friendship,5,0.15
16,15,friendship,2,0.15
16,16,friendship,3,0.15
16,19,friendship,1,0.15
16,20,friendship,1,0.15
17,3,friendship,2,0.15
17,4,friendship,1,0.15
17,5,friendship,2,0.15
17,6,friendship,8,0.15
17,7,friendship,11,0.15
17,8,friendship,17,0.15
17,9,friendship,15,0.15
17,10,friendship,14,0.15
17,11,friendship,17,0.15
17,12,friendship,21,0.15
17,13,friendship,9,0.15
17,14,friendship,14,0.15
17,15,friendship,3,0.15
17,16,friendship,4,0.15
17,17,friendship,8,0.15
17,18,friendship,2,0.15
17,20,friendship,2,0.15
18,1,friendship,1,0.15
18,2,friendship,1,0.15
18,3,friendship,7,0.15
18,4,friendship,10,0.15
18,5,friendship,17,0.15
18,6,friendship,19,0.15
18,7,friendship,15,0.15
18,8,friendship,23,0.15
18,9,friendship,25,0.15
18,10,friendship,15,0.15
18,11,friendship,9,0.15
18,12,friendship,8,0.15
18,13,friendship,6,0.15
18,14,friendship,6,0.15
18,15,friendship,2,0.15
19,3,friendship,1,0.15
19,4,friendship,4,0.15
19,5,friendship,3,0.15
19,6,friendship,4,0.15
19,7,friendship,7,0.15
19,8,friendship,4,0.15
19,9,friendship,18,0.15
19,10,friendship,16,0.15
19,11,friendship,17,0.15
19,12,friendship,20,0.15
19,13,friendship,23,0.15
19,14,friendship,17,0.15
19,15,friendship,6,0.15
19,16,friendship,10,0.15
19,17,friendship,2,0.15
19,18,friendship,2,0.15
20,2,friendship,2,0.15
20,3,friendship,1,0.15
20,4,friendship,4,0.15
20,5,friendship,9,0.15
20,6,friendship,10,0.15
20,7,friendship,11,0.15
20,8,friendship,17,0.15
20,9,friendship,12,0.15
20,10,friendship,25,0.15
20,11,friendship,23,0.15
20,12,friendship,10,0.15
20,13,friendship,10,0.15
20,14,friendship,8,0.15
20,15,friendship,9,0.15
20,16,friendship,5,0.15
20,17,friendship,4,0.15
20,18,friendship,1,0.15
20,19,friendship,1,0.15
20,20,friendship,2,0.15
21,1,friendship,1,0.15
21,2,friendship,4,0.15
21,3,friendship,9,0.15
21,4,friendship,12,0.15
21,5,friendship,16,0.15
21,6,friendship,15,0.15
21,7,friendship,19,0.15
21,8,friendship,26,0.15
21,9,friendship,25,0.15
21,10,friendship,15,0.15
21,11,friendship,10,0.15
21,12,friendship,6,0.15
21,13,friendship,4,0.15
22,2,friendship,2,0.15
22,3,friendship,6,0.15
22,4,friendship,8,0.15
22,5,friendship,13,0.15
22,6,friendship,7,0.15
22,7,friendship,7,0.15
22,8,friendship,13,0.15
22,9,friendship,10,0.15
22,10,friendship,17,0.15
22,11,friendship,25,0.15
22,12,friendship,23,0.15
22,13,friendship,13,0.15
22,14,friendship,9,0.15
22,15,friendship,5,0.15
22,16,friendship,4,0.15
22,18,friendship,2,0.15
22,21,friendship,1,0.15
23,2,friendship,1,0.15
23,3,friendship,7,0.15
23,4,friendship,15,0.15
23,5,friendship,16,0.15
23,6,friendship,19,0.15
23,7,friendship,21,0.15
23,8,friendship,26,0.15
23,9,friendship,14,0.15
23,10,friendship,16,0.15
23,11,friendship,16,0.15
23,12,friendship,8,0.15
23,13,friendship,5,0.15
23,14,friendship,2,0.15
23,16,friendship,1,0.15
24,2,friendship,4,0.15
24,3,friendship,3,0.15
24,4,friendship,6,0.15
24,5,friendship,5,0.15
24,6,friendship,11,0.15
24,7,friendship,10,0.15
24,8,friendship,13,0.15
24,9,friendship,19,0.15
24,10,friendship,18,0.15
24,11,friendship,22,0.15
24,12,friendship,19,0.15
24,13,friendship,7,0.15
24,14,friendship,9,0.15
24,15,friendship,4,0.15
24,16,friendship,4,0.15
24,17,friendship,2,0.15
25,1,friendship,1,0.15
25,3,friendship,2,0.15
25,4,friendship,9,0.15
25,5,friendship,11,0.15
25,6,friendship,12,0.15
25,7,friendship,25,0.15
25,8,friendship,30,0.15
25,9,friendship,24,0.15
25,10,friendship,16,0.15
25,11,friendship,9,0.15
25,12,friendship,3,0.15
25,13,friendship,3,0.15
25,15,friendship,1,0.15
25,17,friendship,1,0.15
26,2,friendship,1,0.15
26,3,friendship,1,0.15
26,4,friendship,3,0.15
26,5,friendship,5,0.15
26,6,friendship,2,0.15
26,7,friendship,12,0.15
26,8,friendship,12,0.15
26,9,friendship,12,0.15
26,10,friendship,26,0.15
26,11,friendship,33,0.15
26,12,friendship,19,0.15
26,13,friendship,16,0.15
26,14,friendship,7,0.15
26,15,friendship,6,0.15
26,16,friendship,4,0.15
26,17,friendship,3,0.15
26,18,friendship,2,0.15
27,2,friendship,1,0.15
27,4,friendship,4,0.15
27,5,friendship,9,0.15
27,6,friendship,13,0.15
27,7,friendship,7,0.15
27,8,friendship,22,0.15
27,9,friendship,16,0.15
27,10,friendship,16,0.15
27,11,friendship,11,0.15
27,12,friendship,10,0.15
27,13,friendship,15,0.15
27,14,friendship,13,0.15
27,15,friendship,9,0.15
27,16,friendship,14,0.15
27,17,friendship,7,0.15
27,18,friendship,1,0.15
27,19,friendship,2,0.15
27,20,friendship,4,0.15
27,21,friendship,2,0.15
28,3,friendship,1,0.15
28,4,friendship,3,0.15
28,6,friendship,2,0.15
28,7,friendship,7,0.15
28,8,friendship,3,0.15
28,9,friendship,5,0.15
28,10,friendship,9,0.15
28,11,friendship,11,0.15
28,12,friendship,16,0.15
28,13,friendship,11,0.15
28,14,friendship,17,0.15
28,15,friendship,18,0.15
28,16,friendship,19,0.15
28,17,friendship,15,0.15
28,18,friendship,9,0.15
28,19,friendship,7,0.15
28,20,friendship,1,0.15
29,2,friendship,1,0.15
29,3,friendship,1,0.15
29,4,friendship,2,0.15
29,5,friendship,2,0.15
29,6,friendship,10,0.15
29,7,friendship,9,0.15
29,8,friendship,7,0.15
29,9,friendship,11,0.15
29,10,friendship,14,0.15
29,11,friendship,17,0.15
29,12,friendship,7,0.15
29,13,friendship,15,0.15
29,14,friendship,17,0.15
29,15,friendship,12,0.15
29,16,friendship,11,0.15
29,17,friendship,14,0.15
29,18,friendship,10,0.15
29,19,friendship,5,0.15
29,20,friendship,3,0.15
30,4,friendship,2,0.15
30,5,friendship,1,0.15
30,6,friendship,1,0.15
30,7,friendship,2,0.15
30,8,friendship,6,0.15
30,9,friendship,3,0.15
30,10,friendship,7,0.15
30,11,friendship,4,0.15
30,12,friendship,7,0.15
30,13,friendship,10,0.15
30,14,friendship,12,0.15
30,15,friendship,10,0.15
30,16,friendship,16,0.15
30,17,friendship,9,0.15
30,18,friendship,18,0.15
30,19,friendship,15,0.15
30,20,friendship,11,0.15
30,21,friendship,6,0.15
30,22,friendship,4,0.15
31,3,friendship,1,0.15
31,6,friendship,4,0.15
31,7,friendship,4,0.15
31,8,friendship,8,0.15
31,9,friendship,15,0.15
31,10,friendship,6,0.15
31,11,friendship,7,0.15
31,12,friendship,11,0.15
31,13,friendship,8,0.15
31,14,friendship,9,0.15
31,15,friendship,6,0.15
31,16,friendship,3,0.15
31,17,friendship,11,0.15
31,18,friendship,11,0.15
31,19,friendship,3,0.15
31,20,friendship,8,0.15
31,21,friendship,2,0.15
32,3,friendship,7,0.15
32,4,friendship,11,0.15
32,5,friendship,19,0.15
32,6,friendship,16,0.15
32,7,friendship,15,0.15
32,8,friendship,18,0.15
32,9,friendship,9,0.15
32,10,friendship,10,0.15
32,11,friendship,11,0.15
32,12,friendship,8,0.15
32,13,friendship,12,0.15
32,14,friendship,10,0.15
32,15,friendship,4,0.15
32,16,friendship,9,0.15
32,17,friendship,5,0.15
32,18,friendship,2,0.15
33,3,friendship,1,0.15
33,5,friendship,1,0.15
33,6,friendship,1,0.15
33,7,friendship,1,0.15
33,8,friendship,2,0.15
33,9,friendship,5,0.15
33,10,friendship,6,0.15
33,11,friendship,14,0.15
33,12,friendship,18,0.15
33,13,friendship,18,0.15
33,14,friendship,18,0.15
33,15,friendship,20,0.15
33,16,friendship,22,0.15
33,17,friendship,16,0.15
33,18,friendship,11,0.15
33,19,friendship,5,0.15
33,20,friendship,6,0.15
33,21,friendship,2,0.15
33,22,friendship,1,0.15
34,1,friendship,1,0.15
34,2,friendship,1,0.15
34,3,friendship,1,0.15
34,4,friendship,6,0.15
34,5,friendship,4,0.15
34,6,friendship,10,0.15
34,7,friendship,18,0.15
34,8,friendship,19,0.15
34,9,friendship,18,0.15
34,10,friendship,22,0.15
34,11,friendship,20,0.15
34,12,friendship,19,0.15
34,13,friendship,10,0.15
34,14,friendship,9,0.15
34,15,friendship,2,0.15
34,16,friendship,1,0.15
34,17,friendship,1,0.15
34,18,friendship,1,0.15
34,19,friendship,1,0.15
34,20,friendship,1,0.15
35,3,friendship,4,0.15
35,4,friendship,7,0.15
35,5,friendship,8,0.15
35,6,friendship,4,0.15
35,7,friendship,3,0.15
35,8,friendship,3,0.15
35,9,friendship,4,0.15
35,10,friendship,3,0.15
35,11,friendship,6,0.15
35,12,friendship,9,0.15
35,13,friendship,16,0.15
35,14,friendship,19,0.15
35,15,friendship,25,0.15
35,16,friendship,21,0.15
35,17,friendship,7,0.15
35,18,friendship,8,0.15
35,19,friendship,4,0.15
35,20,friendship,6,0.15
35,21,friendship,1,0.15
35,22,friendship,1,0.15
36,2,friendship,1,0.15
36,3,friendship,1,0.15
36,4,friendship,7,0.15
36,5,friendship,3,0.15
36,6,friendship,2,0.15
36,7,friendship,11,0.15
36,8,friendship,2,0.15
36,9,friendship,8,0.15
36,10,friendship,6,0.15
36,11,friendship,2,0.15
36,12,friendship,9,0.15
36,13,friendship,7,0.15
36,14,friendship,14,0.15
36,15,friendship,9,0.15
36,16,friendship,8,0.15
36,17,friendship,3,0.15
36,18,friendship,3,0.15
36,19,friendship,3,0.15
36,21,friendship,1,0.15
37,3,friendship,1,0.15
38,2,friendship,1,0.15
38,3,friendship,4,0.15
38,4,friendship,6,0.15
38,5,friendship,16,0.15
38,6,friendship,12,0.15
38,7,friendship,24,0.15
38,8,friendship,18,0.15
38,9,friendship,21,0.15
38,10,friendship,31,0.15
38,11,friendship,16,0.15
38,12,friendship,8,0.15
38,13,friendship,4,0.15
38,14,friendship,1,0.15
38,17,friendship,1,0.15
39,4,friendship,1,0.15
39,6,friendship,2,0.15
39,7,friendship,3,0.15
39,8,friendship,15,0.15
39,9,friendship,15,0.15
39,10,friendship,15,0.15
39,11,friendship,25,0.15
39,12,friendship,16,0.15
39,13,friendship,17,0.15
39,14,friendship,10,0.15
39,15,friendship,17,0.15
39,16,friendship,9,0.15
39,17,friendship,6,0.15
39,18,friendship,5,0.15
39,20,friendship,1,0.15
40,1,friendship,1,0.15
40,2,friendship,1,0.15
40,3,friendship,7,0.15
40,4,friendship,8,0.15
40,5,friendship,15,0.15
40,6,friendship,17,0.15
40,7,friendship,18,0.15
40,8,friendship,24,0.15
40,9,friendship,22,0.15
40,10,friendship,10,0.15
40,11,friendship,19,0.15
40,12,friendship,6,0.15
40,13,friendship,3,0.15
40,14,friendship,5,0.15
40,15,friendship,2,0.15
40,16,friendship,1,0.15
40,17,friendship,2,0.15
41,4,friendship,1,0.15
41,6,friendship,2,0.15
41,9,friendship,2,0.15
41,10,friendship,4,0.15
41,11,friendship,2,0.15
41,12,friendship,5,0.15
41,13,friendship,14,0.15
41,14,friendship,8,0.15
41,15,friendship,13,0.15
41,16,friendship,15,0.15
41,17,friendship,20,0.15
41,18,friendship,23,0.15
41,19,friendship,10,0.15
41,20,friendship,10,0.15
41,21,friendship,3,0.15
41,22,friendship,1,0.15
42,3,friendship,1,0.15
43,1,friendship,1,0.15
43,2,friendship,3,0.15
43,3,friendship,3,0.15
43,4,friendship,10,0.15
43,5,friendship,12,0.15
43,6,friendship,16,0.15
43,7,friendship,12,0.15
43,8,friendship,11,0.15
43,9,friendship,15,0.15
43,10,friendship,13,0.15
43,11,friendship,13,0.15
43,12,friendship,3,0.15
43,13,friendship,3,0.15
43,14,friendship,3,0.15
43,15,friendship,7,0.15
43,16,friendship,7,0.15
43,17,friendship,6,0.15
43,18,friendship,3,0.15
43,19,friendship,5,0.15
43,20,friendship,4,0.15
43,21,friendship,1,0.15
44,1,friendship,1,0.15
44,2,friendship,1,0.15
44,3,friendship,3,0.15
44,4,friendship,5,0.15
44,5,friendship,4,0.15
44,6,friendship,3,0.15
44,7,friendship,4,0.15
44,9,friendship,1,0.15
44,10,friendship,1,0.15
44,11,friendship,1,0.15
44,14,friendship,3,0.15
44,15,friendship,1,0.15
44,16,friendship,3,0.15
44,19,friendship,1,0.15
45,1,friendship,1,0.15
45,3,friendship,10,0.15
45,4,friendship,14,0.15
45,5,friendship,10,0.15
45,6,friendship,18,0.15
45,7,friendship,20,0.15
45,8,friendship,12,0.15
45,9,friendship,23,0.15
45,10,friendship,18,0.15
45,11,friendship,15,0.15
45,12,friendship,4,0.15
45,13,friendship,4,0.15
45,14,friendship,1,0.15
45,15,friendship,1,0.15
45,16,friendship,2,0.15
45,17,friendship,1,0.15
45,18,friendship,2,0.15
45,19,friendship,3,0.15
46,3,friendship,2,0.15
46,4,friendship,5,0.15
46,5,friendship,8,0.15
46,6,friendship,13,0.15
46,7,friendship,12,0.15
46,8,friendship,15,0.15
46,9,friendship,24,0.15
46,10,friendship,22,0.15
46,11,friendship,29,0.15
46,12,friendship,14,0.15
46,13,friendship,11,0.15
46,14,friendship,4,0.15
46,15,friendship,2,0.15
46,16,friendship,2,0.15
46,17,friendship,1,0.15
46,18,friendship,1,0.15
46,19,friendship,1,0.15
47,2,friendship,1,0.15
47,3,friendship,4,0.15
47,4,friendship,4,0.15
47,5,friendship,9,0.15
47,6,friendship,8,0.15
47,7,friendship,14,0.15
47,8,friendship,16,0.15
47,9,friendship,27,0.15
47,10,friendship,25,0.15
47,11,friendship,18,0.15
47,12,friendship,16,0.15
47,13,friendship,10,0.15
47,14,friendship,4,0.15
47,15,friendship,3,0.15
47,16,friendship,2,0.15
47,17,friendship,1,0.15
48,2,friendship,2,0.15
48,3,friendship,5,0.15
48,4,friendship,9,0.15
48,5,friendship,10,0.15
48,6,friendship,14,0.15
48,7,friendship,15,0.15
48,8,friendship,16,0.15
48,9,friendship,16,0.15
48,10,friendship,11,0.15
48,11,friendship,9,0.15
48,12,friendship,14,0.15
48,13,friendship,7,0.15
48,14,friendship,1,0.15
48,15,friendship,1,0.15
48,16,friendship,2,0.15
48,17,friendship,8,0.15
48,18,friendship,1,0.15
48,19,friendship,3,0.15
48,20,friendship,4,0.15
48,22,friendship,1,0.15
49,2,friendship,3,0.15
49,3,friendship,10,0.15
49,4,friendship,12,0.15
49,5,friendship,12,0.15
49,6,friendship,16,0.15
49,7,friendship,9,0.15
49,8,friendship,15,0.15
49,9,friendship,21,0.15
49,10,friendship,23,0.15
49,11,friendship,10,0.15
49,12,friendship,12,0.15
49,13,friendship,7,0.15
49,14,friendship,6,0.15
49,15,friendship,2,0.15
49,16,friendship,1,0.15
50,3,friendship,2,0.15
50,4,friendship,1,0.15
50,5,friendship,1,0.15
50,6,friendship,8,0.15
50,7,friendship,7,0.15
50,8,friendship,14,0.15
50,9,friendship,23,0.15
50,10,friendship,20,0.15
50,11,friendship,31,0.15
50,12,friendship,27,0.15
50,13,friendship,13,0.15
50,14,friendship,9,0.15
50,15,friendship,6,0.15
50,16,friendship,2,0.15
50,17,friendship,1,0.15
50,18,friendship,1,0.15
50,19,friendship,1,0.15
50,20,friendship,2,0.15
51,2,friendship,2,0.15
51,3,friendship,1,0.15
51,4,friendship,6,0.15
51,5,friendship,11,0.15
51,6,friendship,18,0.15
51,7,friendship,12,0.15
51,8,friendship,20,0.15
51,9,friendship,19,0.15
51,10,friendship,11,0.15
51,11,friendship,13,0.15
51,12,friendship,7,0.15
51,13,friendship,13,0.15
51,14,friendship,7,0.15
51,15,friendship,7,0.15
51,16,friendship,6,0.15
51,17,friendship,2,0.15
52,3,friendship,1,0.15
52,4,friendship,3,0.15
52,5,friendship,5,0.15
52,6,friendship,5,0.15
52,7,friendship,7,0.15
52,8,friendship,5,0.15
52,9,friendship,11,0.15
52,10,friendship,11,0.15
52,11,friendship,11,0.15
52,12,friendship,11,0.15
52,13,friendship,18,0.15
52,14,friendship,18,0.15
52,15,friendship,12,0.15
52,16,friendship,15,0.15
52,17,friendship,15,0.15
52,18,friendship,8,0.15
52,19,friendship,3,0.15
52,20,friendship,1,0.15
53,3,friendship,2,0.15
53,4,friendship,2,0.15
53,5,friendship,1,0.15
53,6,friendship,4,0.15
53,7,friendship,10,0.15
53,8,friendship,4,0.15
53,9,friendship,6,0.15
53,10,friendship,11,0.15
53,11,friendship,22,0.15
53,12,friendship,26,0.15
53,13,friendship,31,0.15
53,14,friendship,21,0.15
53,15,friendship,20,0.15
53,16,friendship,13,0.15
53,17,friendship,4,0.15
53,18,friendship,1,0.15
53,19,friendship,1,0.15
54,2,friendship,2,0.15
54,3,friendship,2,0.15
54,4,friendship,3,0.15
54,5,friendship,4,0.15
54,6,friendship,2,0.15
54,7,friendship,1,0.15
54,8,friendship,1,0.15
54,9,friendship,1,0.15
54,10,friendship,2,0.15
54,11,friendship,1,0.15
54,12,friendship,2,0.15
54,13,friendship,1,0.15
54,14,friendship,1,0.15
54,15,friendship,2,0.15
54,16,friendship,2,0.15
54,17,friendship,7,0.15
54,18,friendship,2,0.15
54,19,friendship,2,0.15
54,20,friendship,5,0.15
54,21,friendship,3,0.15
54,22,friendship,2,0.15
55,2,friendship,3,0.15
55,3,friendship,6,0.15
55,4,friendship,6,0.15
55,5,friendship,4,0.15
55,6,friendship,13,0.15
55,7,friendship,11,0.15
55,8,friendship,20,0.15
55,9,friendship,26,0.15
55,10,friendship,16,0.15
55,11,friendship,16,0.15
55,12,friendship,10,0.15
55,13,friendship,14,0.15
55,14,friendship,7,0.15
55,15,friendship,7,0.15
55,16,friendship,2,0.15
55,18,friendship,3,0.15
55,19,friendship,1,0.15
56,2,friendship,2,0.15
56,3,friendship,1,0.15
56,4,friendship,2,0.15
56,5,friendship,1,0.15
56,6,friendship,5,0.15
56,7,friendship,11,0.15
56,8,friendship,18,0.15
56,9,friendship,14,0.15
56,10,friendship,10,0.15
56,11,friendship,25,0.15
56,12,friendship,25,0.15
56,13,friendship,13,0.15
56,14,friendship,16,0.15
56,15,friendship,5,0.15
56,16,friendship,6,0.15
56,17,friendship,7,0.15
56,18,friendship,1,0.15
56,19,friendship,1,0.15
57,3,friendship,2,0.15
57,4,friendship,2,0.15
57,5,friendship,5,0.15
57,6,friendship,11,0.15
57,7,friendship,7,0.15
57,8,friendship,12,0.15
57,9,friendship,5,0.15
57,10,friendship,10,0.15
57,11,friendship,15,0.15
57,12,friendship,9,0.15
57,13,friendship,8,0.15
57,14,friendship,14,0.15
57,15,friendship,13,0.15
57,16,friendship,13,0.15
57,17,friendship,15,0.15
57,18,friendship,8,0.15
57,19,friendship,4,0.15
57,20,friendship,6,0.15
57,21,friendship,2,0.15
58,2,friendship,1,0.15
58,3,friendship,2,0.15
58,4,friendship,3,0.15
58,5,friendship,9,0.15
58,6,friendship,11,0.15
58,7,friendship,14,0.15
58,8,friendship,17,0.15
58,9,friendship,13,0.15
58,10,friendship,21,0.15
58,11,friendship,17,0.15
58,12,friendship,13,0.15
58,13,friendship,20,0.15
58,14,friendship,8,0.15
58,15,friendship,6,0.15
58,16,friendship,5,0.15
58,17,friendship,3,0.15
58,18,friendship,4,0.15
58,19,friendship,3,0.15
58,21,friendship,2,0.15
59,1,friendship,1,0.15
59,2,friendship,1,0.15
59,4,friendship,3,0.15
59,5,friendship,4,0.15
59,6,friendship,7,0.15
59,7,friendship,18,0.15
59,8,friendship,26,0.15
59,9,friendship,24,0.15
59,10,friendship,17,0.15
59,11,friendship,27,0.15
59,12,friendship,15,0.15
59,13,friendship,11,0.15
59,14,friendship,7,0.15
59,15,friendship,5,0.15
59,16,friendship,3,0.15
59,17,friendship,1,0.15
59,18,friendship,1,0.15
59,19,friendship,1,0.15
60,1,friendship,1,0.15
60,2,friendship,2,0.15
60,3,friendship,4,0.15
60,4,friendship,13,0.15
60,5,friendship,20,0.15
60,6,friendship,18,0.15
60,7,friendship,27,0.15
60,8,friendship,17,0.15
60,9,friendship,7,0.15
60,10,friendship,5,0.15
60,11,friendship,4,0.15
60,12,friendship,5,0.15
60,13,friendship,7,0.15
60,14,friendship,4,0.15
60,15,friendship,5,0.15
60,16,friendship,4,0.15
60,17,friendship,3,0.15
60,19,friendship,2,0.15
60,20,friendship,1,0.15
60,21,friendship,1,0.15
61,4,friendship,1,0.15
62,2,friendship,2,0.15
62,3,friendship,2,0.15
62,4,friendship,4,0.15
62,5,friendship,2,0.15
62,7,friendship,2,0.15
62,8,friendship,4,0.15
62,9,friendship,4,0.15
62,10,friendship,5,0.15
62,11,friendship,7,0.15
62,12,friendship,14,0.15
62,13,friendship,11,0.15
62,14,friendship,15,0.15
62,15,friendship,19,0.15
62,16,friendship,19,0.15
62,17,friendship,12,0.15
62,18,friendship,15,0.15
62,19,friendship,15,0.15
62,20,friendship,5,0.15
62,21,friendship,2,0.15
62,22,friendship,2,0.15
63,4,friendship,1,0.15
63,5,friendship,2,0.15
63,6,friendship,1,0.15
63,7,friendship,1,0.15
63,8,friendship,2,0.15
63,9,friendship,5,0.15
63,10,friendship,3,0.15
63,11,friendship,5,0.15
63,12,friendship,13,0.15
63,13,friendship,10,0.15
63,14,friendship,17,0.15
63,15,friendship,13,0.15
63,16,friendship,23,0.15
63,17,friendship,19,0.15
63,18,friendship,21,0.15
63,19,friendship,13,0.15
63,20,friendship,4,0.15
63,21,friendship,3,0.15
63,22,friendship,1,0.15
64,3,friendship,4,0.15
64,4,friendship,6,0.15
64,5,friendship,5,0.15
64,6,friendship,9,0.15
64,7,friendship,7,0.15
64,8,friendship,5,0.15
64,9,friendship,16,0.15
64,10,friendship,9,0.15
64,11,friendship,11,0.15
64,12,friendship,26,0.15
64,13,friendship,18,0.15
64,14,friendship,16,0.15
64,15,friendship,21,0.15
64,16,friendship,10,0.15
64,17,friendship,3,0.15
64,18,friendship,8,0.15
64,19,friendship,2,0.15
65,2,friendship,2,0.15
65,3,friendship,1,0.15
65,4,friendship,1,0.15
65,5,friendship,5,0.15
65,6,friendship,10,0.15
65,7,friendship,7,0.15
65,8,friendship,9,0.15
65,9,friendship,5,0.15
65,10,friendship,16,0.15
65,11,friendship,21,0.15
65,12,friendship,16,0.15
65,13,friendship,20,0.15
65,14,friendship,19,0.15
65,15,friendship,11,0.15
65,16,friendship,10,0.15
65,17,friendship,4,0.15
65,18,friendship,5,0.15
65,19,friendship,1,0.15
66,1,friendship,3,0.15
66,2,friendship,7,0.15
66,3,friendship,4,0.15
66,4,friendship,7,0.15
66,5,friendship,14,0.15
66,6,friendship,12,0.15
66,7,friendship,13,0.15
66,8,friendship,21,0.15
66,9,friendship,16,0.15
66,10,friendship,31,0.15
66,11,friendship,15,0.15
66,12,friendship,14,0.15
66,13,friendship,8,0.15
66,14,friendship,4,0.15
66,15,friendship,1,0.15
67,3,friendship,3,0.15
67,4,friendship,4,0.15
67,5,friendship,6,0.15
67,6,friendship,9,0.15
67,7,friendship,14,0.15
67,8,friendship,29,0.15
67,9,friendship,28,0.15
67,10,friendship,26,0.15
67,11,friendship,18,0.15
67,12,friendship,20,0.15
67,13,friendship,13,0.15
67,14,friendship,6,0.15
67,15,friendship,1,0.15
68,2,friendship,3,0.15
68,3,friendship,6,0.15
68,4,friendship,17,0.15
68,5,friendship,16,0.15
68,6,friendship,11,0.15
68,7,friendship,10,0.15
68,8,friendship,18,0.15
68,9,friendship,17,0.15
68,10,friendship,13,0.15
68,11,friendship,15,0.15
68,12,friendship,11,0.15
68,13,friendship,13,0.15
68,14,friendship,9,0.15
68,15,friendship,8,0.15
68,16,friendship,5,0.15
68,17,friendship,1,0.15
69,1,friendship,1,0.15
69,3,friendship,1,0.15
69,4,friendship,3,0.15
69,6,friendship,7,0.15
69,7,friendship,7,0.15
69,8,friendship,22,0.15
69,9,friendship,22,0.15
69,10,friendship,20,0.15
69,11,friendship,15,0.15
69,12,friendship,15,0.15
69,13,friendship,20,0.15
69,14,friendship,11,0.15
69,15,friendship,10,0.15
69,16,friendship,2,0.15
69,17,friendship,2,0.15
69,18,friendship,4,0.15
70,2,friendship,3,0.15
70,3,friendship,4,0.15
70,4,friendship,10,0.15
70,5,friendship,13,0.15
70,6,friendship,15,0.15
70,7,friendship,23,0.15
70,8,friendship,22,0.15
70,9,friendship,21,0.15
70,10,friendship,16,0.15
70,11,friendship,12,0.15
70,12,friendship,10,0.15
70,14,friendship,2,0.15
70,16,friendship,1,0.15
71,1,friendship,1,0.15
71,2,friendship,2,0.15
71,3,friendship,3,0.15
71,4,friendship,10,0.15
71,5,friendship,11,0.15
71,6,friendship,20,0.15
71,7,friendship,17,0.15
71,8,friendship,16,0.15
71,9,friendship,33,0.15
71,10,friendship,20,0.15
71,11,friendship,14,0.15
71,12,friendship,10,0.15
71,13,friendship,5,0.15
71,14,friendship,6,0.15
71,15,friendship,1,0.15
71,17,friendship,1,0.15
72,1,friendship,2,0.15
72,2,friendship,2,0.15
72,3,friendship,8,0.15
72,4,friendship,13,0.15
72,5,friendship,19,0.15
72,6,friendship,14,0.15
72,7,friendship,18,0.15
72,8,friendship,21,0.15
72,9,friendship,17,0.15
72,10,friendship,11,0.15
72,11,friendship,7,0.15
72,12,friendship,13,0.15
72,13,friendship,5,0.15
72,14,friendship,5,0.15
72,15,friendship,2,0.15
73,3,friendship,1,0.15
73,4,friendship,1,0.15
74,4,friendship,2,0.15
74,6,friendship,2,0.15
74,7,friendship,5,0.15
74,8,friendship,8,0.15
74,9,friendship,9,0.15
74,10,friendship,11,0.15
74,11,friendship,19,0.15
74,12,friendship,21,0.15
74,13,friendship,27,0.15
74,14,friendship,20,0.15
74,15,friendship,15,0.15
74,16,friendship,9,0.15
74,17,friendship,8,0.15
74,18,friendship,3,0.15
74,19,friendship,1,0.15
75,3,friendship,2,0.15
75,4,friendship,10,0.15
75,5,friendship,5,0.15
75,6,friendship,10,0.15
75,7,friendship,18,0.15
75,8,friendship,26,0.15
75,9,friendship,23,0.15
75,10,friendship,23,0.15
75,11,friendship,16,0.15
75,12,friendship,7,0.15
75,13,friendship,10,0.15
75,14,friendship,2,0.15
75,15,friendship,1,0.15
76,3,friendship,3,0.15
76,4,friendship,6,0.15
76,5,friendship,3,0.15
76,6,friendship,8,0.15
76,7,friendship,6,0.15
76,8,friendship,11,0.15
76,9,friendship,15,0.15
76,10,friendship,7,0.15
76,11,friendship,16,0.15
76,12,friendship,18,0.15
76,13,friendship,16,0.15
76,14,friendship,17,0.15
76,15,friendship,6,0.15
76,16,friendship,10,0.15
76,17,friendship,8,0.15
76,18,friendship,4,0.15
76,19,friendship,4,0.15
76,21,friendship,1,0.15
77,2,friendship,4,0.15
77,3,friendship,2,0.15
77,4,friendship,6,0.15
77,5,friendship,3,0.15
77,6,friendship,1,0.15
77,7,friendship,2,0.15
77,8,friendship,4,0.15
77,9,friendship,7,0.15
77,10,friendship,10,0.15
77,11,friendship,23,0.15
77,12,friendship,17,0.15
77,13,friendship,23,0.15
77,14,friendship,18,0.15
77,15,friendship,21,0.15
77,16,friendship,14,0.15
77,17,friendship,8,0.15
77,18,friendship,1,0.15
77,19,friendship,1,0.15
78,2,friendship,1,0.15
78,4,friendship,1,0.15
78,5,friendship,5,0.15
78,6,friendship,5,0.15
78,7,friendship,9,0.15
78,8,friendship,14,0.15
78,9,friendship,17,0.15
78,10,friendship,20,0.15
78,11,friendship,22,0.15
78,12,friendship,19,0.15
78,13,friendship,26,0.15
78,14,friendship,7,0.15
78,15,friendship,10,0.15
78,16,friendship,2,0.15
78,17,friendship,6,0.15
78,18,friendship,1,0.15
78,19,friendship,1,0.15
78,21,friendship,1,0.15
79,2,friendship,1,0.15
79,3,friendship,3,0.15
79,4,friendship,9,0.15
79,5,friendship,9,0.15
79,6,friendship,11,0.15
79,7,friendship,9,0.15
79,8,friendship,15,0.15
79,9,friendship,8,0.15
79,10,friendship,17,0.15
79,11,friendship,13,0.15
79,12,friendship,11,0.15
79,13,friendship,4,0.15
79,14,friendship,8,0.15
79,15,friendship,4,0.15
79,16,friendship,1,0.15
79,17,friendship,6,0.15
79,18,friendship,6,0.15
79,19,friendship,3,0.15
79,20,friendship,6,0.15
79,21,friendship,3,0.15
79,22,friendship,1,0.15
80,3,friendship,2,0.15
80,4,friendship,3,0.15
80,5,friendship,3,0.15
80,6,friendship,11,0.15
80,7,friendship,11,0.15
80,8,friendship,14,0.15
80,9,friendship,24,0.15
80,10,friendship,10,0.15
80,11,friendship,13,0.15
80,12,friendship,10,0.15
80,13,friendship,9,0.15
80,14,friendship,7,0.15
80,15,friendship,8,0.15
80,16,friendship,4,0.15
80,17,friendship,7,0.15
80,18,friendship,5,0.15
80,19,friendship,3,0.15
80,20,friendship,3,0.15
80,22,friendship,2,0.15
81,1,friendship,3,0.15
81,2,friendship,4,0.15
81,3,friendship,10,0.15
81,4,friendship,14,0.15
81,5,friendship,16,0.15
81,6,friendship,18,0.15
81,7,friendship,13,0.15
81,8,friendship,19,0.15
81,9,friendship,10,0.15
81,10,friendship,10,0.15
81,11,friendship,18,0.15
81,12,friendship,11,0.15
81,13,friendship,5,0.15
81,14,friendship,7,0.15
81,15,friendship,5,0.15
81,17,friendship,1,0.15
81,18,friendship,1,0.15
81,19,friendship,1,0.15
81,20,friendship,1,0.15
82,2,friendship,2,0.15
82,3,friendship,4,0.15
82,4,friendship,4,0.15
82,5,friendship,13,0.15
82,6,friendship,8,0.15
82,7,friendship,6,0.15
82,8,friendship,9,0.15
82,9,friendship,21,0.15
82,10,friendship,15,0.15
82,11,friendship,28,0.15
82,12,friendship,24,0.15
82,13,friendship,7,0.15
82,14,friendship,5,0.15
82,15,friendship,6,0.15
82,16,friendship,3,0.15
82,17,friendship,2,0.15
82,18,friendship,1,0.15
82,20,friendship,1,0.15
82,22,friendship,1,0.15
83,1,friendship,1,0.15
83,3,friendship,4,0.15
83,6,friendship,7,0.15
83,7,friendship,3,0.15
83,8,friendship,5,0.15
83,9,friendship,14,0.15
83,10,friendship,13,0.15
83,11,friendship,16,0.15
83,12,friendship,26,0.15
83,13,friendship,20,0.15
83,14,friendship,23,0.15
83,15,friendship,16,0.15
83,16,friendship,5,0.15
83,17,friendship,8,0.15
83,18,friendship,3,0.15
83,19,friendship,2,0.15
84,3,friendship,1,0.15
84,4,friendship,2,0.15
84,5,friendship,1,0.15
84,6,friendship,1,0.15
84,8,friendship,2,0.15
84,9,friendship,2,0.15
84,10,friendship,1,0.15
84,11,friendship,4,0.15
84,12,friendship,9,0.15
84,13,friendship,7,0.15
84,14,friendship,6,0.15
84,15,friendship,9,0.15
84,16,friendship,5,0.15
84,17,friendship,7,0.15
84,18,friendship,14,0.15
84,19,friendship,12,0.15
84,20,friendship,13,0.15
84,21,friendship,9,0.15
84,22,friendship,6,0.15
85,2,friendship,1,0.15
85,3,friendship,3,0.15
85,4,friendship,14,0.15
85,5,friendship,17,0.15
85,6,friendship,20,0.15
85,7,friendship,20,0.15
85,8,friendship,11,0.15
85,9,friendship,13,0.15
85,10,friendship,16,0.15
85,11,friendship,12,0.15
85,12,friendship,9,0.15
85,13,friendship,13,0.15
85,14,friendship,8,0.15
85,15,friendship,3,0.15
85,16,friendship,3,0.15
85,17,friendship,3,0.15
85,18,friendship,2,0.15
85,19,friendship,1,0.15
85,20,friendship,2,0.15
86,4,friendship,4,0.15
86,5,friendship,5,0.15
86,6,friendship,10,0.15
86,7,friendship,12,0.15
86,8,friendship,18,0.15
86,9,friendship,6,0.15
86,10,friendship,8,0.15
86,11,friendship,7,0.15
86,12,friendship,9,0.15
86,13,friendship,13,0.15
86,14,friendship,12,0.15
86,15,friendship,11,0.15
86,16,friendship,19,0.15
86,17,friendship,12,0.15
86,18,friendship,12,0.15
86,19,friendship,4,0.15
86,20,friendship,2,0.15
86,21,friendship,2,0.15
87,1,friendship,1,0.15
87,2,friendship,2,0.15
87,3,friendship,2,0.15
87,4,friendship,5,0.15
87,5,friendship,6,0.15
87,6,friendship,7,0.15
87,7,friendship,7,0.15
87,8,friendship,13,0.15
87,9,friendship,13,0.15
87,10,friendship,19,0.15
87,11,friendship,19,0.15
87,12,friendship,22,0.15
87,13,friendship,13,0.15
87,14,friendship,16,0.15
87,15,friendship,11,0.15
87,16,friendship,5,0.15
87,17,friendship,3,0.15
87,18,friendship,1,0.15
87,19,friendship,1,0.15
87,21,friendship,1,0.15
88,1,friendship,1,0.15
88,3,friendship,3,0.15
88,4,friendship,1,0.15
88,5,friendship,3,0.15
88,7,friendship,7,0.15
88,8,friendship,14,0.15
88,9,friendship,10,0.15
88,10,friendship,23,0.15
88,11,friendship,15,0.15
88,12,friendship,18,0.15
88,13,friendship,17,0.15
88,14,friendship,10,0.15
88,15,friendship,10,0.15
88,16,friendship,7,0.15
88,17,friendship,1,0.15
88,18,friendship,2,0.15
88,19,friendship,2,0.15
88,20,friendship,3,0.15
88,21,friendship,1,0.15
89,2,friendship,5,0.15
89,3,friendship,8,0.15
89,4,friendship,12,0.15
89,5,friendship,13,0.15
89,6,friendship,22,0.15
89,7,friendship,18,0.15
89,8,friendship,22,0.15
89,9,friendship,19,0.15
89,10,friendship,13,0.15
89,11,friendship,18,0.15
89,12,friendship,8,0.15
89,13,friendship,2,0.15
89,14,friendship,4,0.15
89,16,friendship,2,0.15
89,17,friendship,2,0.15
90,1,friendship,3,0.15
90,2,friendship,7,0.15
90,3,friendship,2,0.15
90,4,friendship,5,0.15
90,5,friendship,10,0.15
90,6,friendship,14,0.15
90,7,friendship,19,0.15
90,8,friendship,20,0.15
90,9,friendship,16,0.15
90,10,friendship,23,0.15
90,11,friendship,25,0.15
90,12,friendship,12,0.15
90,13,friendship,3,0.15
91,2,friendship,3,0.15
91,3,friendship,5,0.15
91,4,friendship,10,0.15
91,5,friendship,9,0.15
91,6,friendship,14,0.15
91,7,friendship,11,0.15
91,8,friendship,11,0.15
91,9,friendship,16,0.15
91,10,friendship,13,0.15
91,11,friendship,17,0.15
91,12,friendship,8,0.15
91,13,friendship,14,0.15
91,14,friendship,11,0.15
91,15,friendship,10,0.15
91,16,friendship,4,0.15
91,17,friendship,1,0.15
91,18,friendship,3,0.15
92,1,friendship,1,0.15
92,2,friendship,5,0.15
92,3,friendship,3,0.15
92,4,friendship,8,0.15
92,5,friendship,10,0.15
92,6,friendship,15,0.15
92,7,friendship,27,0.15
92,8,friendship,18,0.15
92,9,friendship,16,0.15
92,10,friendship,12,0.15
92,11,friendship,12,0.15
92,12,friendship,15,0.15
92,13,friendship,10,0.15
92,14,friendship,6,0.15
92,15,friendship,4,0.15
92,17,friendship,1,0.15
93,1,friendship,1,0.15
93,2,friendship,5,0.15
93,3,friendship,6,0.15
93,4,friendship,18,0.15
93,5,friendship,21,0.15
93,6,friendship,26,0.15
93,7,friendship,16,0.15
93,8,friendship,24,0.15
93,9,friendship,18,0.15
93,10,friendship,9,0.15
93,11,friendship,13,0.15
93,12,friendship,5,0.15
93,13,friendship,4,0.15
93,14,friendship,3,0.15
93,16,friendship,2,0.15
93,17,friendship,1,0.15
94,1,friendship,1,0.15
94,2,friendship,2,0.15
94,3,friendship,1,0.15
94,4,friendship,5,0.15
94,5,friendship,10,0.15
94,6,friendship,4,0.15
94,7,friendship,15,0.15
94,8,friendship,14,0.15
94,9,friendship,11,0.15
94,10,friendship,17,0.15
94,11,friendship,14,0.15
94,12,friendship,20,0.15
94,13,friendship,19,0.15
94,14,friendship,14,0.15
94,15,friendship,9,0.15
94,16,friendship,3,0.15
94,17,friendship,3,0.15
94,18,friendship,1,0.15
94,19,friendship,1,0.15
94,20,friendship,1,0.15
95,2,friendship,1,0.15
95,3,friendship,2,0.15
95,4,friendship,7,0.15
95,5,friendship,9,0.15
95,6,friendship,14,0.15
95,7,friendship,18,0.15
95,8,friendship,19,0.15
95,9,friendship,33,0.15
95,10,friendship,18,0.15
95,11,friendship,23,0.15
95,12,friendship,12,0.15
95,13,friendship,8,0.15
95,14,friendship,8,0.15
95,15,friendship,1,0.15
95,16,friendship,1,0.15
95,17,friendship,2,0.15
95,19,friendship,1,0.15
96,3,friendship,1,0.15
96,4,friendship,3,0.15
96,5,friendship,5,0.15
96,6,friendship,7,0.15
96,7,friendship,12,0.15
96,8,friendship,21,0.15
96,9,friendship,17,0.15
96,10,friendship,29,0.15
96,11,friendship,18,0.15
96,12,friendship,17,0.15
96,13,friendship,16,0.15
96,14,friendship,7,0.15
96,15,friendship,2,0.15
96,16,friendship,4,0.15
96,17,friendship,2,0.15
96,18,friendship,1,0.15
96,19,friendship,2,0.15
97,4,friendship,2,0.15
97,5,friendship,1,0.15
98,1,friendship,1,0.15
98,2,friendship,1,0.15
98,3,friendship,3,0.15
98,4,friendship,4,0.15
98,5,friendship,5,0.15
98,6,friendship,15,0.15
98,7,friendship,8,0.15
98,8,friendship,17,0.15
98,9,friendship,16,0.15
98,10,friendship,18,0.15
98,11,friendship,24,0.15
98,12,friendship,21,0.15
98,13,friendship,13,0.15
98,14,friendship,5,0.15
98,16,friendship,1,0.15
99,1,friendship,1,0.15
99,2,friendship,3,0.15
99,3,friendship,6,0.15
99,4,friendship,4,0.15
99,5,friendship,13,0.15
99,6,friendship,10,0.15
99,7,friendship,18,0.15
99,8,friendship,19,0.15
99,9,friendship,18,0.15
99,10,friendship,12,0.15
99,11,friendship,20,0.15
99,12,friendship,18,0.15
99,13,friendship,5,0.15
99,14,friendship,5,0.15
99,15,friendship,3,0.15
99,16,friendship,1,0.15
100,1,friendship,1,0.15
100,2,friendship,1,0.15
100,3,friendship,1,0.15
100,4,friendship,7,0.15
100,5,friendship,2,0.15
100,6,friendship,17,0.15
100,7,friendship,23,0.15
100,8,friendship,16,0.15
100,9,friendship,14,0.15
100,10,friendship,23,0.15
100,11,friendship,10,0.15
100,12,friendship,19,0.15
100,13,friendship,13,0.15
100,14,friendship,7,0.15
100,15,friendship,4,0.15
100,16,friendship,3,0.15
100,17,friendship,2,0.15
100,18,friendship,1,0.15
101,1,friendship,1,0.15
101,2,friendship,2,0.15
101,3,friendship,8,0.15
101,4,friendship,13,0.15
101,5,friendship,21,0.15
101,6,friendship,27,0.15
101,7,friendship,27,0.15
101,8,friendship,30,0.15
101,9,friendship,15,0.15
101,10,friendship,8,0.15
101,11,friendship,4,0.15
101,12,friendship,3,0.15
101,13,friendship,1,0.15
101,14,friendship,1,0.15
102,1,friendship,2,0.15
102,2,friendship,1,0.15
102,3,friendship,4,0.15
102,4,friendship,11,0.15
102,5,friendship,17,0.15
102,6,friendship,18,0.15
102,7,friendship,28,0.15
102,8,friendship,13,0.15
102,9,friendship,11,0.15
102,10,friendship,16,0.15
102,11,friendship,10,0.15
102,12,friendship,6,0.15
102,13,friendship,5,0.15
102,14,friendship,1,0.15
102,15,friendship,1,0.15
103,2,friendship,1,0.15
103,3,friendship,1,0.15
103,4,friendship,2,0.15
103,5,friendship,3,0.15
103,6,friendship,6,0.15
103,7,friendship,16,0.15
103,8,friendship,26,0.15
103,9,friendship,34,0.15
103,10,friendship,22,0.15
103,11,friendship,18,0.15
103,12,friendship,16,0.15
103,13,friendship,7,0.15
103,14,friendship,8,0.15
103,15,friendship,4,0.15
103,16,friendship,2,0.15
103,18,friendship,2,0.15
104,4,friendship,2,0.15
104,5,friendship,2,0.15
104,6,friendship,3,0.15
104,7,friendship,4,0.15
104,8,friendship,9,0.15
104,9,friendship,11,0.15
104,10,friendship,7,0.15
104,11,friendship,15,0.15
104,12,friendship,16,0.15
104,13,friendship,15,0.15
104,14,friendship,22,0.15
104,15,friendship,17,0.15
104,16,friendship,11,0.15
104,17,friendship,14,0.15
104,18,friendship,4,0.15
104,19,friendship,6,0.15
104,20,friendship,5,0.15
104,21,friendship,1,0.15
105,2,friendship,1,0.15
105,3,friendship,3,0.15
105,4,friendship,4,0.15
105,5,friendship,8,0.15
105,6,friendship,10,0.15
105,7,friendship,23,0.15
105,8,friendship,24,0.15
105,9,friendship,28,0.15
105,10,friendship,23,0.15
105,11,friendship,23,0.15
105,12,friendship,8,0.15
105,13,friendship,5,0.15
105,14,friendship,3,0.15
105,16,friendship,1,0.15
106,3,friendship,7,0.15
106,4,friendship,7,0.15
106,5,friendship,12,0.15
106,6,friendship,16,0.15
106,7,friendship,28,0.15
106,8,friendship,18,0.15
106,9,friendship,15,0.15
106,10,friendship,13,0.15
106,11,friendship,14,0.15
106,12,friendship,10,0.15
106,13,friendship,7,0.15
106,14,friendship,4,0.15
106,15,friendship,3,0.15
106,16,friendship,5,0.15
107,1,friendship,1,0.15
107,2,friendship,4,0.15
107,3,friendship,5,0.15
107,4,friendship,5,0.15
107,5,friendship,12,0.15
107,6,friendship,8,0.15
107,7,friendship,9,0.15
107,8,friendship,10,0.15
107,9,friendship,9,0.15
107,10,friendship,9,0.15
107,11,friendship,6,0.15
107,12,friendship,4,0.15
107,13,friendship,7,0.15
107,14,friendship,12,0.15
107,15,friendship,14,0.15
107,16,friendship,18,0.15
107,17,friendship,17,0.15
107,18,friendship,11,0.15
107,19,friendship,7,0.15
107,20,friendship,2,0.15
108,2,friendship,1,0.15
108,3,friendship,2,0.15
108,4,friendship,8,0.15
108,5,friendship,5,0.15
108,6,friendship,2,0.15
108,7,friendship,8,0.15
108,8,friendship,7,0.15
108,9,friendship,10,0.15
108,10,friendship,17,0.15
108,11,friendship,20,0.15
108,12,friendship,25,0.15
108,13,friendship,27,0.15
108,14,friendship,11,0.15
108,15,friendship,6,0.15
108,16,friendship,5,0.15
108,17,friendship,2,0.15
108,18,friendship,1,0.15
108,21,friendship,1,0.15
109,2,friendship,2,0.15
109,4,friendship,7,0.15
109,5,friendship,9,0.15
109,6,friendship,15,0.15
109,7,friendship,19,0.15
109,8,friendship,21,0.15
109,9,friendship,30,0.15
109,10,friendship,28,0.15
109,11,friendship,14,0.15
109,12,friendship,8,0.15
109,13,friendship,4,0.15
110,2,friendship,4,0.15
110,3,friendship,3,0.15
110,4,friendship,2,0.15
110,5,friendship,5,0.15
110,6,friendship,8,0.15
110,7,friendship,6,0.15
110,8,friendship,8,0.15
110,9,friendship,6,0.15
110,10,friendship,4,0.15
110,11,friendship,9,0.15
110,12,friendship,14,0.15
110,13,friendship,14,0.15
110,14,friendship,12,0.15
110,15,friendship,14,0.15
110,16,friendship,12,0.15
110,17,friendship,6,0.15
110,18,friendship,9,0.15
110,19,friendship,5,0.15
110,20,friendship,8,0.15
110,22,friendship,2,0.15
111,1,friendship,2,0.15
111,2,friendship,2,0.15
111,3,friendship,7,0.15
111,4,friendship,3,0.15
111,5,friendship,9,0.15
111,6,friendship,13,0.15
111,7,friendship,6,0.15
111,8,friendship,9,0.15
111,9,friendship,9,0.15
111,10,friendship,5,0.15
111,11,friendship,14,0.15
111,12,friendship,13,0.15
111,13,friendship,10,0.15
111,14,friendship,12,0.15
111,15,friendship,15,0.15
111,16,friendship,9,0.15
111,17,friendship,9,0.15
111,18,friendship,9,0.15
111,19,friendship,3,0.15
111,20,friendship,2,0.15
111,21,friendship,1,0.15
112,2,friendship,1,0.15
112,3,friendship,1,0.15
112,4,friendship,6,0.15
112,5,friendship,6,0.15
112,6,friendship,8,0.15
112,7,friendship,9,0.15
112,8,friendship,17,0.15
112,9,friendship,12,0.15
112,10,friendship,16,0.15
112,11,friendship,22,0.15
112,12,friendship,13,0.15
112,13,friendship,7,0.15
112,14,friendship,9,0.15
112,15,friendship,4,0.15
112,16,friendship,3,0.15
112,17,friendship,1,0.15
112,20,friendship,1,0.15
113,1,friendship,1,0.15
113,2,friendship,1,0.15
113,3,friendship,1,0.15
113,4,friendship,5,0.15
113,5,friendship,8,0.15
113,6,friendship,2,0.15
113,7,friendship,9,0.15
113,8,friendship,9,0.15
113,9,friendship,7,0.15
113,10,friendship,9,0.15
113,11,friendship,16,0.15
113,12,friendship,27,0.15
113,13,friendship,18,0.15
113,14,friendship,10,0.15
113,15,friendship,15,0.15
113,16,friendship,7,0.15
113,17,friendship,5,0.15
113,18,friendship,5,0.15
113,19,friendship,5,0.15
113,20,friendship,1,0.15
113,21,friendship,1,0.15
114,2,friendship,1,0.15
114,3,friendship,4,0.15
114,4,friendship,4,0.15
114,5,friendship,7,0.15
114,6,friendship,21,0.15
114,7,friendship,8,0.15
114,8,friendship,22,0.15
114,9,friendship,27,0.15
114,10,friendship,15,0.15
114,11,friendship,13,0.15
114,12,friendship,13,0.15
114,13,friendship,14,0.15
114,14,friendship,7,0.15
114,15,friendship,5,0.15
114,16,friendship,3,0.15
114,17,friendship,1,0.15
115,4,friendship,1,0.15
115,5,friendship,1,0.15
115,6,friendship,5,0.15
115,7,friendship,4,0.15
115,8,friendship,8,0.15
115,9,friendship,12,0.15
115,10,friendship,11,0.15
115,11,friendship,19,0.15
115,12,friendship,17,0.15
115,13,friendship,19,0.15
115,14,friendship,27,0.15
115,15,friendship,14,0.15
115,16,friendship,9,0.15
115,17,friendship,7,0.15
115,18,friendship,6,0.15
115,19,friendship,8,0.15
115,20,friendship,1,0.15
116,1,friendship,1,0.15
116,2,friendship,1,0.15
116,3,friendship,2,0.15
116,4,friendship,4,0.15
116,5,friendship,5,0.15
116,6,friendship,11,0.15
116,7,friendship,15,0.15
116,8,friendship,13,0.15
116,9,friendship,24,0.15
116,10,friendship,18,0.15
116,11,friendship,20,0.15
116,12,friendship,15,0.15
116,13,friendship,16,0.15
116,14,friendship,15,0.15
116,15,friendship,3,0.15
116,16,friendship,5,0.15
116,17,friendship,3,0.15
117,3,friendship,3,0.15
117,4,friendship,9,0.15
117,5,friendship,13,0.15
117,6,friendship,13,0.15
117,7,friendship,22,0.15
117,8,friendship,29,0.15
117,9,friendship,21,0.15
117,10,friendship,19,0.15
117,11,friendship,15,0.15
117,12,friendship,8,0.15
117,13,friendship,7,0.15
117,14,friendship,3,0.15
117,15,friendship,2,0.15
117,16,friendship,1,0.15
117,17,friendship,1,0.15
118,1,friendship,1,0.15
118,2,friendship,1,0.15
118,4,friendship,1,0.15
119,2,friendship,1,0.15
119,3,friendship,4,0.15
119,4,friendship,7,0.15
119,5,friendship,13,0.15
119,6,friendship,18,0.15
119,7,friendship,18,0.15
119,8,friendship,34,0.15
119,9,friendship,15,0.15
119,10,friendship,20,0.15
119,11,friendship,14,0.15
119,12,friendship,2,0.15
119,13,friendship,2,0.15
119,14,friendship,3,0.15
119,15,friendship,1,0.15
119,16,friendship,1,0.15
119,17,friendship,3,0.15
119,18,friendship,4,0.15
119,19,friendship,3,0.15
119,21,friendship,1,0.15
120,2,friendship,1,0.15
120,3,friendship,3,0.15
120,4,friendship,8,0.15
120,5,friendship,4,0.15
120,6,friendship,9,0.15
120,7,friendship,7,0.15
120,8,friendship,14,0.15
120,9,friendship,11,0.15
120,10,friendship,17,0.15
120,11,friendship,11,0.15
120,12,friendship,14,0.15
120,13,friendship,12,0.15
120,14,friendship,16,0.15
120,15,friendship,10,0.15
120,16,friendship,9,0.15
120,17,friendship,4,0.15
120,18,friendship,1,0.15
120,19,friendship,1,0.15
120,20,friendship,1,0.15
121,1,friendship,2,0.15
121,3,friendship,4,0.15
121,4,friendship,6,0.15
121,5,friendship,7,0.15
121,6,friendship,18,0.15
121,7,friendship,14,0.15
121,8,friendship,12,0.15
121,9,friendship,17,0.15
121,10,friendship,15,0.15
121,11,friendship,13,0.15
121,12,friendship,12,0.15
121,13,friendship,9,0.15
121,14,friendship,16,0.15
121,15,friendship,13,0.15
121,16,friendship,3,0.15
121,17,friendship,2,0.15
121,18,friendship,2,0.15
121,20,friendship,1,0.15
122,3,friendship,6,0.15
122,4,friendship,10,0.15
122,5,friendship,8,0.15
122,6,friendship,5,0.15
122,7,friendship,6,0.15
122,8,friendship,10,0.15
122,9,friendship,6,0.15
122,10,friendship,10,0.15
122,11,friendship,20,0.15
122,12,friendship,24,0.15
122,13,friendship,21,0.15
122,14,friendship,17,0.15
122,15,friendship,6,0.15
122,16,friendship,7,0.15
122,17,friendship,7,0.15
122,18,friendship,1,0.15
122,19,friendship,4,0.15
122,20,friendship,4,0.15
122,21,friendship,1,0.15
123,1,friendship,1,0.15
123,2,friendship,1,0.15
123,3,friendship,3,0.15
123,4,friendship,6,0.15
123,5,friendship,12,0.15
123,6,friendship,14,0.15
123,7,friendship,16,0.15
123,8,friendship,19,0.15
123,9,friendship,17,0.15
123,10,friendship,20,0.15
123,11,friendship,13,0.15
123,12,friendship,25,0.15
123,13,friendship,8,0.15
123,14,friendship,6,0.15
123,15,friendship,1,0.15
123,16,friendship,2,0.15
123,17,friendship,3,0.15
123,18,friendship,1,0.15
124,1,friendship,1,0.15
124,2,friendship,1,0.15
124,3,friendship,5,0.15
124,4,friendship,8,0.15
124,5,friendship,10,0.15
124,6,friendship,15,0.15
124,7,friendship,15,0.15
124,8,friendship,19,0.15
124,9,friendship,17,0.15
124,10,friendship,15,0.15
124,11,friendship,12,0.15
124,12,friendship,8,0.15
124,13,friendship,6,0.15
124,14,friendship,4,0.15
124,15,friendship,5,0.15
124,16,friendship,3,0.15
124,17,friendship,6,0.15
124,18,friendship,4,0.15
124,19,friendship,1,0.15
124,20,friendship,2,0.15
124,21,friendship,2,0.15
124,22,friendship,2,0.15
125,1,friendship,2,0.15
125,2,friendship,2,0.15
125,3,friendship,1,0.15
125,4,friendship,3,0.15
125,6,friendship,3,0.15
125,7,friendship,4,0.15
125,8,friendship,14,0.15
125,9,friendship,19,0.15
125,10,friendship,18,0.15
125,11,friendship,13,0.15
125,12,friendship,20,0.15
125,13,friendship,17,0.15
125,14,friendship,17,0.15
125,15,friendship,10,0.15
125,16,friendship,8,0.15
125,17,friendship,5,0.15
125,18,friendship,4,0.15
125,19,friendship,3,0.15
125,21,friendship,1,0.15
125,22,friendship,1,0.15
126,1,friendship,1,0.15
126,2,friendship,3,0.15
126,3,friendship,6,0.15
126,4,friendship,2,0.15
126,5,friendship,11,0.15
126,6,friendship,10,0.15
126,7,friendship,13,0.15
126,8,friendship,30,0.15
126,9,friendship,31,0.15
126,10,friendship,21,0.15
126,11,friendship,18,0.15
126,12,friendship,6,0.15
126,13,friendship,6,0.15
126,14,friendship,2,0.15
126,15,friendship,2,0.15
127,2,friendship,2,0.15
127,3,friendship,1,0.15
127,4,friendship,3,0.15
127,5,friendship,7,0.15
127,6,friendship,9,0.15
127,7,friendship,11,0.15
127,8,friendship,12,0.15
127,9,friendship,22,0.15
127,10,friendship,17,0.15
127,11,friendship,23,0.15
127,12,friendship,22,0.15
127,13,friendship,14,0.15
127,14,friendship,11,0.15
127,15,friendship,7,0.15
127,16,friendship,4,0.15
127,18,friendship,1,0.15
128,1,friendship,1,0.15
128,2,friendship,1,0.15
128,3,friendship,1,0.15
128,4,friendship,4,0.15
128,5,friendship,7,0.15
128,6,friendship,11,0.15
128,7,friendship,27,0.15
128,8,friendship,38,0.15
128,9,friendship,38,0.15
128,10,friendship,22,0.15
128,11,friendship,10,0.15
128,12,friendship,7,0.15
128,13,friendship,3,0.15
128,14,friendship,1,0.15
128,15,friendship,1,0.15
129,1,friendship,2,0.15
129,2,friendship,1,0.15
129,3,friendship,11,0.15
129,4,friendship,21,0.15
129,5,friendship,19,0.15
129,6,friendship,24,0.15
129,7,friendship,31,0.15
129,8,friendship,20,0.15
129,9,friendship,20,0.15
129,10,friendship,8,0.15
129,11,friendship,7,0.15
129,12,friendship,1,0.15
129,13,friendship,2,0.15
130,3,friendship,4,0.15
130,4,friendship,2,0.15
130,5,friendship,6,0.15
130,6,friendship,8,0.15
130,7,friendship,14,0.15
130,8,friendship,8,0.15
130,9,friendship,9,0.15
130,10,friendship,6,0.15
130,11,friendship,10,0.15
130,12,friendship,13,0.15
130,13,friendship,5,0.15
130,14,friendship,11,0.15
130,15,friendship,15,0.15
130,16,friendship,14,0.15
130,17,friendship,6,0.15
130,18,friendship,9,0.15
130,19,friendship,2,0.15
130,20,friendship,1,0.15
131,2,friendship,1,0.15
131,3,friendship,8,0.15
131,4,friendship,9,0.15
131,5,friendship,7,0.15
131,6,friendship,10,0.15
131,7,friendship,14,0.15
131,8,friendship,15,0.15
131,9,friendship,24,0.15
131,10,friendship,27,0.15
131,11,friendship,17,0.15
131,12,friendship,13,0.15
131,13,friendship,13,0.15
131,14,friendship,4,0.15
131,15,friendship,2,0.15
132,1,friendship,1,0.15
132,2,friendship,1,0.15
132,3,friendship,6,0.15
132,4,friendship,4,0.15
132,5,friendship,9,0.15
132,6,friendship,12,0.15
132,7,friendship,13,0.15
132,8,friendship,19,0.15
132,9,friendship,23,0.15
132,10,friendship,16,0.15
132,11,friendship,13,0.15
132,12,friendship,12,0.15
132,13,friendship,6,0.15
132,14,friendship,3,0.15
132,15,friendship,2,0.15
132,16,friendship,3,0.15
132,17,friendship,1,0.15
132,19,friendship,1,0.15
132,21,friendship,1,0.15
133,1,friendship,1,0.15
133,2,friendship,3,0.15
133,3,friendship,8,0.15
133,4,friendship,8,0.15
133,5,friendship,15,0.15
133,6,friendship,16,0.15
133,7,friendship,20,0.15
133,8,friendship,10,0.15
133,9,friendship,16,0.15
133,10,friendship,16,0.15
133,11,friendship,12,0.15
133,12,friendship,9,0.15
133,13,friendship,8,0.15
133,14,friendship,4,0.15
133,16,friendship,1,0.15
133,17,friendship,1,0.15
134,2,friendship,1,0.15
134,3,friendship,1,0.15
134,4,friendship,2,0.15
134,6,friendship,4,0.15
134,7,friendship,3,0.15
134,8,friendship,6,0.15
134,9,friendship,5,0.15
134,10,friendship,12,0.15
134,11,friendship,5,0.15
134,12,friendship,6,0.15
134,13,friendship,8,0.15
134,14,friendship,5,0.15
134,15,friendship,7,0.15
134,16,friendship,14,0.15
134,17,friendship,10,0.15
134,18,friendship,22,0.15
134,19,friendship,12,0.15
134,20,friendship,12,0.15
134,21,friendship,8,0.15
134,22,friendship,1,0.15
135,1,friendship,1,0.15
135,2,friendship,2,0.15
135,3,friendship,4,0.15
135,4,friendship,7,0.15
135,5,friendship,15,0.15
135,6,friendship,23,0.15
135,7,friendship,16,0.15
135,8,friendship,27,0.15
135,9,friendship,27,0.15
135,10,friendship,9,0.15
135,11,friendship,14,0.15
135,12,friendship,11,0.15
135,13,friendship,3,0.15
135,14,friendship,3,0.15
135,15,friendship,4,0.15
135,16,friendship,3,0.15
135,17,friendship,2,0.15
136,4,friendship,1,0.15
136,5,friendship,3,0.15
136,6,friendship,5,0.15
136,7,friendship,9,0.15
136,8,friendship,7,0.15
136,9,friendship,27,0.15
136,10,friendship,19,0.15
136,11,friendship,21,0.15
136,12,friendship,11,0.15
136,13,friendship,12,0.15
136,14,friendship,11,0.15
136,15,friendship,5,0.15
136,16,friendship,8,0.15
136,17,friendship,6,0.15
136,18,friendship,3,0.15
136,19,friendship,2,0.15
136,20,friendship,1,0.15
137,2,friendship,2,0.15
137,3,friendship,7,0.15
137,4,friendship,8,0.15
137,5,friendship,10,0.15
137,6,friendship,5,0.15
137,7,friendship,14,0.15
137,8,friendship,20,0.15
137,9,friendship,10,0.15
137,10,friendship,15,0.15
137,11,friendship,9,0.15
137,12,friendship,12,0.15
137,13,friendship,5,0.15
137,14,friendship,7,0.15
137,15,friendship,5,0.15
138,2,friendship,1,0.15
138,3,friendship,1,0.15
138,5,friendship,3,0.15
138,6,friendship,3,0.15
138,7,friendship,7,0.15
138,8,friendship,16,0.15
138,9,friendship,15,0.15
138,10,friendship,17,0.15
138,11,friendship,14,0.15
138,12,friendship,20,0.15
138,13,friendship,22,0.15
138,14,friendship,21,0.15
138,15,friendship,9,0.15
138,16,friendship,11,0.15
138,17,friendship,6,0.15
138,18,friendship,3,0.15
138,19,friendship,1,0.15
138,21,friendship,1,0.15
139,1,friendship,1,0.15
139,2,friendship,6,0.15
139,3,friendship,5,0.15
139,4,friendship,12,0.15
139,5,friendship,19,0.15
139,6,friendship,21,0.15
139,7,friendship,28,0.15
139,8,friendship,25,0.15
139,9,friendship,26,0.15
139,10,friendship,13,0.15
139,11,friendship,5,0.15
139,12,friendship,2,0.15
139,13,friendship,1,0.15
139,14,friendship,1,0.15
140,3,friendship,1,0.15
140,5,friendship,1,0.15
140,6,friendship,1,0.15
140,7,friendship,2,0.15
140,8,friendship,2,0.15
140,9,friendship,5,0.15
140,10,friendship,8,0.15
140,11,friendship,16,0.15
140,12,friendship,15,0.15
140,13,friendship,11,0.15
140,14,friendship,19,0.15
140,15,friendship,21,0.15
140,16,friendship,16,0.15
140,17,friendship,19,0.15
140,18,friendship,10,0.15
140,19,friendship,8,0.15
140,20,friendship,2,0.15
140,21,friendship,1,0.15
141,2,friendship,3,0.15
141,3,friendship,2,0.15
141,4,friendship,4,0.15
141,5,friendship,5,0.15
141,6,friendship,11,0.15
141,7,friendship,13,0.15
141,8,friendship,11,0.15
141,9,friendship,19,0.15
141,10,friendship,16,0.15
141,11,friendship,14,0.15
141,12,friendship,17,0.15
141,13,friendship,8,0.15
141,14,friendship,9,0.15
141,15,friendship,8,0.15
141,16,friendship,5,0.15
141,17,friendship,4,0.15
141,18,friendship,7,0.15
141,19,friendship,2,0.15
141,20,friendship,1,0.15
141,22,friendship,1,0.15
142,2,friendship,4,0.15
142,3,friendship,4,0.15
142,4,friendship,6,0.15
142,5,friendship,10,0.15
142,6,friendship,22,0.15
142,7,friendship,26,0.15
142,8,friendship,29,0.15
142,9,friendship,25,0.15
142,10,friendship,23,0.15
142,11,friendship,11,0.15
142,12,friendship,6,0.15
142,13,friendship,2,0.15
143,2,friendship,1,0.15
143,3,friendship,2,0.15
143,4,friendship,5,0.15
143,5,friendship,5,0.15
143,6,friendship,11,0.15
143,7,friendship,13,0.15
143,8,friendship,15,0.15
143,9,friendship,19,0.15
143,10,friendship,13,0.15
143,11,friendship,22,0.15
143,12,friendship,18,0.15
143,13,friendship,11,0.15
143,14,friendship,9,0.15
143,15,friendship,9,0.15
143,16,friendship,6,0.15
143,17,friendship,3,0.15
143,18,friendship,1,0.15
143,20,friendship,1,0.15
144,1,friendship,1,0.15
144,2,friendship,1,0.15
144,3,friendship,5,0.15
144,4,friendship,6,0.15
144,5,friendship,6,0.15
144,6,friendship,4,0.15
144,7,friendship,6,0.15
144,8,friendship,6,0.15
144,9,friendship,3,0.15
144,10,friendship,8,0.15
144,11,friendship,1,0.15
144,12,friendship,3,0.15
144,13,friendship,1,0.15
144,14,friendship,4,0.15
144,15,friendship,1,0.15
145,3,friendship,8,0.15
145,4,friendship,8,0.15
145,5,friendship,12,0.15
145,6,friendship,24,0.15
145,7,friendship,19,0.15
145,8,friendship,24,0.15
145,9,friendship,23,0.15
145,10,friendship,10,0.15
145,11,friendship,9,0.15
145,12,friendship,10,0.15
145,13,friendship,5,0.15
145,14,friendship,3,0.15
145,15,friendship,3,0.15
145,16,friendship,1,0.15
145,17,friendship,1,0.15
145,18,friendship,2,0.15
146,3,friendship,2,0.15
146,4,friendship,13,0.15
146,5,friendship,11,0.15
146,6,friendship,15,0.15
146,7,friendship,12,0.15
146,8,friendship,20,0.15
146,9,friendship,17,0.15
146,10,friendship,24,0.15
146,11,friendship,9,0.15
146,12,friendship,11,0.15
146,13,friendship,10,0.15
146,14,friendship,4,0.15
146,15,friendship,4,0.15
146,17,friendship,2,0.15
147,2,friendship,2,0.15
147,3,friendship,4,0.15
147,4,friendship,6,0.15
147,5,friendship,10,0.15
147,6,friendship,14,0.15
147,7,friendship,18,0.15
147,8,friendship,18,0.15
147,9,friendship,23,0.15
147,10,friendship,17,0.15
147,11,friendship,12,0.15
147,12,friendship,14,0.15
147,13,friendship,11,0.15
147,14,friendship,6,0.15
147,16,friendship,5,0.15
147,17,friendship,1,0.15
147,18,friendship,3,0.15
147,19,friendship,1,0.15
148,1,friendship,1,0.15
148,3,friendship,1,0.15
148,4,friendship,3,0.15
148,5,friendship,6,0.15
148,6,friendship,11,0.15
148,7,friendship,15,0.15
148,8,friendship,25,0.15
148,9,friendship,26,0.15
148,10,friendship,21,0.15
148,11,friendship,11,0.15
148,12,friendship,14,0.15
148,13,friendship,7,0.15
148,14,friendship,7,0.15
148,15,friendship,7,0.15
148,16,friendship,3,0.15
148,17,friendship,1,0.15
148,18,friendship,1,0.15
149,2,friendship,1,0.15
149,3,friendship,5,0.15
149,4,friendship,4,0.15
149,5,friendship,6,0.15
149,6,friendship,10,0.15
149,7,friendship,14,0.15
149,8,friendship,10,0.15
149,9,friendship,18,0.15
149,10,friendship,18,0.15
149,11,friendship,16,0.15
149,12,friendship,21,0.15
149,13,friendship,15,0.15
149,14,friendship,7,0.15
149,15,friendship,7,0.15
149,16,friendship,8,0.15
149,17,friendship,2,0.15
150,2,friendship,1,0.15
150,3,friendship,3,0.15
150,4,friendship,4,0.15
150,5,friendship,5,0.15
150,6,friendship,3,0.15
150,7,friendship,4,0.15
150,8,friendship,3,0.15
150,9,friendship,7,0.15
150,10,friendship,11,0.15
150,11,friendship,4,0.15
150,12,friendship,13,0.15
150,13,friendship,19,0.15
150,14,friendship,18,0.15
150,15,friendship,19,0.15
150,16,friendship,12,0.15
150,17,friendship,9,0.15
150,18,friendship,3,0.15
150,19,friendship,3,0.15
150,20,friendship,6,0.15
150,22,friendship,2,0.15
151,3,friendship,3,0.15
151,4,friendship,1,0.15
151,5,friendship,1,0.15
151,6,friendship,4,0.15
151,7,friendship,2,0.15
151,8,friendship,9,0.15
151,9,friendship,11,0.15
151,10,friendship,13,0.15
151,11,friendship,17,0.15
151,12,friendship,19,0.15
151,13,friendship,20,0.15
151,14,friendship,15,0.15
151,15,friendship,19,0.15
151,16,friendship,10,0.15
151,17,friendship,9,0.15
151,18,friendship,5,0.15
151,19,friendship,2,0.15
152,2,friendship,3,0.15
152,3,friendship,3,0.15
152,4,friendship,2,0.15
152,5,friendship,10,0.15
152,6,friendship,8,0.15
152,7,friendship,16,0.15
152,8,friendship,17,0.15
152,9,friendship,22,0.15
152,10,friendship,12,0.15
152,11,friendship,14,0.15
152,12,friendship,13,0.15
152,13,friendship,11,0.15
152,14,friendship,7,0.15
152,15,friendship,9,0.15
152,16,friendship,4,0.15
152,17,friendship,5,0.15
152,18,friendship,1,0.15
152,19,friendship,1,0.15
152,20,friendship,1,0.15
153,4,friendship,1,0.15
153,7,friendship,4,0.15
153,8,friendship,2,0.15
153,9,friendship,2,0.15
153,10,friendship,5,0.15
153,11,friendship,6,0.15
153,12,friendship,9,0.15
153,13,friendship,13,0.15
153,14,friendship,17,0.15
153,15,friendship,18,0.15
153,16,friendship,19,0.15
153,17,friendship,18,0.15
153,18,friendship,18,0.15
153,19,friendship,10,0.15
153,20,friendship,11,0.15
153,21,friendship,4,0.15
153,22,friendship,1,0.15
154,2,friendship,1,0.15
154,3,friendship,2,0.15
154,4,friendship,5,0.15
154,5,friendship,9,0.15
154,6,friendship,10,0.15
154,7,friendship,11,0.15
154,8,friendship,13,0.15
154,9,friendship,10,0.15
154,10,friendship,14,0.15
154,11,friendship,12,0.15
154,12,friendship,16,0.15
154,13,friendship,15,0.15
154,14,friendship,10,0.15
154,15,friendship,8,0.15
154,16,friendship,6,0.15
154,17,friendship,3,0.15
154,18,friendship,7,0.15
154,19,friendship,5,0.15
154,20,friendship,5,0.15
154,21,friendship,3,0.15
154,22,friendship,2,0.15
155,2,friendship,1,0.15
155,3,friendship,3,0.15
155,4,friendship,4,0.15
155,5,friendship,1,0.15
155,6,friendship,3,0.15
155,7,friendship,1,0.15
155,8,friendship,5,0.15
155,9,friendship,4,0.15
155,10,friendship,7,0.15
155,11,friendship,6,0.15
155,12,friendship,8,0.15
155,13,friendship,9,0.15
155,14,friendship,12,0.15
155,15,friendship,18,0.15
155,16,friendship,14,0.15
155,17,friendship,18,0.15
155,18,friendship,11,0.15
155,19,friendship,8,0.15
155,20,friendship,4,0.15
155,21,friendship,2,0.15
155,22,friendship,3,0.15
156,2,friendship,1,0.15
156,3,friendship,3,0.15
156,4,friendship,7,0.15
156,5,friendship,19,0.15
156,6,friendship,21,0.15
156,7,friendship,23,0.15
156,8,friendship,11,0.15
156,9,friendship,15,0.15
156,10,friendship,8,0.15
156,11,friendship,11,0.15
156,12,friendship,13,0.15
156,13,friendship,10,0.15
156,14,friendship,16,0.15
156,15,friendship,8,0.15
156,16,friendship,1,0.15
156,17,friendship,2,0.15
157,1,friendship,1,0.15
157,2,friendship,1,0.15
157,3,friendship,1,0.15
158,2,friendship,1,0.15
158,3,friendship,3,0.15
158,4,friendship,6,0.15
158,5,friendship,8,0.15
158,6,friendship,9,0.15
158,7,friendship,19,0.15
158,8,friendship,20,0.15
158,9,friendship,20,0.15
158,10,friendship,27,0.15
158,11,friendship,25,0.15
158,12,friendship,15,0.15
158,13,friendship,5,0.15
158,14,friendship,5,0.15
158,15,friendship,1,0.15
158,16,friendship,1,0.15
159,1,friendship,1,0.15
159,2,friendship,1,0.15
159,3,friendship,6,0.15
159,4,friendship,17,0.15
159,5,friendship,12,0.15
159,6,friendship,16,0.15
159,7,friendship,35,0.15
159,8,friendship,25,0.15
159,9,friendship,21,0.15
159,10,friendship,15,0.15
159,11,friendship,12,0.15
159,12,friendship,4,0.15
159,13,friendship,1,0.15
159,14,friendship,1,0.15
159,17,friendship,1,0.15
160,2,friendship,2,0.15
160,3,friendship,9,0.15
160,4,friendship,8,0.15
160,5,friendship,10,0.15
160,6,friendship,22,0.15
160,7,friendship,15,0.15
160,8,friendship,21,0.15
160,9,friendship,9,0.15
160,10,friendship,23,0.15
160,11,friendship,15,0.15
160,12,friendship,10,0.15
160,13,friendship,6,0.15
160,14,friendship,3,0.15
161,2,friendship,2,0.15
161,3,friendship,6,0.15
161,4,friendship,11,0.15
161,5,friendship,18,0.15
161,6,friendship,20,0.15
161,7,friendship,28,0.15
161,8,friendship,17,0.15
161,9,friendship,15,0.15
161,10,friendship,17,0.15
161,11,friendship,15,0.15
161,12,friendship,8,0.15
161,13,friendship,2,0.15
161,14,friendship,3,0.15
161,15,friendship,1,0.15
162,3,friendship,1,0.15
162,4,friendship,4,0.15
162,5,friendship,1,0.15
162,6,friendship,8,0.15
162,7,friendship,12,0.15
162,8,friendship,17,0.15
162,9,friendship,25,0.15
162,10,friendship,27,0.15
162,11,friendship,25,0.15
162,12,friendship,15,0.15
162,13,friendship,12,0.15
162,14,friendship,19,0.15
162,15,friendship,5,0.15
162,16,friendship,2,0.15
163,1,friendship,3,0.15
163,2,friendship,8,0.15
163,3,friendship,6,0.15
163,4,friendship,11,0.15
163,5,friendship,17,0.15
163,6,friendship,9,0.15
163,7,friendship,19,0.15
163,8,friendship,20,0.15
163,9,friendship,16,0.15
163,10,friendship,13,0.15
163,11,friendship,11,0.15
163,12,friendship,12,0.15
163,13,friendship,14,0.15
163,14,friendship,7,0.15
163,15,friendship,3,0.15
163,16,friendship,1,0.15
163,17,friendship,1,0.15
163,18,friendship,2,0.15
164,1,friendship,1,0.15
164,2,friendship,3,0.15
164,3,friendship,8,0.15
164,4,friendship,7,0.15
164,5,friendship,15,0.15
164,6,friendship,23,0.15
164,7,friendship,16,0.15
164,8,friendship,24,0.15
164,9,friendship,15,0.15
164,10,friendship,9,0.15
164,11,friendship,11,0.15
164,12,friendship,8,0.15
164,13,friendship,7,0.15
164,14,friendship,8,0.15
164,15,friendship,6,0.15
164,16,friendship,2,0.15
164,17,friendship,3,0.15
164,18,friendship,1,0.15
165,2,friendship,1,0.15
165,3,friendship,6,0.15
165,4,friendship,6,0.15
165,5,friendship,9,0.15
165,6,friendship,20,0.15
165,7,friendship,17,0.15
165,8,friendship,20,0.15
165,9,friendship,22,0.15
165,10,friendship,10,0.15
165,11,friendship,22,0.15
165,12,friendship,11,0.15
165,13,friendship,10,0.15
165,14,friendship,12,0.15
165,15,friendship,5,0.15
166,2,friendship,4,0.15
166,3,friendship,11,0.15
166,4,friendship,11,0.15
166,5,friendship,20,0.15
166,6,friendship,23,0.15
166,7,friendship,26,0.15
166,8,friendship,21,0.15
166,9,friendship,19,0.15
166,10,friendship,15,0.15
166,11,friendship,11,0.15
166,12,friendship,5,0.15
166,13,friendship,5,0.15
166,14,friendship,1,0.15
166,15,friendship,1,0.15
166,16,friendship,1,0.15
167,2,friendship,1,0.15
167,3,friendship,1,0.15
167,4,friendship,2,0.15
167,5,friendship,1,0.15
167,6,friendship,6,0.15
167,7,friendship,12,0.15
167,8,friendship,6,0.15
167,9,friendship,8,0.15
167,10,friendship,16,0.15
167,11,friendship,18,0.15
167,12,friendship,20,0.15
167,13,friendship,21,0.15
167,14,friendship,14,0.15
167,15,friendship,16,0.15
167,16,friendship,9,0.15
167,17,friendship,3,0.15
167,18,friendship,3,0.15
167,19,friendship,3,0.15
168,2,friendship,3,0.15
168,3,friendship,3,0.15
168,4,friendship,12,0.15
168,5,friendship,12,0.15
168,6,friendship,12,0.15
168,7,friendship,18,0.15
168,8,friendship,12,0.15
168,9,friendship,14,0.15
168,10,friendship,14,0.15
168,11,friendship,6,0.15
168,12,friendship,16,0.15
168,13,friendship,10,0.15
168,14,friendship,12,0.15
168,15,friendship,7,0.15
168,16,friendship,6,0.15
168,17,friendship,3,0.15
168,18,friendship,1,0.15
169,2,friendship,1,0.15
169,3,friendship,6,0.15
169,4,friendship,6,0.15
169,5,friendship,7,0.15
169,6,friendship,9,0.15
169,7,friendship,28,0.15
169,8,friendship,28,0.15
169,9,friendship,23,0.15
169,10,friendship,20,0.15
169,11,friendship,12,0.15
169,12,friendship,7,0.15
169,13,friendship,8,0.15
169,14,friendship,2,0.15
169,17,friendship,1,0.15
170,1,friendship,1,0.15
170,2,friendship,3,0.15
170,3,friendship,8,0.15
170,4,friendship,6,0.15
170,5,friendship,12,0.15
170,6,friendship,19,0.15
170,7,friendship,20,0.15
170,8,friendship,19,0.15
170,9,friendship,28,0.15
170,10,friendship,10,0.15
170,11,friendship,8,0.15
170,12,friendship,5,0.15
170,13,friendship,6,0.15
170,14,friendship,2,0.15
170,15,friendship,4,0.15
170,18,friendship,2,0.15
170,19,friendship,2,0.15
170,20,friendship,1,0.15
170,22,friendship,1,0.15
171,2,friendship,1,0.15
171,3,friendship,10,0.15
171,4,friendship,10,0.15
171,5,friendship,17,0.15
171,6,friendship,29,0.15
171,7,friendship,24,0.15
171,8,friendship,14,0.15
171,9,friendship,15,0.15
171,10,friendship,9,0.15
171,11,friendship,14,0.15
171,12,friendship,7,0.15
171,13,friendship,8,0.15
171,14,friendship,5,0.15
171,15,friendship,4,0.15
171,16,friendship,1,0.15
172,3,friendship,1,0.15
172,4,friendship,1,0.15
172,5,friendship,2,0.15
172,6,friendship,1,0.15
172,7,friendship,8,0.15
172,8,friendship,11,0.15
172,9,friendship,7,0.15
172,10,friendship,13,0.15
172,11,friendship,19,0.15
172,12,friendship,24,0.15
172,13,friendship,23,0.15
172,14,friendship,20,0.15
172,15,friendship,14,0.15
172,16,friendship,11,0.15
172,17,friendship,6,0.15
172,18,friendship,2,0.15
172,19,friendship,2,0.15
172,20,friendship,1,0.15
172,21,friendship,1,0.15
173,2,friendship,3,0.15
173,3,friendship,3,0.15
173,4,friendship,14,0.15
173,5,friendship,18,0.15
173,6,friendship,17,0.15
173,7,friendship,27,0.15
173,8,friendship,19,0.15
173,9,friendship,18,0.15
173,10,friendship,16,0.15
173,11,friendship,14,0.15
173,12,friendship,9,0.15
173,13,friendship,3,0.15
173,14,friendship,4,0.15
173,15,friendship,2,0.15
173,16,friendship,3,0.15
174,3,friendship,4,0.15
174,4,friendship,5,0.15
174,5,friendship,12,0.15
174,6,friendship,16,0.15
174,7,friendship,21,0.15
174,8,friendship,31,0.15
174,9,friendship,21,0.15
174,10,friendship,19,0.15
174,11,friendship,13,0.15
174,12,friendship,9,0.15
174,13,friendship,6,0.15
174,14,friendship,1,0.15
174,15,friendship,2,0.15
174,16,friendship,1,0.15
175,1,friendship,1,0.15
175,2,friendship,3,0.15
175,3,friendship,5,0.15
175,4,friendship,8,0.15
175,5,friendship,7,0.15
175,6,friendship,16,0.15
175,7,friendship,9,0.15
175,8,friendship,17,0.15
175,9,friendship,21,0.15
175,10,friendship,8,0.15
175,11,friendship,11,0.15
175,12,friendship,11,0.15
175,13,friendship,11,0.15
175,14,friendship,14,0.15
175,15,friendship,6,0.15
175,16,friendship,10,0.15
175,17,friendship,2,0.15
175,18,friendship,3,0.15
175,19,friendship,3,0.15
176,2,friendship,1,0.15
176,3,friendship,1,0.15
176,4,friendship,3,0.15
176,5,friendship,8,0.15
176,6,friendship,7,0.15
176,7,friendship,8,0.15
176,8,friendship,8,0.15
176,9,friendship,14,0.15
176,10,friendship,14,0.15
176,11,friendship,16,0.15
176,12,friendship,17,0.15
176,13,friendship,19,0.15
176,14,friendship,8,0.15
176,15,friendship,17,0.15
176,16,friendship,7,0.15
176,17,friendship,2,0.15
176,18,friendship,5,0.15
177,1,friendship,1,0.15
177,2,friendship,1,0.15
177,3,friendship,4,0.15
177,4,friendship,7,0.15
177,5,friendship,3,0.15
177,6,friendship,6,0.15
177,7,friendship,12,0.15
177,8,friendship,11,0.15
177,9,friendship,18,0.15
177,10,friendship,16,0.15
177,11,friendship,11,0.15
177,12,friendship,7,0.15
177,13,friendship,8,0.15
177,14,friendship,6,0.15
177,15,friendship,5,0.15
177,16,friendship,1,0.15
177,17,friendship,3,0.15
177,18,friendship,5,0.15
177,19,friendship,6,0.15
177,20,friendship,2,0.15
177,21,friendship,2,0.15
178,2,friendship,2,0.15
178,3,friendship,2,0.15
178,4,friendship,1,0.15
178,5,friendship,6,0.15
178,6,friendship,7,0.15
178,7,friendship,10,0.15
178,8,friendship,8,0.15
178,9,friendship,17,0.15
178,10,friendship,24,0.15
178,11,friendship,12,0.15
178,12,friendship,19,0.15
178,13,friendship,17,0.15
178,14,friendship,12,0.15
178,15,friendship,12,0.15
178,16,friendship,4,0.15
178,17,friendship,4,0.15
178,18,friendship,5,0.15
178,19,friendship,1,0.15
178,20,friendship,1,0.15
179,3,friendship,1,0.15
179,5,friendship,2,0.15
179,6,friendship,4,0.15
179,7,friendship,8,0.15
179,8,friendship,17,0.15
179,9,friendship,12,0.15
179,10,friendship,32,0.15
179,11,friendship,21,0.15
179,12,friendship,22,0.15
179,13,friendship,17,0.15
179,14,friendship,7,0.15
179,15,friendship,15,0.15
179,16,friendship,6,0.15
179,17,friendship,3,0.15
179,18,friendship,3,0.15
179,19,friendship,1,0.15
180,1,friendship,1,0.15
180,2,friendship,2,0.15
180,3,friendship,6,0.15
180,4,friendship,15,0.15
180,5,friendship,23,0.15
180,6,friendship,24,0.15
180,7,friendship,16,0.15
180,8,friendship,15,0.15
180,9,friendship,12,0.15
180,10,friendship,10,0.15
180,11,friendship,11,0.15
180,12,friendship,6,0.15
180,13,friendship,5,0.15
180,14,friendship,6,0.15
180,15,friendship,2,0.15
180,16,friendship,4,0.15
180,17,friendship,2,0.15
180,18,friendship,2,0.15
180,20,friendship,3,0.15
181,3,friendship,3,0.15
181,4,friendship,4,0.15
181,5,friendship,3,0.15
181,6,friendship,3,0.15
181,7,friendship,5,0.15
181,8,friendship,9,0.15
181,9,friendship,9,0.15
181,10,friendship,16,0.15
181,11,friendship,18,0.15
181,12,friendship,18,0.15
181,13,friendship,21,0.15
181,14,friendship,16,0.15
181,15,friendship,18,0.15
181,16,friendship,6,0.15
181,17,friendship,2,0.15
181,18,friendship,6,0.15
181,19,friendship,1,0.15
181,21,friendship,1,0.15
182,2,friendship,6,0.15
182,3,friendship,3,0.15
182,4,friendship,13,0.15
182,5,friendship,10,0.15
182,6,friendship,13,0.15
182,7,friendship,24,0.15
182,8,friendship,23,0.15
182,9,friendship,21,0.15
182,10,friendship,14,0.15
182,11,friendship,10,0.15
182,12,friendship,8,0.15
182,13,friendship,9,0.15
182,14,friendship,7,0.15
182,15,friendship,8,0.15
182,16,friendship,4,0.15
182,17,friendship,2,0.15
182,18,friendship,1,0.15
183,1,friendship,1,0.15
183,3,friendship,6,0.15
183,4,friendship,9,0.15
183,5,friendship,9,0.15
183,6,friendship,11,0.15
183,7,friendship,30,0.15
183,8,friendship,16,0.15
183,9,friendship,22,0.15
183,10,friendship,16,0.15
183,11,friendship,8,0.15
183,12,friendship,3,0.15
183,13,friendship,2,0.15
183,14,friendship,8,0.15
183,15,friendship,2,0.15
183,16,friendship,3,0.15
183,17,friendship,1,0.15
184,2,friendship,6,0.15
184,3,friendship,9,0.15
184,4,friendship,12,0.15
184,5,friendship,12,0.15
184,6,friendship,20,0.15
184,7,friendship,14,0.15
184,8,friendship,10,0.15
184,9,friendship,11,0.15
184,10,friendship,10,0.15
184,11,friendship,11,0.15
184,12,friendship,8,0.15
184,13,friendship,6,0.15
184,14,friendship,4,0.15
184,15,friendship,4,0.15
184,16,friendship,4,0.15
184,17,friendship,2,0.15
184,19,friendship,1,0.15
185,1,friendship,1,0.15
185,2,friendship,6,0.15
185,3,friendship,8,0.15
185,4,friendship,19,0.15
185,5,friendship,27,0.15
185,6,friendship,32,0.15
185,7,friendship,23,0.15
185,8,friendship,23,0.15
185,9,friendship,8,0.15
185,10,friendship,16,0.15
185,11,friendship,4,0.15
185,12,friendship,2,0.15
185,13,friendship,1,0.15
185,14,friendship,4,0.15
186,1,friendship,4,0.15
186,2,friendship,2,0.15
186,3,friendship,6,0.15
186,4,friendship,15,0.15
186,5,friendship,20,0.15
186,6,friendship,18,0.15
186,7,friendship,29,0.15
186,8,friendship,20,0.15
186,9,friendship,19,0.15
186,10,friendship,13,0.15
186,11,friendship,4,0.15
186,12,friendship,3,0.15
186,13,friendship,2,0.15
186,14,friendship,1,0.15
187,1,friendship,1,0.15
187,3,friendship,1,0.15
187,4,friendship,4,0.15
187,5,friendship,2,0.15
187,6,friendship,10,0.15
187,7,friendship,17,0.15
187,8,friendship,17,0.15
187,9,friendship,15,0.15
187,10,friendship,23,0.15
187,11,friendship,22,0.15
187,12,friendship,17,0.15
187,13,friendship,11,0.15
187,14,friendship,8,0.15
187,15,friendship,4,0.15
187,16,friendship,5,0.15
187,18,friendship,4,0.15
187,19,friendship,1,0.15
187,20,friendship,1,0.15
188,2,friendship,3,0.15
188,3,friendship,4,0.15
188,4,friendship,5,0.15
188,5,friendship,4,0.15
188,6,friendship,10,0.15
188,7,friendship,7,0.15
188,8,friendship,16,0.15
188,9,friendship,13,0.15
188,10,friendship,15,0.15
188,11,friendship,9,0.15
188,12,friendship,14,0.15
188,13,friendship,12,0.15
188,14,friendship,11,0.15
188,15,friendship,12,0.15
188,16,friendship,7,0.15
188,17,friendship,7,0.15
188,18,friendship,3,0.15
188,19,friendship,3,0.15
188,20,friendship,1,0.15
188,21,friendship,2,0.15
188,22,friendship,1,0.15
189,2,friendship,1,0.15
189,4,friendship,2,0.15
189,6,friendship,3,0.15
189,7,friendship,5,0.15
189,8,friendship,7,0.15
189,9,friendship,16,0.15
189,10,friendship,15,0.15
189,11,friendship,15,0.15
189,12,friendship,6,0.15
189,13,friendship,15,0.15
189,14,friendship,13,0.15
189,15,friendship,11,0.15
189,16,friendship,8,0.15
189,17,friendship,12,0.15
189,18,friendship,14,0.15
189,19,friendship,8,0.15
189,20,friendship,8,0.15
189,21,friendship,4,0.15
189,22,friendship,1,0.15
190,1,friendship,1,0.15
190,2,friendship,5,0.15
190,3,friendship,11,0.15
190,4,friendship,19,0.15
190,5,friendship,22,0.15
190,6,friendship,13,0.15
190,7,friendship,15,0.15
190,8,friendship,9,0.15
190,9,friendship,20,0.15
190,10,friendship,18,0.15
190,11,friendship,13,0.15
190,12,friendship,8,0.15
190,13,friendship,8,0.15
190,14,friendship,2,0.15
190,16,friendship,1,0.15
190,17,friendship,1,0.15
191,2,friendship,1,0.15
191,3,friendship,5,0.15
191,4,friendship,2,0.15
191,5,friendship,8,0.15
191,6,friendship,10,0.15
191,7,friendship,9,0.15
191,8,friendship,14,0.15
191,9,friendship,13,0.15
191,10,friendship,12,0.15
191,11,friendship,11,0.15
191,12,friendship,13,0.15
191,13,friendship,12,0.15
191,14,friendship,15,0.15
191,15,friendship,11,0.15
191,16,friendship,5,0.15
191,17,friendship,5,0.15
191,18,friendship,6,0.15
191,19,friendship,2,0.15
191,21,friendship,2,0.15
192,1,friendship,1,0.15
192,2,friendship,1,0.15
192,3,friendship,1,0.15
192,4,friendship,3,0.15
192,5,friendship,5,0.15
192,6,friendship,15,0.15
192,7,friendship,14,0.15
192,8,friendship,20,0.15
192,9,friendship,23,0.15
192,10,friendship,17,0.15
192,11,friendship,16,0.15
192,12,friendship,7,0.15
192,13,friendship,4,0.15
192,14,friendship,4,0.15
192,15,friendship,6,0.15
192,16,friendship,2,0.15
192,17,friendship,2,0.15
192,20,friendship,1,0.15
193,4,friendship,1,0.15
193,5,friendship,2,0.15
193,6,friendship,5,0.15
193,7,friendship,7,0.15
193,8,friendship,8,0.15
193,9,friendship,14,0.15
193,10,friendship,27,0.15
193,11,friendship,15,0.15
193,12,friendship,16,0.15
193,13,friendship,9,0.15
193,14,friendship,13,0.15
193,15,friendship,12,0.15
193,16,friendship,3,0.15
193,17,friendship,9,0.15
193,18,friendship,3,0.15
193,19,friendship,8,0.15
193,20,friendship,1,0.15
193,21,friendship,6,0.15
193,22,friendship,1,0.15
194,3,friendship,2,0.15
194,4,friendship,7,0.15
194,5,friendship,8,0.15
194,6,friendship,7,0.15
194,7,friendship,11,0.15
194,8,friendship,18,0.15
194,9,friendship,20,0.15
194,10,friendship,15,0.15
194,11,friendship,12,0.15
194,12,friendship,11,0.15
194,13,friendship,13,0.15
194,14,friendship,11,0.15
194,15,friendship,13,0.15
194,16,friendship,5,0.15
194,17,friendship,7,0.15
194,18,friendship,2,0.15
194,19,friendship,3,0.15
194,20,friendship,3,0.15
195,1,friendship,1,0.15
195,2,friendship,1,0.15
195,3,friendship,6,0.15
195,4,friendship,4,0.15
195,5,friendship,8,0.15
195,6,friendship,17,0.15
195,7,friendship,24,0.15
195,8,friendship,20,0.15
195,9,friendship,26,0.15
195,10,friendship,33,0.15
195,11,friendship,17,0.15
195,12,friendship,10,0.15
195,13,friendship,4,0.15
195,14,friendship,1,0.15
196,3,friendship,2,0.15
196,4,friendship,7,0.15
196,5,friendship,14,0.15
196,6,friendship,11,0.15
196,7,friendship,17,0.15
196,8,friendship,15,0.15
196,9,friendship,19,0.15
196,10,friendship,16,0.15
196,11,friendship,18,0.15
196,12,friendship,10,0.15
196,13,friendship,6,0.15
196,14,friendship,8,0.15
196,15,friendship,3,0.15
196,16,friendship,1,0.15
197,2,friendship,2,0.15
197,3,friendship,4,0.15
197,4,friendship,4,0.15
197,5,friendship,10,0.15
197,6,friendship,25,0.15
197,7,friendship,13,0.15
197,8,friendship,15,0.15
197,9,friendship,26,0.15
197,10,friendship,18,0.15
197,11,friendship,16,0.15
197,12,friendship,15,0.15
197,13,friendship,6,0.15
197,14,friendship,6,0.15
197,15,friendship,1,0.15
197,16,friendship,2,0.15
197,17,friendship,1,0.15
197,18,friendship,1,0.15
197,19,friendship,1,0.15
198,3,friendship,1,0.15
198,4,friendship,2,0.15
198,5,friendship,5,0.15
198,6,friendship,9,0.15
198,7,friendship,9,0.15
198,8,friendship,11,0.15
198,9,friendship,17,0.15
198,10,friendship,20,0.15
198,11,friendship,20,0.15
198,12,friendship,25,0.15
198,13,friendship,12,0.15
198,14,friendship,8,0.15
198,15,friendship,10,0.15
198,16,friendship,4,0.15
198,18,friendship,1,0.15
198,19,friendship,3,0.15
198,21,friendship,2,0.15
199,1,friendship,1,0.15
199,2,friendship,1,0.15
199,3,friendship,2,0.15
199,4,friendship,10,0.15
199,5,friendship,18,0.15
199,6,friendship,19,0.15
199,7,friendship,18,0.15
199,8,friendship,22,0.15
199,9,friendship,18,0.15
199,10,friendship,5,0.15
199,11,friendship,8,0.15
199,12,friendship,4,0.15
199,13,friendship,4,0.15
199,15,friendship,1,0.15
200,2,friendship,2,0.15
200,3,friendship,2,0.15
200,4,friendship,6,0.15
200,5,friendship,6,0.15
200,6,friendship,15,0.15
200,7,friendship,10,0.15
200,8,friendship,16,0.15
200,9,friendship,16,0.15
200,10,friendship,24,0.15
200,11,friendship,21,0.15
200,12,friendship,18,0.15
200,13,friendship,11,0.15
200,14,friendship,10,0.15
200,15,friendship,6,0.15
200,16,friendship,4,0.15
200,17,friendship,4,0.15
200,18,friendship,1,0.15
201,3,friendship,2,0.15
201,4,friendship,1,0.15
201,5,friendship,3,0.15
201,6,friendship,5,0.15
201,7,friendship,8,0.15
201,8,friendship,10,0.15
201,9,friendship,10,0.15
201,10,friendship,7,0.15
201,11,friendship,16,0.15
201,12,friendship,18,0.15
201,13,friendship,17,0.15
201,14,friendship,11,0.15
201,15,friendship,14,0.15
201,16,friendship,12,0.15
201,17,friendship,6,0.15
201,18,friendship,1,0.15
201,19,friendship,3,0.15
201,22,friendship,1,0.15
202,1,friendship,1,0.15
202,3,friendship,1,0.15
203,2,friendship,1,0.15
203,3,friendship,7,0.15
203,4,friendship,11,0.15
203,5,friendship,15,0.15
203,6,friendship,18,0.15
203,7,friendship,33,0.15
203,8,friendship,20,0.15
203,9,friendship,20,0.15
203,10,friendship,19,0.15
203,11,friendship,11,0.15
203,12,friendship,6,0.15
203,13,friendship,9,0.15
203,14,friendship,2,0.15
203,15,friendship,2,0.15
203,18,friendship,1,0.15
204,2,friendship,2,0.15
204,3,friendship,1,0.15
204,4,friendship,1,0.15
204,5,friendship,2,0.15
204,6,friendship,4,0.15
204,7,friendship,7,0.15
204,8,friendship,17,0.15
204,9,friendship,17,0.15
204,10,friendship,21,0.15
204,11,friendship,20,0.15
204,12,friendship,26,0.15
204,13,friendship,17,0.15
204,14,friendship,12,0.15
204,15,friendship,6,0.15
204,16,friendship,11,0.15
204,17,friendship,1,0.15
204,18,friendship,2,0.15
204,19,friendship,1,0.15
205,1,friendship,1,0.15
205,2,friendship,3,0.15
205,3,friendship,3,0.15
205,4,friendship,5,0.15
205,5,friendship,6,0.15
205,6,friendship,8,0.15
205,7,friendship,10,0.15
205,8,friendship,15,0.15
205,9,friendship,24,0.15
205,10,friendship,13,0.15
205,11,friendship,15,0.15
205,12,friendship,10,0.15
205,13,friendship,6,0.15
205,14,friendship,4,0.15
205,15,friendship,6,0.15
205,16,friendship,4,0.15
205,17,friendship,9,0.15
205,18,friendship,2,0.15
205,19,friendship,9,0.15
205,20,friendship,2,0.15
205,22,friendship,4,0.15
206,2,friendship,1,0.15
206,3,friendship,2,0.15
206,4,friendship,2,0.15
206,5,friendship,8,0.15
206,6,friendship,23,0.15
206,7,friendship,17,0.15
206,8,friendship,25,0.15
206,9,friendship,23,0.15
206,10,friendship,20,0.15
206,11,friendship,18,0.15
206,12,friendship,12,0.15
206,13,friendship,6,0.15
206,14,friendship,4,0.15
206,15,friendship,1,0.15
207,1,friendship,1,0.15
207,3,friendship,3,0.15
207,4,friendship,10,0.15
207,5,friendship,15,0.15
207,6,friendship,22,0.15
207,7,friendship,19,0.15
207,8,friendship,15,0.15
207,9,friendship,11,0.15
207,10,friendship,10,0.15
207,11,friendship,15,0.15
207,12,friendship,19,0.15
207,13,friendship,6,0.15
207,14,friendship,3,0.15
207,15,friendship,6,0.15
207,16,friendship,1,0.15
207,17,friendship,2,0.15
207,18,friendship,2,0.15
208,1,friendship,2,0.15
208,2,friendship,2,0.15
208,3,friendship,9,0.15
208,4,friendship,11,0.15
208,5,friendship,21,0.15
208,6,friendship,16,0.15
208,7,friendship,11,0.15
208,8,friendship,12,0.15
208,9,friendship,13,0.15
208,10,friendship,10,0.15
208,11,friendship,18,0.15
208,12,friendship,9,0.15
208,13,friendship,10,0.15
208,14,friendship,6,0.15
208,15,friendship,7,0.15
208,16,friendship,2,0.15
208,17,friendship,3,0.15
208,18,friendship,1,0.15
209,1,friendship,1,0.15
209,4,friendship,4,0.15
209,5,friendship,2,0.15
209,6,friendship,2,0.15
209,7,friendship,3,0.15
209,8,friendship,4,0.15
209,9,friendship,6,0.15
209,10,friendship,7,0.15
209,11,friendship,12,0.15
209,12,friendship,12,0.15
209,13,friendship,13,0.15
209,14,friendship,14,0.15
209,15,friendship,14,0.15
209,16,friendship,13,0.15
209,17,friendship,6,0.15
209,18,friendship,11,0.15
209,19,friendship,4,0.15
209,20,friendship,3,0.15
209,21,friendship,2,0.15
210,1,friendship,1,0.15
210,2,friendship,2,0.15
210,3,friendship,5,0.15
210,4,friendship,5,0.15
210,5,friendship,12,0.15
210,6,friendship,12,0.15
210,7,friendship,17,0.15
210,8,friendship,21,0.15
210,9,friendship,17,0.15
210,10,friendship,15,0.15
210,11,friendship,14,0.15
210,12,friendship,13,0.15
210,13,friendship,14,0.15
210,14,friendship,7,0.15
210,15,friendship,4,0.15
210,16,friendship,4,0.15
210,19,friendship,2,0.15
210,20,friendship,1,0.15
210,21,friendship,1,0.15
211,1,friendship,1,0.15
211,2,friendship,7,0.15
211,3,friendship,9,0.15
211,4,friendship,16,0.15
211,5,friendship,19,0.15
211,6,friendship,19,0.15
211,7,friendship,10,0.15
211,8,friendship,16,0.15
211,9,friendship,15,0.15
211,10,friendship,14,0.15
211,11,friendship,11,0.15
211,12,friendship,10,0.15
211,13,friendship,5,0.15
211,14,friendship,5,0.15
211,15,friendship,2,0.15
211,16,friendship,2,0.15
211,17,friendship,1,0.15
212,3,friendship,6,0.15
212,4,friendship,5,0.15
212,5,friendship,4,0.15
212,6,friendship,20,0.15
212,7,friendship,7,0.15
212,8,friendship,13,0.15
212,9,friendship,15,0.15
212,10,friendship,18,0.15
212,11,friendship,14,0.15
212,12,friendship,14,0.15
212,13,friendship,11,0.15
212,14,friendship,8,0.15
212,15,friendship,4,0.15
212,16,friendship,2,0.15
212,17,friendship,4,0.15
212,18,friendship,4,0.15
212,19,friendship,8,0.15
212,20,friendship,2,0.15
212,21,friendship,7,0.15
212,22,friendship,1,0.15
213,4,friendship,5,0.15
213,5,friendship,2,0.15
213,6,friendship,6,0.15
213,7,friendship,5,0.15
213,8,friendship,12,0.15
213,9,friendship,9,0.15
213,10,friendship,16,0.15
213,11,friendship,15,0.15
213,12,friendship,19,0.15
213,13,friendship,23,0.15
213,14,friendship,24,0.15
213,15,friendship,13,0.15
213,16,friendship,4,0.15
213,17,friendship,2,0.15
213,18,friendship,1,0.15
214,1,friendship,1,0.15
214,2,friendship,1,0.15
214,3,friendship,2,0.15
214,4,friendship,2,0.15
214,5,friendship,1,0.15
214,6,friendship,3,0.15
214,7,friendship,13,0.15
214,8,friendship,15,0.15
214,9,friendship,17,0.15
214,10,friendship,20,0.15
214,11,friendship,14,0.15
214,12,friendship,14,0.15
214,13,friendship,15,0.15
214,14,friendship,10,0.15
214,15,friendship,13,0.15
214,16,friendship,13,0.15
214,17,friendship,8,0.15
214,18,friendship,3,0.15
214,20,friendship,1,0.15
214,21,friendship,2,0.15
215,2,friendship,3,0.15
215,3,friendship,4,0.15
215,4,friendship,5,0.15
215,5,friendship,7,0.15
215,6,friendship,7,0.15
215,7,friendship,15,0.15
215,8,friendship,11,0.15
215,9,friendship,20,0.15
215,10,friendship,20,0.15
215,11,friendship,22,0.15
215,12,friendship,14,0.15
215,13,friendship,17,0.15
215,14,friendship,11,0.15
215,15,friendship,3,0.15
215,16,friendship,4,0.15
215,17,friendship,4,0.15
215,18,friendship,1,0.15
215,21,friendship,1,0.15
216,1,friendship,1,0.15
216,3,friendship,4,0.15
216,4,friendship,4,0.15
216,5,friendship,4,0.15
216,6,friendship,8,0.15
216,7,friendship,9,0.15
216,8,friendship,12,0.15
216,9,friendship,23,0.15
216,10,friendship,15,0.15
216,11,friendship,22,0.15
216,12,friendship,12,0.15
216,13,friendship,16,0.15
216,14,friendship,12,0.15
216,15,friendship,7,0.15
216,16,friendship,3,0.15
216,17,friendship,3,0.15
217,1,friendship,1,0.15
217,2,friendship,2,0.15
217,3,friendship,8,0.15
217,4,friendship,11,0.15
217,5,friendship,11,0.15
217,6,friendship,13,0.15
217,7,friendship,14,0.15
217,8,friendship,24,0.15
217,9,friendship,24,0.15
217,10,friendship,25,0.15
217,11,friendship,13,0.15
217,12,friendship,9,0.15
217,13,friendship,6,0.15
217,14,friendship,1,0.15
217,15,friendship,3,0.15
217,16,friendship,1,0.15
218,1,friendship,1,0.15
218,4,friendship,1,0.15
218,5,friendship,1,0.15
218,6,friendship,1,0.15
218,7,friendship,2,0.15
218,8,friendship,6,0.15
218,9,friendship,1,0.15
218,10,friendship,11,0.15
218,11,friendship,10,0.15
218,12,friendship,15,0.15
218,13,friendship,23,0.15
218,14,friendship,23,0.15
218,15,friendship,29,0.15
218,16,friendship,16,0.15
218,17,friendship,16,0.15
218,18,friendship,7,0.15
218,19,friendship,5,0.15
218,20,friendship,3,0.15
219,2,friendship,1,0.15
219,3,friendship,1,0.15
219,4,friendship,2,0.15
219,5,friendship,5,0.15
219,6,friendship,7,0.15
219,7,friendship,18,0.15
219,8,friendship,25,0.15
219,9,friendship,27,0.15
219,10,friendship,18,0.15
219,11,friendship,19,0.15
219,12,friendship,20,0.15
219,13,friendship,11,0.15
219,14,friendship,10,0.15
219,15,friendship,7,0.15
219,16,friendship,3,0.15
219,17,friendship,1,0.15
220,2,friendship,1,0.15
220,3,friendship,1,0.15
220,4,friendship,4,0.15
220,5,friendship,3,0.15
220,6,friendship,11,0.15
220,7,friendship,11,0.15
220,8,friendship,13,0.15
220,9,friendship,11,0.15
220,10,friendship,18,0.15
220,11,friendship,7,0.15
220,12,friendship,16,0.15
220,13,friendship,22,0.15
220,14,friendship,17,0.15
220,15,friendship,13,0.15
220,16,friendship,12,0.15
220,17,friendship,5,0.15
220,18,friendship,2,0.15
220,21,friendship,1,0.15
221,1,friendship,2,0.15
221,2,friendship,1,0.15
221,3,friendship,2,0.15
221,4,friendship,3,0.15
221,5,friendship,5,0.15
221,6,friendship,9,0.15
221,7,friendship,9,0.15
221,8,friendship,9,0.15
221,9,friendship,7,0.15
221,10,friendship,12,0.15
221,11,friendship,12,0.15
221,12,friendship,10,0.15
221,13,friendship,16,0.15
221,14,friendship,17,0.15
221,15,friendship,15,0.15
221,16,friendship,9,0.15
221,17,friendship,5,0.15
221,18,friendship,2,0.15
221,20,friendship,1,0.15
222,4,friendship,1,0.15
222,5,friendship,5,0.15
222,6,friendship,12,0.15
222,7,friendship,14,0.15
222,8,friendship,25,0.15
222,9,friendship,18,0.15
222,10,friendship,14,0.15
222,11,friendship,14,0.15
222,12,friendship,19,0.15
222,13,friendship,19,0.15
222,14,friendship,5,0.15
222,15,friendship,8,0.15
222,16,friendship,4,0.15
222,17,friendship,7,0.15
222,18,friendship,2,0.15
222,19,friendship,1,0.15
223,3,friendship,2,0.15
223,4,friendship,5,0.15
223,5,friendship,3,0.15
223,6,friendship,9,0.15
223,7,friendship,18,0.15
223,8,friendship,28,0.15
223,9,friendship,31,0.15
223,10,friendship,30,0.15
223,11,friendship,29,0.15
223,12,friendship,14,0.15
223,13,friendship,4,0.15
223,14,friendship,4,0.15
223,15,friendship,2,0.15
223,16,friendship,1,0.15
224,1,friendship,1,0.15
224,2,friendship,3,0.15
224,3,friendship,9,0.15
224,4,friendship,10,0.15
224,5,friendship,18,0.15
224,6,friendship,23,0.15
224,7,friendship,24,0.15
224,8,friendship,18,0.15
224,9,friendship,18,0.15
224,10,friendship,13,0.15
224,11,friendship,11,0.15
224,12,friendship,3,0.15
224,13,friendship,5,0.15
224,14,friendship,2,0.15
225,3,friendship,1,0.15
225,4,friendship,4,0.15
225,5,friendship,5,0.15
225,6,friendship,3,0.15
225,7,friendship,7,0.15
225,8,friendship,9,0.15
225,9,friendship,17,0.15
225,10,friendship,21,0.15
225,11,friendship,24,0.15
225,12,friendship,31,0.15
225,13,friendship,19,0.15
225,14,friendship,11,0.15
225,15,friendship,8,0.15
225,16,friendship,3,0.15
225,17,friendship,1,0.15
225,18,friendship,2,0.15
226,1,friendship,4,0.15
226,2,friendship,2,0.15
226,3,friendship,11,0.15
226,4,friendship,11,0.15
226,5,friendship,20,0.15
226,6,friendship,18,0.15
226,7,friendship,12,0.15
226,8,friendship,21,0.15
226,9,friendship,18,0.15
226,10,friendship,10,0.15
226,11,friendship,11,0.15
226,12,friendship,9,0.15
226,13,friendship,3,0.15
226,14,friendship,2,0.15
226,15,friendship,4,0.15
226,16,friendship,2,0.15
226,17,friendship,2,0.15
227,3,friendship,3,0.15
227,4,friendship,3,0.15
227,5,friendship,6,0.15
227,6,friendship,5,0.15
227,7,friendship,10,0.15
227,8,friendship,18,0.15
227,9,friendship,29,0.15
227,10,friendship,21,0.15
227,11,friendship,20,0.15
227,12,friendship,11,0.15
227,13,friendship,10,0.15
227,14,friendship,6,0.15
227,15,friendship,8,0.15
227,16,friendship,2,0.15
227,17,friendship,4,0.15
227,18,friendship,3,0.15
227,19,friendship,1,0.15
227,20,friendship,1,0.15
227,21,friendship,1,0.15
228,2,friendship,2,0.15
228,3,friendship,1,0.15
228,4,friendship,4,0.15
228,5,friendship,4,0.15
228,8,friendship,1,0.15
228,9,friendship,5,0.15
228,10,friendship,4,0.15
228,11,friendship,9,0.15
228,12,friendship,12,0.15
228,13,friendship,21,0.15
228,14,friendship,21,0.15
228,15,friendship,11,0.15
228,16,friendship,10,0.15
228,17,friendship,2,0.15
228,18,friendship,4,0.15
228,19,friendship,5,0.15
228,20,friendship,8,0.15
228,21,friendship,6,0.15
228,22,friendship,3,0.15
229,2,friendship,2,0.15
229,3,friendship,3,0.15
229,4,friendship,7,0.15
229,5,friendship,13,0.15
229,6,friendship,13,0.15
229,7,friendship,20,0.15
229,8,friendship,16,0.15
229,9,friendship,16,0.15
229,10,friendship,15,0.15
229,11,friendship,10,0.15
229,12,friendship,20,0.15
229,13,friendship,14,0.15
229,14,friendship,9,0.15
229,15,friendship,4,0.15
229,16,friendship,4,0.15
229,17,friendship,2,0.15
229,18,friendship,1,0.15
230,2,friendship,1,0.15
230,3,friendship,4,0.15
230,4,friendship,4,0.15
230,5,friendship,6,0.15
230,6,friendship,8,0.15
230,7,friendship,6,0.15
230,8,friendship,9,0.15
230,9,friendship,9,0.15
230,10,friendship,22,0.15
230,11,friendship,21,0.15
230,12,friendship,19,0.15
230,13,friendship,17,0.15
230,14,friendship,15,0.15
230,15,friendship,6,0.15
230,16,friendship,2,0.15
230,17,friendship,4,0.15
230,18,friendship,1,0.15
230,19,friendship,1,0.15
230,20,friendship,1,0.15
231,2,friendship,1,0.15
231,3,friendship,2,0.15
231,4,friendship,6,0.15
231,5,friendship,6,0.15
231,6,friendship,6,0.15
231,7,friendship,6,0.15
231,8,friendship,10,0.15
231,9,friendship,8,0.15
231,10,friendship,9,0.15
231,11,friendship,9,0.15
231,12,friendship,13,0.15
231,13,friendship,14,0.15
231,14,friendship,13,0.15
231,15,friendship,18,0.15
231,16,friendship,12,0.15
231,17,friendship,12,0.15
231,18,friendship,8,0.15
231,19,friendship,2,0.15
231,20,friendship,5,0.15
231,22,friendship,1,0.15
232,1,friendship,2,0.15
232,2,friendship,1,0.15
232,3,friendship,6,0.15
232,4,friendship,4,0.15
232,5,friendship,7,0.15
232,6,friendship,13,0.15
232,7,friendship,21,0.15
232,8,friendship,22,0.15
232,9,friendship,22,0.15
232,10,friendship,24,0.15
232,11,friendship,17,0.15
232,12,friendship,12,0.15
232,13,friendship,5,0.15
233,1,friendship,2,0.15
233,3,friendship,4,0.15
233,4,friendship,2,0.15
233,5,friendship,8,0.15
233,6,friendship,10,0.15
233,7,friendship,16,0.15
233,8,friendship,30,0.15
233,9,friendship,31,0.15
233,10,friendship,22,0.15
233,11,friendship,12,0.15
233,12,friendship,12,0.15
233,13,friendship,5,0.15
233,14,friendship,7,0.15
233,15,friendship,7,0.15
233,17,friendship,1,0.15
234,3,friendship,5,0.15
234,4,friendship,5,0.15
234,5,friendship,8,0.15
234,6,friendship,10,0.15
234,7,friendship,25,0.15
234,8,friendship,27,0.15
234,9,friendship,18,0.15
234,10,friendship,22,0.15
234,11,friendship,18,0.15
234,12,friendship,14,0.15
234,13,friendship,4,0.15
234,14,friendship,1,0.15
234,15,friendship,2,0.15
234,16,friendship,1,0.15
234,17,friendship,1,0.15
235,4,friendship,1,0.15
236,1,friendship,1,0.15
236,2,friendship,1,0.15
236,3,friendship,4,0.15
236,4,friendship,7,0.15
236,5,friendship,8,0.15
236,6,friendship,11,0.15
236,7,friendship,14,0.15
236,8,friendship,21,0.15
236,9,friendship,24,0.15
236,10,friendship,24,0.15
236,11,friendship,13,0.15
236,12,friendship,13,0.15
236,13,friendship,8,0.15
236,14,friendship,7,0.15
236,15,friendship,8,0.15
236,16,friendship,1,0.15
237,2,friendship,2,0.15
237,3,friendship,5,0.15
237,4,friendship,9,0.15
237,5,friendship,13,0.15
237,6,friendship,15,0.15
237,7,friendship,26,0.15
237,8,friendship,19,0.15
237,9,friendship,21,0.15
237,10,friendship,19,0.15
237,11,friendship,13,0.15
237,12,friendship,11,0.15
237,13,friendship,11,0.15
237,14,friendship,4,0.15
237,15,friendship,3,0.15
237,17,friendship,1,0.15
237,18,friendship,1,0.15
238,2,friendship,4,0.15
238,3,friendship,5,0.15
238,4,friendship,7,0.15
238,5,friendship,1,0.15
238,6,friendship,13,0.15
238,7,friendship,8,0.15
238,8,friendship,21,0.15
238,9,friendship,15,0.15
238,10,friendship,24,0.15
238,11,friendship,23,0.15
238,12,friendship,15,0.15
238,13,friendship,14,0.15
238,14,friendship,10,0.15
238,15,friendship,4,0.15
238,17,friendship,5,0.15
238,18,friendship,1,0.15
238,19,friendship,1,0.15
239,3,friendship,2,0.15
239,4,friendship,4,0.15
239,5,friendship,5,0.15
239,6,friendship,7,0.15
239,7,friendship,16,0.15
239,8,friendship,10,0.15
239,9,friendship,32,0.15
239,10,friendship,32,0.15
239,11,friendship,24,0.15
239,12,friendship,22,0.15
239,13,friendship,16,0.15
239,14,friendship,5,0.15
240,1,friendship,1,0.15
240,2,friendship,1,0.15
240,3,friendship,8,0.15
240,4,friendship,6,0.15
240,5,friendship,10,0.15
240,6,friendship,12,0.15
240,7,friendship,19,0.15
240,8,friendship,16,0.15
240,9,friendship,25,0.15
240,10,friendship,24,0.15
240,11,friendship,22,0.15
240,12,friendship,9,0.15
240,13,friendship,6,0.15
240,14,friendship,3,0.15
240,15,friendship,2,0.15
240,18,friendship,1,0.15
241,3,friendship,2,0.15
241,4,friendship,1,0.15
241,5,friendship,2,0.15
241,6,friendship,7,0.15
241,7,friendship,7,0.15
241,8,friendship,12,0.15
241,9,friendship,15,0.15
241,10,friendship,32,0.15
241,11,friendship,17,0.15
241,12,friendship,27,0.15
241,13,friendship,12,0.15
241,14,friendship,11,0.15
241,15,friendship,11,0.15
241,16,friendship,1,0.15
241,17,friendship,4,0.15
241,18,friendship,1,0.15
241,19,friendship,1,0.15
241,21,friendship,1,0.15
242,2,friendship,1,0.15
242,4,friendship,1,0.15
242,5,friendship,2,0.15
242,6,friendship,7,0.15
242,7,friendship,12,0.15
242,8,friendship,14,0.15
242,9,friendship,19,0.15
242,10,friendship,20,0.15
242,11,friendship,17,0.15
242,12,friendship,18,0.15
242,13,friendship,19,0.15
242,14,friendship,9,0.15
242,15,friendship,15,0.15
242,16,friendship,2,0.15
242,17,friendship,2,0.15
242,18,friendship,1,0.15
242,19,friendship,1,0.15
243,1,friendship,1,0.15
243,2,friendship,1,0.15
243,3,friendship,1,0.15
243,5,friendship,1,0.15
243,6,friendship,4,0.15
243,7,friendship,2,0.15
243,8,friendship,5,0.15
243,9,friendship,6,0.15
243,10,friendship,9,0.15
243,11,friendship,8,0.15
243,12,friendship,9,0.15
243,13,friendship,9,0.15
243,14,friendship,12,0.15
243,15,friendship,12,0.15
243,16,friendship,10,0.15
243,17,friendship,8,0.15
243,18,friendship,10,0.15
243,19,friendship,14,0.15
243,20,friendship,11,0.15
243,21,friendship,8,0.15
243,22,friendship,4,0.15
244,1,friendship,2,0.15
244,2,friendship,2,0.15
244,3,friendship,7,0.15
244,4,friendship,9,0.15
244,5,friendship,5,0.15
244,6,friendship,9,0.15
244,7,friendship,8,0.15
244,8,friendship,8,0.15
244,9,friendship,4,0.15
244,10,friendship,8,0.15
244,11,friendship,16,0.15
244,12,friendship,14,0.15
244,13,friendship,19,0.15
244,14,friendship,26,0.15
244,15,friendship,15,0.15
244,16,friendship,4,0.15
244,17,friendship,6,0.15
244,18,friendship,5,0.15
244,19,friendship,1,0.15
244,20,friendship,1,0.15
245,2,friendship,1,0.15
245,3,friendship,5,0.15
245,4,friendship,2,0.15
245,5,friendship,3,0.15
245,6,friendship,7,0.15
245,7,friendship,4,0.15
245,8,friendship,15,0.15
245,9,friendship,21,0.15
245,10,friendship,16,0.15
245,11,friendship,11,0.15
245,12,friendship,8,0.15
245,13,friendship,10,0.15
245,14,friendship,9,0.15
245,15,friendship,12,0.15
245,16,friendship,7,0.15
245,17,friendship,6,0.15
245,18,friendship,3,0.15
245,19,friendship,4,0.15
245,20,friendship,3,0.15
245,21,friendship,2,0.15
245,22,friendship,1,0.15
246,2,friendship,1,0.15
246,3,friendship,4,0.15
246,4,friendship,5,0.15
246,5,friendship,5,0.15
246,6,friendship,13,0.15
246,7,friendship,7,0.15
246,8,friendship,16,0.15
246,9,friendship,24,0.15
246,10,friendship,22,0.15
246,11,friendship,15,0.15
246,12,friendship,19,0.15
246,13,friendship,6,0.15
246,14,friendship,9,0.15
246,15,friendship,1,0.15
246,16,friendship,3,0.15
246,17,friendship,1,0.15
247,3,friendship,3,0.15
247,4,friendship,2,0.15
247,5,friendship,3,0.15
247,6,friendship,3,0.15
247,7,friendship,4,0.15
247,8,friendship,9,0.15
247,9,friendship,9,0.15
247,10,friendship,23,0.15
247,11,friendship,27,0.15
247,12,friendship,26,0.15
247,13,friendship,19,0.15
247,14,friendship,16,0.15
247,15,friendship,6,0.15
247,16,friendship,8,0.15
247,17,friendship,4,0.15
247,18,friendship,6,0.15
247,19,friendship,1,0.15
248,1,friendship,1,0.15
248,2,friendship,1,0.15
248,3,friendship,1,0.15
248,4,friendship,8,0.15
248,5,friendship,5,0.15
248,6,friendship,8,0.15
248,7,friendship,7,0.15
248,8,friendship,8,0.15
248,9,friendship,9,0.15
248,10,friendship,6,0.15
248,11,friendship,13,0.15
248,12,friendship,20,0.15
248,13,friendship,17,0.15
248,14,friendship,22,0.15
248,15,friendship,19,0.15
248,16,friendship,10,0.15
248,17,friendship,4,0.15
248,18,friendship,3,0.15
248,20,friendship,1,0.15
249,3,friendship,2,0.15
249,4,friendship,11,0.15
249,5,friendship,5,0.15
249,6,friendship,14,0.15
249,7,friendship,9,0.15
249,8,friendship,15,0.15
249,9,friendship,32,0.15
249,10,friendship,16,0.15
249,11,friendship,7,0.15
249,12,friendship,8,0.15
249,13,friendship,4,0.15
249,14,friendship,6,0.15
249,15,friendship,1,0.15
249,16,friendship,3,0.15
249,17,friendship,1,0.15
249,18,friendship,1,0.15
249,20,friendship,4,0.15
250,3,friendship,1,0.15
250,4,friendship,6,0.15
250,5,friendship,9,0.15
250,6,friendship,7,0.15
250,7,friendship,20,0.15
250,8,friendship,15,0.15
250,9,friendship,19,0.15
250,10,friendship,26,0.15
250,11,friendship,15,0.15
250,12,friendship,15,0.15
250,13,friendship,11,0.15
250,14,friendship,7,0.15
250,15,friendship,5,0.15
250,16,friendship,1,0.15
250,17,friendship,4,0.15
250,18,friendship,1,0.15
250,19,friendship,2,0.15
251,1,friendship,3,0.15
251,2,friendship,2,0.15
251,3,friendship,7,0.15
251,4,friendship,22,0.15
251,5,friendship,6,0.15
251,6,friendship,12,0.15
251,7,friendship,16,0.15
251,8,friendship,16,0.15
251,9,friendship,11,0.15
251,10,friendship,22,0.15
251,11,friendship,18,0.15
251,12,friendship,8,0.15
251,13,friendship,9,0.15
251,14,friendship,4,0.15
251,15,friendship,1,0.15
251,16,friendship,1,0.15
252,1,friendship,2,0.15
252,2,friendship,1,0.15
252,3,friendship,6,0.15
252,4,friendship,11,0.15
252,5,friendship,10,0.15
252,6,friendship,15,0.15
252,7,friendship,15,0.15
252,8,friendship,10,0.15
252,9,friendship,7,0.15
252,10,friendship,28,0.15
252,11,friendship,19,0.15
252,12,friendship,10,0.15
252,13,friendship,9,0.15
252,14,friendship,11,0.15
252,15,friendship,1,0.15
252,16,friendship,3,0.15
252,17,friendship,2,0.15
252,18,friendship,1,0.15
252,20,friendship,1,0.15
253,3,friendship,1,0.15
253,4,friendship,4,0.15
253,5,friendship,1,0.15
253,6,friendship,2,0.15
253,7,friendship,4,0.15
253,8,friendship,2,0.15
253,10,friendship,3,0.15
253,11,friendship,4,0.15
253,12,friendship,6,0.15
253,13,friendship,7,0.15
253,14,friendship,7,0.15
253,15,friendship,4,0.15
253,16,friendship,10,0.15
253,17,friendship,16,0.15
253,18,friendship,10,0.15
253,19,friendship,27,0.15
253,20,friendship,14,0.15
253,21,friendship,12,0.15
253,22,friendship,4,0.15
254,3,friendship,2,0.15
254,4,friendship,6,0.15
254,5,friendship,9,0.15
254,6,friendship,15,0.15
254,7,friendship,11,0.15
254,8,friendship,16,0.15
254,9,friendship,10,0.15
254,10,friendship,15,0.15
254,11,friendship,10,0.15
254,12,friendship,10,0.15
254,13,friendship,16,0.15
254,14,friendship,11,0.15
254,15,friendship,15,0.15
254,16,friendship,9,0.15
254,17,friendship,3,0.15
254,18,friendship,2,0.15
254,19,friendship,3,0.15
254,20,friendship,3,0.15
255,1,friendship,2,0.15
255,2,friendship,4,0.15
255,3,friendship,7,0.15
255,4,friendship,12,0.15
255,5,friendship,6,0.15
255,6,friendship,15,0.15
255,7,friendship,18,0.15
255,8,friendship,14,0.15
255,9,friendship,11,0.15
255,10,friendship,4,0.15
255,11,friendship,4,0.15
255,12,friendship,12,0.15
255,13,friendship,9,0.15
255,14,friendship,10,0.15
255,15,friendship,14,0.15
255,16,friendship,12,0.15
255,17,friendship,3,0.15
255,18,friendship,6,0.15
255,19,friendship,1,0.15
255,20,friendship,1,0.15
255,21,friendship,2,0.15
256,4,friendship,3,0.15
256,7,friendship,4,0.15
256,8,friendship,7,0.15
256,9,friendship,7,0.15
256,10,friendship,13,0.15
256,11,friendship,21,0.15
256,12,friendship,16,0.15
256,13,friendship,18,0.15
256,14,friendship,17,0.15
256,15,friendship,18,0.15
256,16,friendship,8,0.15
256,17,friendship,8,0.15
256,18,friendship,3,0.15
256,19,friendship,2,0.15
256,20,friendship,1,0.15
256,21,friendship,1,0.15
257,3,friendship,1,0.15
257,6,friendship,3,0.15
257,7,friendship,5,0.15
257,8,friendship,5,0.15
257,9,friendship,14,0.15
257,10,friendship,14,0.15
257,11,friendship,18,0.15
257,12,friendship,25,0.15
257,13,friendship,34,0.15
257,14,friendship,20,0.15
257,15,friendship,10,0.15
257,16,friendship,8,0.15
257,17,friendship,3,0.15
258,3,friendship,2,0.15
258,4,friendship,3,0.15
258,5,friendship,6,0.15
258,6,friendship,17,0.15
258,7,friendship,17,0.15
258,8,friendship,26,0.15
258,9,friendship,32,0.15
258,10,friendship,31,0.15
258,11,friendship,21,0.15
258,12,friendship,9,0.15
258,13,friendship,5,0.15
258,14,friendship,3,0.15
258,15,friendship,1,0.15
259,2,friendship,1,0.15
259,3,friendship,5,0.15
259,4,friendship,11,0.15
259,5,friendship,17,0.15
259,6,friendship,9,0.15
259,7,friendship,14,0.15
259,8,friendship,15,0.15
259,9,friendship,16,0.15
259,10,friendship,6,0.15
259,11,friendship,12,0.15
259,12,friendship,5,0.15
259,13,friendship,4,0.15
259,14,friendship,4,0.15
259,15,friendship,1,0.15
259,16,friendship,7,0.15
259,17,friendship,4,0.15
259,18,friendship,6,0.15
259,19,friendship,8,0.15
259,20,friendship,2,0.15
259,21,friendship,1,0.15
260,2,friendship,1,0.15
260,3,friendship,3,0.15
260,4,friendship,7,0.15
260,5,friendship,14,0.15
260,6,friendship,23,0.15
260,7,friendship,28,0.15
260,8,friendship,20,0.15
260,9,friendship,16,0.15
260,10,friendship,9,0.15
260,11,friendship,4,0.15
260,12,friendship,4,0.15
260,13,friendship,8,0.15
260,14,friendship,5,0.15
260,15,friendship,3,0.15
260,16,friendship,3,0.15
260,17,friendship,9,0.15
260,18,friendship,2,0.15
260,19,friendship,3,0.15
260,20,friendship,3,0.15
260,21,friendship,1,0.15
261,4,friendship,1,0.15
261,5,friendship,1,0.15
261,6,friendship,6,0.15
261,7,friendship,8,0.15
261,8,friendship,9,0.15
261,9,friendship,14,0.15
261,10,friendship,19,0.15
261,11,friendship,19,0.15
261,12,friendship,16,0.15
261,13,friendship,25,0.15
261,14,friendship,13,0.15
261,15,friendship,8,0.15
261,16,friendship,4,0.15
261,17,friendship,3,0.15
261,18,friendship,5,0.15
261,19,friendship,3,0.15
261,20,friendship,1,0.15
261,21,friendship,1,0.15
262,2,friendship,1,0.15
262,3,friendship,4,0.15
262,4,friendship,2,0.15
262,5,friendship,2,0.15
262,6,friendship,5,0.15
262,7,friendship,7,0.15
262,8,friendship,9,0.15
262,9,friendship,12,0.15
262,10,friendship,16,0.15
262,11,friendship,14,0.15
262,12,friendship,16,0.15
262,13,friendship,12,0.15
262,14,friendship,17,0.15
262,15,friendship,16,0.15
262,16,friendship,15,0.15
262,17,friendship,9,0.15
262,18,friendship,3,0.15
262,19,friendship,2,0.15
262,21,friendship,1,0.15
263,2,friendship,1,0.15
263,3,friendship,2,0.15
263,4,friendship,3,0.15
263,5,friendship,4,0.15
263,6,friendship,2,0.15
263,7,friendship,3,0.15
263,8,friendship,5,0.15
263,9,friendship,7,0.15
263,10,friendship,6,0.15
263,11,friendship,12,0.15
263,12,friendship,9,0.15
263,13,friendship,11,0.15
263,14,friendship,15,0.15
263,15,friendship,6,0.15
263,16,friendship,13,0.15
263,17,friendship,11,0.15
263,18,friendship,10,0.15
263,19,friendship,7,0.15
263,20,friendship,11,0.15
263,21,friendship,4,0.15
264,1,friendship,1,0.15
264,2,friendship,2,0.15
264,3,friendship,8,0.15
264,4,friendship,12,0.15
264,5,friendship,17,0.15
264,6,friendship,16,0.15
264,7,friendship,26,0.15
264,8,friendship,20,0.15
264,9,friendship,18,0.15
264,10,friendship,14,0.15
264,11,friendship,10,0.15
264,12,friendship,8,0.15
264,13,friendship,1,0.15
264,14,friendship,3,0.15
264,15,friendship,1,0.15
264,16,friendship,2,0.15
264,17,friendship,2,0.15
264,18,friendship,1,0.15
265,2,friendship,3,0.15
265,3,friendship,5,0.15
265,4,friendship,9,0.15
265,5,friendship,20,0.15
265,6,friendship,21,0.15
265,7,friendship,19,0.15
265,8,friendship,13,0.15
265,9,friendship,15,0.15
265,10,friendship,14,0.15
265,11,friendship,9,0.15
265,12,friendship,8,0.15
265,13,friendship,7,0.15
265,14,friendship,5,0.15
265,15,friendship,6,0.15
265,16,friendship,2,0.15
265,17,friendship,2,0.15
265,18,friendship,2,0.15
265,19,friendship,1,0.15
265,20,friendship,1,0.15
266,1,friendship,2,0.15
266,2,friendship,1,0.15
266,3,friendship,10,0.15
266,4,friendship,8,0.15
266,5,friendship,13,0.15
266,6,friendship,13,0.15
266,7,friendship,17,0.15
266,8,friendship,21,0.15
266,9,friendship,32,0.15
266,10,friendship,16,0.15
266,11,friendship,18,0.15
266,12,friendship,9,0.15
266,13,friendship,6,0.15
266,14,friendship,3,0.15
266,15,friendship,1,0.15
266,16,friendship,2,0.15
266,17,friendship,2,0.15
267,1,friendship,2,0.15
267,2,friendship,2,0.15
267,3,friendship,2,0.15
267,4,friendship,8,0.15
267,5,friendship,8,0.15
267,6,friendship,10,0.15
267,7,friendship,16,0.15
267,8,friendship,15,0.15
267,9,friendship,18,0.15
267,10,friendship,14,0.15
267,11,friendship,20,0.15
267,12,friendship,18,0.15
267,13,friendship,7,0.15
267,14,friendship,2,0.15
267,15,friendship,1,0.15
268,2,friendship,3,0.15
268,3,friendship,2,0.15
268,4,friendship,6,0.15
268,5,friendship,9,0.15
268,7,friendship,12,0.15
268,8,friendship,7,0.15
268,9,friendship,18,0.15
268,10,friendship,22,0.15
268,11,friendship,16,0.15
268,12,friendship,24,0.15
268,13,friendship,20,0.15
268,14,friendship,10,0.15
268,15,friendship,14,0.15
268,16,friendship,5,0.15
268,17,friendship,2,0.15
268,19,friendship,1,0.15
268,20,friendship,1,0.15
269,1,friendship,1,0.15
269,2,friendship,2,0.15
269,3,friendship,5,0.15
269,4,friendship,14,0.15
269,5,friendship,15,0.15
269,6,friendship,25,0.15
269,7,friendship,13,0.15
269,8,friendship,31,0.15
269,9,friendship,17,0.15
269,10,friendship,18,0.15
269,11,friendship,8,0.15
269,12,friendship,9,0.15
269,13,friendship,3,0.15
269,14,friendship,4,0.15
269,15,friendship,3,0.15
269,16,friendship,2,0.15
270,1,friendship,1,0.15
270,2,friendship,4,0.15
270,3,friendship,9,0.15
270,4,friendship,13,0.15
270,5,friendship,15,0.15
270,6,friendship,15,0.15
270,7,friendship,18,0.15
270,8,friendship,25,0.15
270,9,friendship,29,0.15
270,10,friendship,25,0.15
270,11,friendship,10,0.15
270,12,friendship,9,0.15
270,13,friendship,5,0.15
270,14,friendship,1,0.15
271,2,friendship,1,0.15
271,3,friendship,7,0.15
271,4,friendship,9,0.15
271,5,friendship,11,0.15
271,6,friendship,24,0.15
271,7,friendship,25,0.15
271,8,friendship,25,0.15
271,9,friendship,20,0.15
271,10,friendship,14,0.15
271,11,friendship,11,0.15
271,12,friendship,7,0.15
271,13,friendship,6,0.15
271,14,friendship,1,0.15
271,15,friendship,1,0.15
271,16,friendship,1,0.15
271,17,friendship,2,0.15
272,2,friendship,2,0.15
272,3,friendship,7,0.15
272,4,friendship,4,0.15
272,5,friendship,2,0.15
272,6,friendship,8,0.15
272,7,friendship,17,0.15
272,8,friendship,28,0.15
272,9,friendship,19,0.15
272,10,friendship,16,0.15
272,11,friendship,14,0.15
272,12,friendship,8,0.15
272,13,friendship,11,0.15
272,14,friendship,4,0.15
272,15,friendship,9,0.15
272,17,friendship,3,0.15
273,3,friendship,1,0.15
273,4,friendship,1,0.15
273,5,friendship,2,0.15
273,7,friendship,1,0.15
273,8,friendship,1,0.15
273,9,friendship,2,0.15
273,10,friendship,1,0.15
273,11,friendship,5,0.15
273,12,friendship,4,0.15
273,13,friendship,5,0.15
273,14,friendship,7,0.15
273,15,friendship,9,0.15
273,16,friendship,12,0.15
273,17,friendship,16,0.15
273,18,friendship,19,0.15
273,19,friendship,11,0.15
273,20,friendship,15,0.15
273,21,friendship,9,0.15
273,22,friendship,2,0.15
274,1,friendship,1,0.15
274,2,friendship,3,0.15
274,3,friendship,3,0.15
274,4,friendship,8,0.15
274,5,friendship,10,0.15
274,6,friendship,19,0.15
274,7,friendship,27,0.15
274,8,friendship,13,0.15
274,9,friendship,11,0.15
274,10,friendship,22,0.15
274,11,friendship,15,0.15
274,12,friendship,11,0.15
274,13,friendship,9,0.15
274,14,friendship,4,0.15
274,15,friendship,5,0.15
274,17,friendship,2,0.15
275,2,friendship,2,0.15
275,3,friendship,2,0.15
275,4,friendship,4,0.15
275,5,friendship,11,0.15
275,6,friendship,2,0.15
275,7,friendship,16,0.15
275,8,friendship,15,0.15
275,9,friendship,13,0.15
275,10,friendship,16,0.15
275,11,friendship,12,0.15
275,12,friendship,19,0.15
275,13,friendship,6,0.15
275,14,friendship,8,0.15
275,15,friendship,11,0.15
275,16,friendship,7,0.15
275,17,friendship,5,0.15
275,18,friendship,8,0.15
275,19,friendship,2,0.15
275,20,friendship,1,0.15
275,21,friendship,1,0.15
276,3,friendship,1,0.15
276,4,friendship,5,0.15
276,5,friendship,5,0.15
276,6,friendship,8,0.15
276,7,friendship,16,0.15
276,8,friendship,18,0.15
276,9,friendship,15,0.15
276,10,friendship,17,0.15
276,11,friendship,24,0.15
276,12,friendship,14,0.15
276,13,friendship,17,0.15
276,14,friendship,9,0.15
276,15,friendship,7,0.15
276,16,friendship,3,0.15
276,17,friendship,1,0.15
276,18,friendship,1,0.15
276,19,friendship,1,0.15
276,20,friendship,1,0.15
277,1,friendship,2,0.15
277,3,friendship,6,0.15
277,4,friendship,8,0.15
277,5,friendship,8,0.15
277,6,friendship,20,0.15
277,7,friendship,26,0.15
277,8,friendship,23,0.15
277,9,friendship,25,0.15
277,10,friendship,17,0.15
277,11,friendship,9,0.15
277,12,friendship,10,0.15
277,13,friendship,5,0.15
277,14,friendship,3,0.15
277,15,friendship,1,0.15
278,4,friendship,1,0.15
278,6,friendship,2,0.15
278,7,friendship,4,0.15
278,8,friendship,5,0.15
278,9,friendship,8,0.15
278,10,friendship,5,0.15
278,11,friendship,13,0.15
278,12,friendship,23,0.15
278,13,friendship,28,0.15
278,14,friendship,30,0.15
278,15,friendship,20,0.15
278,16,friendship,14,0.15
278,17,friendship,8,0.15
278,18,friendship,1,0.15
279,3,friendship,3,0.15
279,4,friendship,8,0.15
279,5,friendship,7,0.15
279,6,friendship,14,0.15
279,7,friendship,16,0.15
279,8,friendship,15,0.15
279,9,friendship,16,0.15
279,10,friendship,16,0.15
279,11,friendship,13,0.15
279,12,friendship,12,0.15
279,13,friendship,11,0.15
279,14,friendship,9,0.15
279,15,friendship,3,0.15
279,16,friendship,2,0.15
279,17,friendship,4,0.15
279,18,friendship,5,0.15
279,19,friendship,10,0.15
279,20,friendship,3,0.15
279,21,friendship,2,0.15
279,22,friendship,1,0.15
280,3,friendship,3,0.15
280,4,friendship,9,0.15
280,5,friendship,5,0.15
280,6,friendship,11,0.15
280,7,friendship,12,0.15
280,8,friendship,20,0.15
280,9,friendship,24,0.15
280,10,friendship,30,0.15
280,11,friendship,22,0.15
280,12,friendship,16,0.15
280,13,friendship,12,0.15
280,14,friendship,3,0.15
280,15,friendship,7,0.15
280,16,friendship,1,0.15
280,17,friendship,1,0.15
281,4,friendship,1,0.15
281,5,friendship,2,0.15
281,6,friendship,3,0.15
281,7,friendship,4,0.15
281,8,friendship,8,0.15
281,9,friendship,15,0.15
281,10,friendship,17,0.15
281,11,friendship,14,0.15
281,12,friendship,20,0.15
281,13,friendship,7,0.15
281,14,friendship,10,0.15
281,15,friendship,8,0.15
281,16,friendship,8,0.15
281,17,friendship,13,0.15
281,18,friendship,11,0.15
281,19,friendship,9,0.15
281,20,friendship,6,0.15
281,21,friendship,4,0.15
281,22,friendship,2,0.15
282,1,friendship,1,0.15
282,2,friendship,3,0.15
282,3,friendship,6,0.15
282,4,friendship,12,0.15
282,5,friendship,15,0.15
282,6,friendship,21,0.15
282,7,friendship,29,0.15
282,8,friendship,33,0.15
282,9,friendship,22,0.15
282,10,friendship,13,0.15
282,11,friendship,6,0.15
282,12,friendship,4,0.15
282,13,friendship,1,0.15
283,3,friendship,3,0.15
283,4,friendship,5,0.15
283,5,friendship,4,0.15
283,6,friendship,1,0.15
283,7,friendship,8,0.15
283,8,friendship,11,0.15
283,9,friendship,13,0.15
283,10,friendship,17,0.15
283,11,friendship,18,0.15
283,12,friendship,16,0.15
283,13,friendship,15,0.15
283,14,friendship,18,0.15
283,15,friendship,14,0.15
283,16,friendship,8,0.15
283,17,friendship,4,0.15
283,18,friendship,8,0.15
283,19,friendship,5,0.15
283,20,friendship,5,0.15
283,21,friendship,2,0.15
284,1,friendship,1,0.15
284,2,friendship,1,0.15
284,3,friendship,5,0.15
284,4,friendship,6,0.15
284,5,friendship,8,0.15
284,6,friendship,11,0.15
284,7,friendship,14,0.15
284,8,friendship,16,0.15
284,9,friendship,16,0.15
284,10,friendship,22,0.15
284,11,friendship,10,0.15
284,12,friendship,6,0.15
284,13,friendship,7,0.15
284,14,friendship,13,0.15
284,15,friendship,7,0.15
284,16,friendship,4,0.15
284,17,friendship,3,0.15
284,18,friendship,3,0.15
285,2,friendship,3,0.15
285,3,friendship,1,0.15
285,4,friendship,5,0.15
285,5,friendship,7,0.15
285,6,friendship,4,0.15
285,7,friendship,3,0.15
285,8,friendship,8,0.15
285,9,friendship,7,0.15
285,10,friendship,14,0.15
285,11,friendship,13,0.15
285,12,friendship,29,0.15
285,13,friendship,21,0.15
285,14,friendship,21,0.15
285,15,friendship,14,0.15
285,16,friendship,9,0.15
285,17,friendship,6,0.15
285,18,friendship,3,0.15
285,19,friendship,1,0.15
286,1,friendship,1,0.15
286,2,friendship,3,0.15
286,3,friendship,6,0.15
286,4,friendship,6,0.15
286,5,friendship,12,0.15
286,6,friendship,16,0.15
286,7,friendship,14,0.15
286,8,friendship,13,0.15
286,9,friendship,10,0.15
286,10,friendship,8,0.15
286,11,friendship,7,0.15
286,12,friendship,19,0.15
286,13,friendship,11,0.15
286,14,friendship,6,0.15
286,15,friendship,3,0.15
286,16,friendship,5,0.15
286,17,friendship,4,0.15
286,18,friendship,5,0.15
286,19,friendship,1,0.15
286,20,friendship,3,0.15
286,21,friendship,1,0.15
287,3,friendship,1,0.15
287,4,friendship,2,0.15
287,5,friendship,4,0.15
287,6,friendship,1,0.15
287,7,friendship,7,0.15
287,8,friendship,10,0.15
287,9,friendship,14,0.15
287,10,friendship,9,0.15
287,11,friendship,16,0.15
287,12,friendship,29,0.15
287,13,friendship,18,0.15
287,14,friendship,14,0.15
287,15,friendship,21,0.15
287,16,friendship,15,0.15
287,17,friendship,6,0.15
287,18,friendship,8,0.15
287,19,friendship,5,0.15
287,20,friendship,2,0.15
287,21,friendship,2,0.15
287,22,friendship,2,0.15
288,2,friendship,1,0.15
288,4,friendship,4,0.15
288,5,friendship,2,0.15
288,6,friendship,1,0.15
288,7,friendship,2,0.15
288,8,friendship,1,0.15
288,10,friendship,2,0.15
288,11,friendship,3,0.15
288,12,friendship,4,0.15
288,13,friendship,6,0.15
288,14,friendship,5,0.15
288,15,friendship,9,0.15
288,16,friendship,11,0.15
288,17,friendship,9,0.15
288,18,friendship,11,0.15
288,19,friendship,17,0.15
288,20,friendship,28,0.15
288,21,friendship,4,0.15
288,22,friendship,2,0.15
289,1,friendship,1,0.15
289,2,friendship,1,0.15
289,3,friendship,3,0.15
289,4,friendship,5,0.15
289,5,friendship,10,0.15
289,6,friendship,4,0.15
289,7,friendship,7,0.15
289,8,friendship,8,0.15
289,9,friendship,10,0.15
289,10,friendship,12,0.15
289,11,friendship,13,0.15
289,12,friendship,17,0.15
289,13,friendship,11,0.15
289,14,friendship,18,0.15
289,15,friendship,9,0.15
289,16,friendship,12,0.15
289,17,friendship,6,0.15
289,18,friendship,5,0.15
289,19,friendship,1,0.15
289,20,friendship,1,0.15
289,21,friendship,1,0.15
290,2,friendship,1,0.15
290,3,friendship,3,0.15
290,4,friendship,9,0.15
290,5,friendship,7,0.15
290,6,friendship,14,0.15
290,7,friendship,22,0.15
290,8,friendship,31,0.15
290,9,friendship,26,0.15
290,10,friendship,31,0.15
290,11,friendship,8,0.15
290,12,friendship,10,0.15
290,13,friendship,9,0.15
290,14,friendship,3,0.15
290,15,friendship,1,0.15
291,1,friendship,1,0.15
291,2,friendship,2,0.15
291,3,friendship,8,0.15
291,4,friendship,9,0.15
291,5,friendship,12,0.15
291,6,friendship,24,0.15
291,7,friendship,28,0.15
291,8,friendship,12,0.15
291,9,friendship,27,0.15
291,10,friendship,14,0.15
291,11,friendship,15,0.15
291,12,friendship,5,0.15
291,13,friendship,5,0.15
291,14,friendship,1,0.15
291,15,friendship,3,0.15
291,16,friendship,2,0.15
291,17,friendship,1,0.15
291,18,friendship,1,0.15
291,19,friendship,2,0.15
292,1,friendship,1,0.15
292,2,friendship,3,0.15
292,3,friendship,5,0.15
292,4,friendship,7,0.15
292,5,friendship,13,0.15
292,6,friendship,20,0.15
292,7,friendship,24,0.15
292,8,friendship,29,0.15
292,9,friendship,29,0.15
292,10,friendship,16,0.15
292,11,friendship,7,0.15
292,12,friendship,10,0.15
292,13,friendship,5,0.15
292,14,friendship,1,0.15
293,2,friendship,1,0.15
293,3,friendship,2,0.15
293,4,friendship,5,0.15
293,5,friendship,2,0.15
293,6,friendship,8,0.15
293,7,friendship,8,0.15
293,8,friendship,16,0.15
293,9,friendship,19,0.15
293,10,friendship,31,0.15
293,11,friendship,23,0.15
293,12,friendship,15,0.15
293,13,friendship,8,0.15
293,14,friendship,5,0.15
293,15,friendship,4,0.15
293,16,friendship,2,0.15
293,17,friendship,4,0.15
293,18,friendship,2,0.15
293,19,friendship,1,0.15
294,1,friendship,1,0.15
294,2,friendship,1,0.15
294,3,friendship,13,0.15
294,4,friendship,10,0.15
294,5,friendship,20,0.15
294,6,friendship,21,0.15
294,7,friendship,23,0.15
294,8,friendship,22,0.15
294,9,friendship,15,0.15
294,10,friendship,18,0.15
294,11,friendship,7,0.15
294,12,friendship,2,0.15
294,13,friendship,4,0.15
294,14,friendship,4,0.15
294,15,friendship,3,0.15
294,17,friendship,2,0.15
294,18,friendship,3,0.15
295,2,friendship,1,0.15
295,3,friendship,3,0.15
295,4,friendship,4,0.15
295,5,friendship,7,0.15
295,6,friendship,8,0.15
295,7,friendship,9,0.15
295,8,friendship,8,0.15
295,9,friendship,12,0.15
295,10,friendship,10,0.15
295,11,friendship,5,0.15
295,12,friendship,8,0.15
295,13,friendship,13,0.15
295,14,friendship,15,0.15
295,15,friendship,21,0.15
295,16,friendship,16,0.15
295,17,friendship,9,0.15
295,18,friendship,4,0.15
295,19,friendship,2,0.15
295,20,friendship,1,0.15
295,21,friendship,1,0.15
296,1,friendship,1,0.15
296,2,friendship,3,0.15
296,3,friendship,5,0.15
296,4,friendship,14,0.15
296,5,friendship,10,0.15
296,6,friendship,14,0.15
296,7,friendship,17,0.15
296,8,friendship,9,0.15
296,9,friendship,22,0.15
296,10,friendship,14,0.15
296,11,friendship,12,0.15
296,12,friendship,9,0.15
296,13,friendship,4,0.15
296,14,friendship,6,0.15
296,15,friendship,1,0.15
296,16,friendship,1,0.15
297,2,friendship,5,0.15
297,3,friendship,11,0.15
297,4,friendship,19,0.15
297,5,friendship,14,0.15
297,6,friendship,15,0.15
297,7,friendship,24,0.15
297,8,friendship,18,0.15
297,9,friendship,20,0.15
297,10,friendship,6,0.15
297,11,friendship,6,0.15
297,12,friendship,5,0.15
297,13,friendship,4,0.15
297,14,friendship,4,0.15
297,15,friendship,3,0.15
297,16,friendship,2,0.15
297,17,friendship,1,0.15
297,19,friendship,1,0.15
298,1,friendship,1,0.15
298,2,friendship,1,0.15
298,3,friendship,2,0.15
298,4,friendship,4,0.15
298,5,friendship,2,0.15
298,7,friendship,9,0.15
298,8,friendship,11,0.15
298,9,friendship,12,0.15
298,10,friendship,15,0.15
298,11,friendship,21,0.15
298,12,friendship,14,0.15
298,13,friendship,16,0.15
298,14,friendship,7,0.15
298,15,friendship,11,0.15
298,16,friendship,4,0.15
298,17,friendship,7,0.15
298,18,friendship,5,0.15
298,19,friendship,3,0.15
298,21,friendship,1,0.15
298,22,friendship,1,0.15
299,2,friendship,3,0.15
299,3,friendship,9,0.15
299,4,friendship,10,0.15
299,5,friendship,18,0.15
299,6,friendship,14,0.15
299,7,friendship,22,0.15
299,8,friendship,17,0.15
299,9,friendship,24,0.15
299,10,friendship,15,0.15
299,11,friendship,10,0.15
299,12,friendship,8,0.15
299,13,friendship,4,0.15
299,14,friendship,2,0.15
